DELETE FROM INCIDENCEDEFINITION WHERE INCIDENCECODE = 'BRL001' AND PROCESSNAME IS NULL AND PARTYSERVICEASSOCIATIONCODE IS NULL;
INSERT INTO INCIDENCEDEFINITION(INCIDENCECODE, DESCRIPTION, INCIDENCERESOLUTION, SEVERITY, INCIDENCEORIGIN, CANCLIENTSETPREFERENCE, OPSSEVERITYPREFERENCE, CLIENTSEVERITYPREFERENCE, REPAIRANDMANUALINPUT, PROCESSSTATUS, INCIDENCETYPE, WORKFLOWCODE, INCIDENCEDEFINITION_PK, PROCESSNAME, PARTYSERVICEASSOCIATIONCODE, STATUS, EFFECTIVEFROMDATE, EFFECTIVETILLDATE)VALUES('BRL001', 'Issue fired by businessrule ${msg}', 'Check the payment', 'High', 'User', NULL, NULL, NULL, NULL, 'REPAIR', 'ISSUE', 'PAYMENT',SYS_GUID(), NULL, NULL, 'ACTIVE', TO_DATE('2017-10-12','YYYY-MM-DD'), NULL);

DELETE FROM INCIDENCEMASTER WHERE INCIDENCECODE = 'BRL001';
INSERT INTO INCIDENCEMASTER(INCIDENCECODE, WORKFLOWCODE, ALLOWEDPROCESSSTATUS, ALLOWEDPARAMETER, ALLOWSTP) VALUES('BRL001', 'PAYMENT', 'REPAIR', NULL, 0);

UPDATE RESOURCEMASTER SET RESOURCEGROUPNAME = 'System Monitoring' WHERE RESOURCEID IN ('074','066');

UPDATE INCIDENCEDEFINITION SET PROCESSNAME = NULL, PARTYSERVICEASSOCIATIONCODE = NULL WHERE INCIDENCECODE = 'CONFH013';

DELETE FROM RESTRESOURCES WHERE "PATH" = '/v2/transports/resend/{uniquereferenceid}' AND METHOD = 'POST';
INSERT INTO RESTRESOURCES(RESTRESOURCES_PK, "METHOD", APPLICATION, "PATH", RESOURCEID, OPERATION, DESCRIPTION) VALUES((SELECT max(CAST(RESTRESOURCES_PK AS INTEGER)) + 1 AS RESTRESOURCES_PK FROM RESTRESOURCES), 'POST', 'VolPayHub', '/v2/transports/resend/{uniquereferenceid}', '024', 'U', 'API to resend the Distributed Instruction');

DELETE FROM RESTRESOURCES WHERE "PATH" = '/v2/transports/readhostaddress' AND METHOD = 'GET';
INSERT INTO RESTRESOURCES(RESTRESOURCES_PK, "METHOD", APPLICATION, "PATH", RESOURCEID, OPERATION, DESCRIPTION) VALUES((SELECT max(CAST(RESTRESOURCES_PK AS INTEGER)) + 1 AS RESTRESOURCES_PK FROM RESTRESOURCES), 'GET', 'VolPayHub', '/v2/transports/readhostaddress', '024', 'R', 'API to read the Host Addressess from Route Registry');

DELETE FROM RESTRESOURCES WHERE "PATH" = '/v2/transports/readapplicationname' AND METHOD = 'GET';
INSERT INTO RESTRESOURCES(RESTRESOURCES_PK, "METHOD", APPLICATION, "PATH", RESOURCEID, OPERATION, DESCRIPTION) VALUES((SELECT max(CAST(RESTRESOURCES_PK AS INTEGER)) + 1 AS RESTRESOURCES_PK FROM RESTRESOURCES), 'GET', 'VolPayHub', '/v2/transports/readapplicationname', '024', 'R', 'API to read the Application Names from Route Registry');

DELETE FROM RESTRESOURCES WHERE "PATH" = '/v2/transports/{TransportCategory}/routes' AND METHOD = 'GET';
INSERT INTO RESTRESOURCES(RESTRESOURCES_PK, "METHOD", APPLICATION, "PATH", RESOURCEID, OPERATION, DESCRIPTION) VALUES((SELECT max(CAST(RESTRESOURCES_PK AS INTEGER)) + 1 AS RESTRESOURCES_PK FROM RESTRESOURCES), 'GET', 'VolPayHub', '/v2/transports/{TransportCategory}/routes', '024', 'R', 'API to read the Route Ids from Route Registry based on the Application Name given');

DELETE FROM RESTRESOURCES WHERE  "PATH" = '/v2/interface/bulkoverride/response';
INSERT INTO RESTRESOURCES(RESTRESOURCES_PK,"METHOD",APPLICATION,"PATH",RESOURCEID,OPERATION,DESCRIPTION)VALUES ( (SELECT MAX(CAST (RESTRESOURCES_PK AS INTEGER))+1 AS RESTRESOURCES_PK FROM RESTRESOURCES ),'POST','VolPayHub','/v2/interface/bulkoverride/response','003','R','API for overriding bulk response');

DELETE FROM RESTRESOURCES WHERE "PATH" = '/v2/businessprocess/code/{ProcessCode}' AND METHOD = 'GET';
INSERT INTO RESTRESOURCES(RESTRESOURCES_PK, "METHOD", APPLICATION, "PATH", RESOURCEID, OPERATION, DESCRIPTION) VALUES((SELECT max(CAST(RESTRESOURCES_PK AS INTEGER)) + 1 AS RESTRESOURCES_PK FROM RESTRESOURCES), 'GET', 'VolPayHub', '/v2/businessprocess/code/{ProcessCode}', '007', 'R', 'Api for getting ProcessCode by Specific WorkFlowCode');

DELETE FROM RESTRESOURCES WHERE "PATH" = '/v2/rules/phase' AND METHOD = 'GET';
DELETE FROM RESTRESOURCES WHERE "PATH" = '/v2/rules/phase/{WorkFlowCode}' AND METHOD = 'GET';
INSERT INTO RESTRESOURCES(RESTRESOURCES_PK, "METHOD", APPLICATION, "PATH", RESOURCEID, OPERATION, DESCRIPTION) VALUES((SELECT max(CAST(RESTRESOURCES_PK AS INTEGER)) + 1 AS RESTRESOURCES_PK FROM RESTRESOURCES), 'GET', 'VolPayHub', '/v2/rules/phase/{WorkFlowCode}', '017', 'R', 'API for getting RulePhase');

DELETE FROM INCIDENCEMASTER WHERE INCIDENCECODE = 'INSTRRTEXC001';
INSERT INTO INCIDENCEMASTER(INCIDENCECODE, WORKFLOWCODE, ALLOWEDPROCESSSTATUS, ALLOWEDPARAMETER, ALLOWSTP) VALUES('INSTRRTEXC001', 'INSTRUCTION', 'REJECTED', 'exceptions', 0);
DELETE FROM INCIDENCEMASTER WHERE INCIDENCECODE = 'PMNTRTEXC001';
INSERT INTO INCIDENCEMASTER(INCIDENCECODE, WORKFLOWCODE, ALLOWEDPROCESSSTATUS, ALLOWEDPARAMETER, ALLOWSTP) VALUES('PMNTRTEXC001', 'PAYMENT', 'REJECTED', 'exceptions', 0);
DELETE FROM INCIDENCEMASTER WHERE INCIDENCECODE = 'ATTCHMSGRTEXC001';
INSERT INTO INCIDENCEMASTER(INCIDENCECODE, WORKFLOWCODE, ALLOWEDPROCESSSTATUS, ALLOWEDPARAMETER, ALLOWSTP) VALUES('ATTCHMSGRTEXC001', 'ATTCHMSG_TXN', 'REJECTED', 'exceptions', 0);

DELETE FROM INCIDENCEDEFINITION WHERE INCIDENCECODE = 'INSTRRTEXC001' AND PROCESSNAME IS NULL AND PARTYSERVICEASSOCIATIONCODE IS NULL;
INSERT INTO INCIDENCEDEFINITION (INCIDENCECODE, DESCRIPTION, INCIDENCERESOLUTION, SEVERITY, INCIDENCEORIGIN, CANCLIENTSETPREFERENCE, OPSSEVERITYPREFERENCE, CLIENTSEVERITYPREFERENCE, REPAIRANDMANUALINPUT, PROCESSSTATUS, INCIDENCETYPE, WORKFLOWCODE, INCIDENCEDEFINITION_PK, PROCESSNAME, PARTYSERVICEASSOCIATIONCODE, STATUS, EFFECTIVEFROMDATE, EFFECTIVETILLDATE) VALUES('INSTRRTEXC001', 'Exceptions occured : ${exceptions}', 'Instruction runtime exceptions', 'High', 'User', NULL, NULL, NULL, NULL, 'REJECTED', 'ISSUE', 'INSTRUCTION', SYS_GUID(), NULL, NULL, 'ACTIVE', TO_DATE('2017-10-12','YYYY-MM-DD'), NULL);
DELETE FROM INCIDENCEDEFINITION WHERE INCIDENCECODE = 'PMNTRTEXC001' AND PROCESSNAME IS NULL AND PARTYSERVICEASSOCIATIONCODE IS NULL;
INSERT INTO INCIDENCEDEFINITION(INCIDENCECODE, DESCRIPTION, INCIDENCERESOLUTION, SEVERITY, INCIDENCEORIGIN, CANCLIENTSETPREFERENCE, OPSSEVERITYPREFERENCE, CLIENTSEVERITYPREFERENCE, REPAIRANDMANUALINPUT, PROCESSSTATUS, INCIDENCETYPE, WORKFLOWCODE, INCIDENCEDEFINITION_PK, PROCESSNAME, PARTYSERVICEASSOCIATIONCODE, STATUS, EFFECTIVEFROMDATE, EFFECTIVETILLDATE) VALUES('PMNTRTEXC001', 'Exceptions occured : ${exceptions}', 'Payment runtime exceptions', 'High', 'User', NULL, NULL, NULL, NULL, 'REJECTED', 'ISSUE', 'PAYMENT', SYS_GUID(), NULL, NULL, 'ACTIVE', TO_DATE('2017-10-12','YYYY-MM-DD'), NULL);
DELETE FROM INCIDENCEDEFINITION WHERE INCIDENCECODE = 'ATTCHMSGRTEXC001' AND PROCESSNAME IS NULL AND PARTYSERVICEASSOCIATIONCODE IS NULL;
INSERT INTO INCIDENCEDEFINITION(INCIDENCECODE, DESCRIPTION, INCIDENCERESOLUTION, SEVERITY, INCIDENCEORIGIN, CANCLIENTSETPREFERENCE, OPSSEVERITYPREFERENCE, CLIENTSEVERITYPREFERENCE, REPAIRANDMANUALINPUT, PROCESSSTATUS, INCIDENCETYPE, WORKFLOWCODE, INCIDENCEDEFINITION_PK, PROCESSNAME, PARTYSERVICEASSOCIATIONCODE, STATUS, EFFECTIVEFROMDATE, EFFECTIVETILLDATE) VALUES('ATTCHMSGRTEXC001', 'Exceptions occured : ${exceptions}', 'Attached msgs runtime exceptions', 'High', 'User', NULL, NULL, NULL, NULL, 'REJECTED', 'ISSUE', 'ATTCHMSG_TXN', SYS_GUID(), NULL, NULL, 'ACTIVE', TO_DATE('2017-10-12','YYYY-MM-DD'), NULL);

DELETE FROM ATTRIBUTEMASTER WHERE ATTRIBUTEID = '071005' AND RESOURCEID = '071' AND ATTRIBUTENAME = 'RolesAccessible';

DELETE FROM RESTRESOURCES WHERE "PATH" = '/v2/instructions/errorinformation/readall' AND METHOD = 'POST';
INSERT INTO RESTRESOURCES(RESTRESOURCES_PK, "METHOD", APPLICATION, "PATH", RESOURCEID, OPERATION, DESCRIPTION) VALUES((SELECT max(CAST(RESTRESOURCES_PK AS INTEGER)) + 1 AS RESTRESOURCES_PK FROM RESTRESOURCES), 'POST', 'VolPayHub', '/v2/instructions/errorinformation/readall', '002', 'R', 'API For Getting ErrorInformation Details using InstructionId');

DELETE FROM STATUSDEFINITION WHERE PROCESSSTATUS = 'WAITING_FOR_APPROVAL' AND WORKFLOWCODE = 'INSTRUCTION';
INSERT INTO STATUSDEFINITION(ALIASNAME, CLIENTALIASNAME, DESCRIPTION, USERCONTROL, PROCESSSTATUS, WORKFLOWCODE, STATUS, EFFECTIVEFROMDATE, EFFECTIVETILLDATE) VALUES('WAITING_FOR_APPROVAL', NULL, 'Wait For Approval', NULL, 'WAITING_FOR_APPROVAL', 'INSTRUCTION', 'ACTIVE', TO_DATE('2017-01-01', 'YYYY-MM-DD'), NULL);

DELETE FROM ACTIONDEFINITION WHERE ACTIONNAME = 'Approve1' AND WORKFLOWCODE = 'INSTRUCTION';
INSERT INTO ACTIONDEFINITION(ACTIONNAME, DESCRIPTION, ACTIONDEFINITION_PK, WORKFLOWCODE, ALIASNAME, CLIENTALIASNAME, DUALCONTROLREQUIRED, MANDATENOTE, GROUPACTIONALLOWED, RESTURL, RESTMETHOD, SUCCESSURL, FAILUREURL, FLOWNAME, STATUS, EFFECTIVEFROMDATE, EFFECTIVETILLDATE, FUNCTIONNAME) VALUES('Approve1', 'Process level Approval', SYS_GUID(), 'INSTRUCTION', 'Approve', NULL, NULL, NULL, NULL, '/v2/instructions/approve1', 'POST', NULL, NULL, NULL, 'ACTIVE', TO_DATE('2017-01-01', 'YYYY-MM-DD'), NULL, NULL);

DELETE FROM ACTIONDEFINITION WHERE ACTIONNAME = 'Approve2' AND WORKFLOWCODE = 'INSTRUCTION';
INSERT INTO ACTIONDEFINITION(ACTIONNAME, DESCRIPTION, ACTIONDEFINITION_PK, WORKFLOWCODE, ALIASNAME, CLIENTALIASNAME, DUALCONTROLREQUIRED, MANDATENOTE, GROUPACTIONALLOWED, RESTURL, RESTMETHOD, SUCCESSURL, FAILUREURL, FLOWNAME, STATUS, EFFECTIVEFROMDATE, EFFECTIVETILLDATE, FUNCTIONNAME) VALUES('Approve2', 'Process level Approval', SYS_GUID(), 'INSTRUCTION', 'Approve', NULL, NULL, NULL, NULL, '/v2/instructions/approve2', 'POST', NULL, NULL, NULL, 'ACTIVE', TO_DATE('2017-01-01', 'YYYY-MM-DD'), NULL, NULL);

DELETE FROM ACTIONDEFINITION WHERE ACTIONNAME = 'Approve3' AND WORKFLOWCODE = 'INSTRUCTION';
INSERT INTO ACTIONDEFINITION(ACTIONNAME, DESCRIPTION, ACTIONDEFINITION_PK, WORKFLOWCODE, ALIASNAME, CLIENTALIASNAME, DUALCONTROLREQUIRED, MANDATENOTE, GROUPACTIONALLOWED, RESTURL, RESTMETHOD, SUCCESSURL, FAILUREURL, FLOWNAME, STATUS, EFFECTIVEFROMDATE, EFFECTIVETILLDATE, FUNCTIONNAME) VALUES('Approve3', 'Process level Approval', SYS_GUID(), 'INSTRUCTION', 'Approve', NULL, NULL, NULL, NULL, '/v2/instructions/approve3', 'POST', NULL, NULL, NULL, 'ACTIVE', TO_DATE('2017-01-01', 'YYYY-MM-DD'), NULL, NULL);

DELETE FROM ACTIONDEFINITION WHERE ACTIONNAME = 'Approve4' AND WORKFLOWCODE = 'INSTRUCTION';
INSERT INTO ACTIONDEFINITION(ACTIONNAME, DESCRIPTION, ACTIONDEFINITION_PK, WORKFLOWCODE, ALIASNAME, CLIENTALIASNAME, DUALCONTROLREQUIRED, MANDATENOTE, GROUPACTIONALLOWED, RESTURL, RESTMETHOD, SUCCESSURL, FAILUREURL, FLOWNAME, STATUS, EFFECTIVEFROMDATE, EFFECTIVETILLDATE, FUNCTIONNAME) VALUES('Approve4', 'Process level Approval', SYS_GUID(), 'INSTRUCTION', 'Approve', NULL, NULL, NULL, NULL, '/v2/instructions/approve4', 'POST', NULL, NULL, NULL, 'ACTIVE', TO_DATE('2017-01-01', 'YYYY-MM-DD'), NULL, NULL);

DELETE FROM ACTIONDEFINITION WHERE ACTIONNAME = 'Approve5' AND WORKFLOWCODE = 'INSTRUCTION';
INSERT INTO ACTIONDEFINITION(ACTIONNAME, DESCRIPTION, ACTIONDEFINITION_PK, WORKFLOWCODE, ALIASNAME, CLIENTALIASNAME, DUALCONTROLREQUIRED, MANDATENOTE, GROUPACTIONALLOWED, RESTURL, RESTMETHOD, SUCCESSURL, FAILUREURL, FLOWNAME, STATUS, EFFECTIVEFROMDATE, EFFECTIVETILLDATE, FUNCTIONNAME) VALUES('Approve5', 'Process level Approval', SYS_GUID(), 'INSTRUCTION', 'Approve', NULL, NULL, NULL, NULL, '/v2/instructions/approve5', 'POST', NULL, NULL, NULL, 'ACTIVE', TO_DATE('2017-01-01', 'YYYY-MM-DD'), NULL, NULL);


DELETE FROM STATUSACTION WHERE "ACTION" = 'Approve1' AND WORKFLOWCODE = 'INSTRUCTION' AND PROCESSSTATUS = 'WAITING_FOR_APPROVAL' AND PROCESSNAME IS NULL;
INSERT INTO STATUSACTION("ACTION", STATUSACTION_PK, WORKFLOWCODE, PROCESSSTATUS, STATUS, EFFECTIVEFROMDATE, EFFECTIVETILLDATE, PROCESSNAME) VALUES('Approve1',SYS_GUID(), 'INSTRUCTION', 'WAITING_FOR_APPROVAL', 'ACTIVE', TO_DATE('2017-01-01', 'YYYY-MM-DD'), NULL, NULL);

DELETE FROM STATUSACTION WHERE "ACTION" = 'Approve2' AND WORKFLOWCODE = 'INSTRUCTION' AND PROCESSSTATUS = 'WAITING_FOR_APPROVAL' AND PROCESSNAME IS NULL;
INSERT INTO STATUSACTION("ACTION", STATUSACTION_PK, WORKFLOWCODE, PROCESSSTATUS, STATUS, EFFECTIVEFROMDATE, EFFECTIVETILLDATE, PROCESSNAME) VALUES('Approve2', SYS_GUID(), 'INSTRUCTION', 'WAITING_FOR_APPROVAL', 'ACTIVE', TO_DATE('2017-01-01', 'YYYY-MM-DD'), NULL, NULL);

DELETE FROM STATUSACTION WHERE "ACTION" = 'Approve3' AND WORKFLOWCODE = 'INSTRUCTION' AND PROCESSSTATUS = 'WAITING_FOR_APPROVAL' AND PROCESSNAME IS NULL;
INSERT INTO STATUSACTION("ACTION", STATUSACTION_PK, WORKFLOWCODE, PROCESSSTATUS, STATUS, EFFECTIVEFROMDATE, EFFECTIVETILLDATE, PROCESSNAME) VALUES('Approve3', SYS_GUID(), 'INSTRUCTION', 'WAITING_FOR_APPROVAL', 'ACTIVE', TO_DATE('2017-01-01', 'YYYY-MM-DD'), NULL, NULL);

DELETE FROM STATUSACTION WHERE "ACTION" = 'Approve4' AND WORKFLOWCODE = 'INSTRUCTION' AND PROCESSSTATUS = 'WAITING_FOR_APPROVAL' AND PROCESSNAME IS NULL;
INSERT INTO STATUSACTION("ACTION", STATUSACTION_PK, WORKFLOWCODE, PROCESSSTATUS, STATUS, EFFECTIVEFROMDATE, EFFECTIVETILLDATE, PROCESSNAME) VALUES('Approve4', SYS_GUID(), 'INSTRUCTION', 'WAITING_FOR_APPROVAL', 'ACTIVE', TO_DATE('2017-01-01', 'YYYY-MM-DD'), NULL, NULL);

DELETE FROM STATUSACTION WHERE "ACTION" = 'Approve5' AND WORKFLOWCODE = 'INSTRUCTION' AND PROCESSSTATUS = 'WAITING_FOR_APPROVAL' AND PROCESSNAME IS NULL;
INSERT INTO STATUSACTION("ACTION", STATUSACTION_PK, WORKFLOWCODE, PROCESSSTATUS, STATUS, EFFECTIVEFROMDATE, EFFECTIVETILLDATE, PROCESSNAME) VALUES('Approve5', SYS_GUID(), 'INSTRUCTION', 'WAITING_FOR_APPROVAL', 'ACTIVE', TO_DATE('2017-01-01', 'YYYY-MM-DD'), NULL, NULL);

DELETE FROM INCIDENCEMASTER WHERE INCIDENCECODE = 'INSTAPPROVAL';
INSERT INTO INCIDENCEMASTER(INCIDENCECODE, WORKFLOWCODE, ALLOWEDPROCESSSTATUS, ALLOWEDPARAMETER, ALLOWSTP) VALUES('INSTAPPROVAL', 'INSTRUCTION', 'WAITING_FOR_APPROVAL', NULL, 0);

DELETE FROM INCIDENCEDEFINITION WHERE INCIDENCECODE = 'INSTAPPROVAL';
INSERT INTO INCIDENCEDEFINITION(INCIDENCECODE, DESCRIPTION, INCIDENCERESOLUTION, SEVERITY, INCIDENCEORIGIN, CANCLIENTSETPREFERENCE, OPSSEVERITYPREFERENCE, CLIENTSEVERITYPREFERENCE, REPAIRANDMANUALINPUT, PROCESSSTATUS, INCIDENCETYPE, WORKFLOWCODE, INCIDENCEDEFINITION_PK, PROCESSNAME, PARTYSERVICEASSOCIATIONCODE, STATUS, EFFECTIVEFROMDATE, EFFECTIVETILLDATE) VALUES('INSTAPPROVAL', 'Status changed to Waiting For Approval', 'wait for approval', 'High', 'User', NULL, NULL, NULL, NULL, 'WAITING_FOR_APPROVAL', 'ISSUE', 'INSTRUCTION', SYS_GUID(), NULL, NULL, 'ACTIVE', TO_DATE('2017-04-25', 'YYYY-MM-DD'), NULL);


DELETE FROM RESTRESOURCES WHERE  "PATH" = '/v2/instructions/approve1' AND METHOD = 'POST';
INSERT INTO RESTRESOURCES(RESTRESOURCES_PK, "METHOD", APPLICATION, "PATH", RESOURCEID, OPERATION, DESCRIPTION) VALUES ((SELECT MAX(CAST (RESTRESOURCES_PK AS INTEGER))+1 AS RESTRESOURCES_PK FROM RESTRESOURCES ),'POST','VolPayHub','/v2/instructions/approve1','002','A1','API for Approving Instructions in Process Level') ;

DELETE FROM RESTRESOURCES WHERE  "PATH" = '/v2/instructions/approve2' AND METHOD = 'POST';
INSERT INTO RESTRESOURCES(RESTRESOURCES_PK, "METHOD", APPLICATION, "PATH", RESOURCEID, OPERATION, DESCRIPTION) VALUES ((SELECT MAX(CAST (RESTRESOURCES_PK AS INTEGER))+1 AS RESTRESOURCES_PK FROM RESTRESOURCES ),'POST','VolPayHub','/v2/instructions/approve2','002','A2','API for Approving Instructions in Process Level') ;

DELETE FROM RESTRESOURCES WHERE  "PATH" = '/v2/instructions/approve3' AND METHOD = 'POST';
INSERT INTO RESTRESOURCES(RESTRESOURCES_PK, "METHOD", APPLICATION, "PATH", RESOURCEID, OPERATION, DESCRIPTION) VALUES ((SELECT MAX(CAST (RESTRESOURCES_PK AS INTEGER))+1 AS RESTRESOURCES_PK FROM RESTRESOURCES ),'POST','VolPayHub','/v2/instructions/approve3','002','A3','API for Approving Instructions in Process Level') ;

DELETE FROM RESTRESOURCES WHERE  "PATH" = '/v2/instructions/approve4' AND METHOD = 'POST';
INSERT INTO RESTRESOURCES(RESTRESOURCES_PK, "METHOD", APPLICATION, "PATH", RESOURCEID, OPERATION, DESCRIPTION) VALUES ((SELECT MAX(CAST (RESTRESOURCES_PK AS INTEGER))+1 AS RESTRESOURCES_PK FROM RESTRESOURCES ),'POST','VolPayHub','/v2/instructions/approve4','002','A4','API for Approving Instructions in Process Level') ;

DELETE FROM RESTRESOURCES WHERE  "PATH" = '/v2/instructions/approve5' AND METHOD = 'POST';
INSERT INTO RESTRESOURCES(RESTRESOURCES_PK, "METHOD", APPLICATION, "PATH", RESOURCEID, OPERATION, DESCRIPTION) VALUES ((SELECT MAX(CAST (RESTRESOURCES_PK AS INTEGER))+1 AS RESTRESOURCES_PK FROM RESTRESOURCES ),'POST','VolPayHub','/v2/instructions/approve5','002','A5','API for Approving Instructions in Process Level') ;

DELETE FROM INCIDENCEMASTER WHERE INCIDENCECODE = 'DBLKD001';
INSERT INTO INCIDENCEMASTER(INCIDENCECODE, WORKFLOWCODE, ALLOWEDPROCESSSTATUS, ALLOWEDPARAMETER, ALLOWSTP) VALUES('DBLKD001', 'INSTRUCTION', 'DEBULKED', NULL, 0);

DELETE FROM INCIDENCEDEFINITION WHERE INCIDENCECODE = 'DBLKD001' AND PROCESSNAME IS NULL AND PARTYSERVICEASSOCIATIONCODE IS NULL;
INSERT INTO INCIDENCEDEFINITION(INCIDENCECODE, DESCRIPTION, INCIDENCERESOLUTION, SEVERITY, INCIDENCEORIGIN, CANCLIENTSETPREFERENCE, OPSSEVERITYPREFERENCE, CLIENTSEVERITYPREFERENCE, REPAIRANDMANUALINPUT, PROCESSSTATUS, INCIDENCETYPE, WORKFLOWCODE, INCIDENCEDEFINITION_PK, PROCESSNAME, PARTYSERVICEASSOCIATIONCODE, STATUS, EFFECTIVEFROMDATE, EFFECTIVETILLDATE)VALUES('DBLKD001', 'Status changed to DEBULKED', 'Check InstructionRawData', 'High', 'User', NULL, NULL, NULL, NULL, 'DEBULKED', 'ISSUE', 'INSTRUCTION', SYS_GUID(), NULL, NULL, 'ACTIVE', TO_DATE('2017-10-12','YYYY-MM-DD'), NULL);

DELETE FROM INCIDENCEMASTER WHERE INCIDENCECODE = 'DBLKDPART001';
INSERT INTO INCIDENCEMASTER(INCIDENCECODE, WORKFLOWCODE, ALLOWEDPROCESSSTATUS, ALLOWEDPARAMETER, ALLOWSTP) VALUES('DBLKDPART001', 'INSTRUCTION', 'PARTIALLYDEBULKED', NULL, 0);

DELETE FROM INCIDENCEDEFINITION WHERE INCIDENCECODE = 'DBLKDPART001' AND PROCESSNAME IS NULL AND PARTYSERVICEASSOCIATIONCODE IS NULL;
INSERT INTO INCIDENCEDEFINITION(INCIDENCECODE, DESCRIPTION, INCIDENCERESOLUTION, SEVERITY, INCIDENCEORIGIN, CANCLIENTSETPREFERENCE, OPSSEVERITYPREFERENCE, CLIENTSEVERITYPREFERENCE, REPAIRANDMANUALINPUT, PROCESSSTATUS, INCIDENCETYPE, WORKFLOWCODE, INCIDENCEDEFINITION_PK, PROCESSNAME, PARTYSERVICEASSOCIATIONCODE, STATUS, EFFECTIVEFROMDATE, EFFECTIVETILLDATE)VALUES('DBLKDPART001', 'Status changed to PARTIALLY DEBULKED', 'Check InstructionRawData', 'High', 'User', NULL, NULL, NULL, NULL, 'PARTIALLYDEBULKED', 'ISSUE', 'INSTRUCTION', SYS_GUID(), NULL, NULL, 'ACTIVE', TO_DATE('2017-10-12','YYYY-MM-DD'), NULL);

DELETE FROM INCIDENCEMASTER WHERE INCIDENCECODE = 'INVLDTHRSHLDCNFG001';
INSERT INTO INCIDENCEMASTER(INCIDENCECODE, WORKFLOWCODE, ALLOWEDPROCESSSTATUS, ALLOWEDPARAMETER, ALLOWSTP) VALUES('INVLDTHRSHLDCNFG001', 'INSTRUCTION', 'REJECTED', NULL, 0);

DELETE FROM INCIDENCEDEFINITION WHERE INCIDENCECODE = 'INVLDTHRSHLDCNFG001' AND PROCESSNAME IS NULL AND PARTYSERVICEASSOCIATIONCODE IS NULL;
INSERT INTO INCIDENCEDEFINITION(INCIDENCECODE, DESCRIPTION, INCIDENCERESOLUTION, SEVERITY, INCIDENCEORIGIN, CANCLIENTSETPREFERENCE, OPSSEVERITYPREFERENCE, CLIENTSEVERITYPREFERENCE, REPAIRANDMANUALINPUT, PROCESSSTATUS, INCIDENCETYPE, WORKFLOWCODE, INCIDENCEDEFINITION_PK, PROCESSNAME, PARTYSERVICEASSOCIATIONCODE, STATUS, EFFECTIVEFROMDATE, EFFECTIVETILLDATE)VALUES('INVLDTHRSHLDCNFG001', 'Instruction REJECTED. Reason: Invalid RejectionErrThreshold or ReferralErrThreshold config.', 'Check PSA''s Threshold Configs', 'High', 'User', NULL, NULL, NULL, NULL, 'REJECTED', 'ISSUE', 'INSTRUCTION', SYS_GUID(), NULL, NULL, 'ACTIVE', TO_DATE('2017-10-12','YYYY-MM-DD'), NULL);

DELETE FROM INCIDENCEMASTER WHERE INCIDENCECODE = 'THRSHLDRJCT001';
INSERT INTO INCIDENCEMASTER(INCIDENCECODE, WORKFLOWCODE, ALLOWEDPROCESSSTATUS, ALLOWEDPARAMETER, ALLOWSTP) VALUES('THRSHLDRJCT001', 'INSTRUCTION', 'REJECTED', 'exceptions', 0);

DELETE FROM INCIDENCEDEFINITION WHERE INCIDENCECODE = 'THRSHLDRJCT001' AND PROCESSNAME IS NULL AND PARTYSERVICEASSOCIATIONCODE IS NULL;
INSERT INTO INCIDENCEDEFINITION(INCIDENCECODE, DESCRIPTION, INCIDENCERESOLUTION, SEVERITY, INCIDENCEORIGIN, CANCLIENTSETPREFERENCE, OPSSEVERITYPREFERENCE, CLIENTSEVERITYPREFERENCE, REPAIRANDMANUALINPUT, PROCESSSTATUS, INCIDENCETYPE, WORKFLOWCODE, INCIDENCEDEFINITION_PK, PROCESSNAME, PARTYSERVICEASSOCIATIONCODE, STATUS, EFFECTIVEFROMDATE, EFFECTIVETILLDATE)VALUES('THRSHLDRJCT001', 'Rejection Error threshold reached. Exceptions are: ${exceptions}', 'Check InstructionRawData', 'High', 'User', NULL, NULL, NULL, NULL, 'REJECTED', 'ISSUE', 'INSTRUCTION', SYS_GUID(), NULL, NULL, 'ACTIVE', TO_DATE('2017-10-12','YYYY-MM-DD'), NULL);

UPDATE INCIDENCEMASTER SET ALLOWEDPARAMETER = 'exceptions' WHERE INCIDENCECODE = 'PAR101';
UPDATE INCIDENCEDEFINITION SET DESCRIPTION = 'Parse errors are: ${exceptions}' WHERE INCIDENCECODE = 'PAR101' AND PARTYSERVICEASSOCIATIONCODE IS NULL AND PROCESSNAME IS NULL;

DELETE FROM ACTIONDEFINITION WHERE ACTIONNAME = 'HandleRejectInstr' AND WORKFLOWCODE = 'INSTRUCTION';
INSERT INTO ACTIONDEFINITION(ACTIONNAME, DESCRIPTION, ACTIONDEFINITION_PK, WORKFLOWCODE, ALIASNAME, CLIENTALIASNAME, DUALCONTROLREQUIRED, MANDATENOTE, GROUPACTIONALLOWED, RESTURL, RESTMETHOD, SUCCESSURL, FAILUREURL, FLOWNAME, STATUS, EFFECTIVEFROMDATE, EFFECTIVETILLDATE, FUNCTIONNAME) VALUES('HandleRejectInstr', 'Handle Rejected Instruction', SYS_GUID(), 'INSTRUCTION', NULL, NULL, NULL, NULL, NULL, NULL, NULL, NULL, NULL, 'HandleRejectedInstruction', 'ACTIVE', TO_DATE('2017-01-01', 'YYYY-MM-DD'), NULL, NULL);

DELETE FROM STATUSACTION WHERE "ACTION" = 'HandleRejectInstr' AND WORKFLOWCODE = 'INSTRUCTION' AND PROCESSSTATUS = 'REJECTED' AND PROCESSNAME IS NULL;
INSERT INTO STATUSACTION("ACTION", STATUSACTION_PK, WORKFLOWCODE, PROCESSSTATUS, STATUS, EFFECTIVEFROMDATE, EFFECTIVETILLDATE, PROCESSNAME) VALUES('HandleRejectInstr',SYS_GUID(), 'INSTRUCTION', 'REJECTED', 'ACTIVE', TO_DATE('2017-01-01', 'YYYY-MM-DD'), NULL, NULL);

-- Migration script: Copying data from AUDITTABLE to PAYMENTAUDIT. If PaymentID is not null and InstructionID is NULL/NOT NULL 
INSERT INTO PAYMENTAUDIT(PAYMENTAUDIT_PK,PAYMENTID, "TYPE", EVENT, ACTOR, RELATIONSHIP, AUDITTIMESTAMP, DESCRIPTION, EXTERNALREFERENCE)SELECT AUDIT_PK,PAYMENTID,"TYPE",EVENT,ACTOR,RELATIONSHIP,AUDITTIMESTAMP,DESCRIPTION,EXTERNALREFERENCE FROM AUDITTABLE WHERE (PAYMENTID IS NOT NULL AND INSTRUCTIONID IS NOT NULL) OR (PAYMENTID IS NOT NULL AND INSTRUCTIONID IS NULL); 

-- Migration script: Copying data from AUDITTABLE to INSTRUCTIONAUDIT. If InstructionID is not null and PaymentID is NULL 
INSERT INTO INSTRUCTIONAUDIT(INSTRUCTIONAUDIT_PK,INSTRUCTIONID, "TYPE", EVENT, ACTOR, RELATIONSHIP, AUDITTIMESTAMP, DESCRIPTION, EXTERNALREFERENCE)
SELECT AUDIT_PK,INSTRUCTIONID,"TYPE",EVENT,ACTOR,RELATIONSHIP,AUDITTIMESTAMP,DESCRIPTION,EXTERNALREFERENCE FROM AUDITTABLE WHERE INSTRUCTIONID IS NOT NULL AND PAYMENTID IS NULL;

-- Migration script: Copying data from AUDITTABLE to SYSTEMAUDIT. If both PaymentID and InstructionID is NULL 
INSERT INTO SYSTEMAUDIT(SYSTEMAUDIT_PK, "TYPE", EVENT, ACTOR, RELATIONSHIP, AUDITTIMESTAMP, DESCRIPTION, EXTERNALREFERENCE)
SELECT AUDIT_PK,"TYPE",EVENT,ACTOR,RELATIONSHIP,AUDITTIMESTAMP,DESCRIPTION,EXTERNALREFERENCE FROM AUDITTABLE WHERE  INSTRUCTIONID IS NULL AND PAYMENTID IS NULL;

-- Migration script: Copying data from ERRORINFORMATION to INSRTERRORINFO. If PaymentID is NULL 
INSERT INTO INSTRERRORINFO(INSTRERRORINFO_PK,INSTRUCTIONID,TASKNAME,INCIDENCECODE,ISSUETIMESTAMP,FIELDNAMEVALUES,DESCRIPTION,ORIGINALDESCRIPTION,PROCESSSTATUS,SEVERITY,ISHANDLED,INCIDENCETYPE,INCIDENCEORIGIN,INCIDENCERESOLUTION) SELECT ERRORINFORMATION_PK,INSTRUCTIONID,TASKNAME,INCIDENCECODE,ISSUETIMESTAMP,FIELDNAMEVALUES,DESCRIPTION,ORIGINALDESCRIPTION,PROCESSSTATUS,SEVERITY,ISHANDLED,INCIDENCETYPE,INCIDENCEORIGIN,INCIDENCERESOLUTION FROM ERRORINFORMATION er WHERE er.PAYMENTID IS NULL AND er.INSTRUCTIONID IS NOT NULL;

-- Migration script: Copying data from ERRORINFORMATION to TRANSERRORINFO. If InstructionID is NULL 
INSERT INTO TRANSERRORINFO(TRANSERRORINFO_PK,INSTRUCTIONID,PAYMENTID,TASKNAME,INCIDENCECODE,ISSUETIMESTAMP,FIELDNAMEVALUES,DESCRIPTION,ORIGINALDESCRIPTION,PROCESSSTATUS,SEVERITY,ISHANDLED,INCIDENCETYPE,INCIDENCEORIGIN,INCIDENCERESOLUTION) SELECT ERRORINFORMATION_PK,INSTRUCTIONID,PAYMENTID,TASKNAME,INCIDENCECODE,ISSUETIMESTAMP,FIELDNAMEVALUES,DESCRIPTION,ORIGINALDESCRIPTION,PROCESSSTATUS,SEVERITY,ISHANDLED,INCIDENCETYPE,INCIDENCEORIGIN,INCIDENCERESOLUTION FROM ERRORINFORMATION er WHERE er.PAYMENTID IS NOT NULL AND er.INSTRUCTIONID IS NOT NULL;


DELETE FROM ACTIONDEFINITION WHERE ACTIONNAME = 'PaymentProcessReject' AND WORKFLOWCODE = 'PAYMENT';
INSERT INTO ACTIONDEFINITION(ACTIONNAME, DESCRIPTION, ACTIONDEFINITION_PK, WORKFLOWCODE, ALIASNAME, CLIENTALIASNAME, DUALCONTROLREQUIRED, MANDATENOTE, GROUPACTIONALLOWED, RESTURL, RESTMETHOD, SUCCESSURL, FAILUREURL, FLOWNAME, STATUS, EFFECTIVEFROMDATE, EFFECTIVETILLDATE, FUNCTIONNAME) VALUES('PaymentProcessReject', 'Process level Reject', SYS_GUID(), 'PAYMENT', 'Reject', NULL, NULL, NULL, NULL, '/v2/payments/rejectapproval', 'POST', NULL, NULL, NULL, 'ACTIVE', TO_DATE('2017-01-01', 'YYYY-MM-DD'), NULL, NULL);

DELETE FROM TASKSMASTER WHERE TASKCODE = 'ProcessApproval' AND WORKFLOWCODE = 'PAYMENT';
INSERT INTO TASKSMASTER(TASKSMASTER_PK, TASKCODE, TASKNAME, TECHNICALFLOWNAME, TASKDESCRIPTION, WORKFLOWCODE)
VALUES((SELECT MAX(CAST (TASKSMASTER_PK AS INTEGER))+1 AS TASKSMASTER_PK FROM TASKSMASTER), 'ProcessApproval', 'ProcessApproval', 'ProcessApprovalTask', 'Process Level Approval For Payment', 'PAYMENT');

DELETE FROM BUSINESSFUNCTIONMASTER WHERE FUNCTIONCODE  = 'ProcessApproval' AND WORKFLOWCODE = 'PAYMENT';
INSERT INTO BUSINESSFUNCTIONMASTER(BUSINESSFUNCTIONMASTER_PK, FUNCTIONCODE, FUNCTIONDESCRIPTION, WORKFLOWCODE) VALUES((SELECT MAX(CAST (BUSINESSFUNCTIONMASTER_PK AS INTEGER))+1 AS BUSINESSFUNCTIONMASTER_PK FROM BUSINESSFUNCTIONMASTER), 'ProcessApproval', 'Process Level Approval For Payment', 'PAYMENT');

DELETE FROM BUSINESSFUNCTIONWORKFLOW WHERE FUNCTIONCODE = 'ProcessApproval' AND TASKCODE = 'ProcessApproval';
INSERT INTO BUSINESSFUNCTIONWORKFLOW(BUSINESSFUNCTIONWORKFLOW_PK, FUNCTIONCODE, TASKCODE, ACTIVITYINDEX, TASKCONFIG, STATUS, EFFECTIVEFROMDATE, EFFECTIVETILLDATE) VALUES((SELECT MAX(CAST (BUSINESSFUNCTIONWORKFLOW_PK AS INTEGER))+1 AS BUSINESSFUNCTIONWORKFLOW_PK FROM BUSINESSFUNCTIONWORKFLOW ), 'ProcessApproval', 'ProcessApproval', 15, NULL, 'ACTIVE', TO_DATE('2017-01-01', 'YYYY-MM-DD'), NULL);

DELETE FROM BUSINESSPROCESSWORKFLOW WHERE PROCESSCODE = 'VOLPAY-DEFAULT' AND FUNCTIONCODE = 'ProcessApproval' AND WORKFLOWCODE = 'PAYMENT';
INSERT INTO BUSINESSPROCESSWORKFLOW(BUSINESSPROCESSWORKFLOW_PK, PROCESSCODE, FUNCTIONCODE, ACTIVITYINDEX, WORKFLOWCODE, STATUS, EFFECTIVEFROMDATE, EFFECTIVETILLDATE, BUSINESSRULEHANDLERFLOW) VALUES((SELECT MAX(CAST (BUSINESSPROCESSWORKFLOW_PK AS INTEGER))+1 AS BUSINESSPROCESSWORKFLOW_PK FROM BUSINESSPROCESSWORKFLOW ), 'VOLPAY-DEFAULT', 'ProcessApproval', 15, 'PAYMENT', 'ACTIVE', TO_DATE('2017-01-01', 'YYYY-MM-DD'), NULL, NULL);

DELETE FROM STATUSDEFINITION WHERE PROCESSSTATUS = 'WAITING_PROCESSAPPROVAL' AND WORKFLOWCODE = 'PAYMENT';
INSERT INTO STATUSDEFINITION(ALIASNAME, CLIENTALIASNAME, DESCRIPTION, USERCONTROL, PROCESSSTATUS, WORKFLOWCODE, STATUS, EFFECTIVEFROMDATE, EFFECTIVETILLDATE) VALUES('WAITING_PROCESSAPPROVAL', NULL, 'Wait For Approval', NULL, 'WAITING_PROCESSAPPROVAL', 'PAYMENT', 'ACTIVE', TO_DATE('2017-01-01', 'YYYY-MM-DD'), NULL);

DELETE FROM ACTIONDEFINITION WHERE ACTIONNAME = 'Approve1' AND WORKFLOWCODE = 'PAYMENT';
INSERT INTO ACTIONDEFINITION(ACTIONNAME, DESCRIPTION, ACTIONDEFINITION_PK, WORKFLOWCODE, ALIASNAME, CLIENTALIASNAME, DUALCONTROLREQUIRED, MANDATENOTE, GROUPACTIONALLOWED, RESTURL, RESTMETHOD, SUCCESSURL, FAILUREURL, FLOWNAME, STATUS, EFFECTIVEFROMDATE, EFFECTIVETILLDATE, FUNCTIONNAME) VALUES('Approve1', 'Process level Approval', SYS_GUID(), 'PAYMENT', 'Approve', NULL, NULL, NULL, NULL, '/v2/payments/approve1', 'POST', NULL, NULL, NULL, 'ACTIVE', TO_DATE('2017-01-01', 'YYYY-MM-DD'), NULL, NULL);

DELETE FROM ACTIONDEFINITION WHERE ACTIONNAME = 'Approve2' AND WORKFLOWCODE = 'PAYMENT';
INSERT INTO ACTIONDEFINITION(ACTIONNAME, DESCRIPTION, ACTIONDEFINITION_PK, WORKFLOWCODE, ALIASNAME, CLIENTALIASNAME, DUALCONTROLREQUIRED, MANDATENOTE, GROUPACTIONALLOWED, RESTURL, RESTMETHOD, SUCCESSURL, FAILUREURL, FLOWNAME, STATUS, EFFECTIVEFROMDATE, EFFECTIVETILLDATE, FUNCTIONNAME) VALUES('Approve2', 'Process level Approval', SYS_GUID(), 'PAYMENT', 'Approve', NULL, NULL, NULL, NULL, '/v2/payments/approve2', 'POST', NULL, NULL, NULL, 'ACTIVE', TO_DATE('2017-01-01', 'YYYY-MM-DD'), NULL, NULL);

DELETE FROM ACTIONDEFINITION WHERE ACTIONNAME = 'Approve3' AND WORKFLOWCODE = 'PAYMENT';
INSERT INTO ACTIONDEFINITION(ACTIONNAME, DESCRIPTION, ACTIONDEFINITION_PK, WORKFLOWCODE, ALIASNAME, CLIENTALIASNAME, DUALCONTROLREQUIRED, MANDATENOTE, GROUPACTIONALLOWED, RESTURL, RESTMETHOD, SUCCESSURL, FAILUREURL, FLOWNAME, STATUS, EFFECTIVEFROMDATE, EFFECTIVETILLDATE, FUNCTIONNAME) VALUES('Approve3', 'Process level Approval', SYS_GUID(), 'PAYMENT', 'Approve', NULL, NULL, NULL, NULL, '/v2/payments/approve3', 'POST', NULL, NULL, NULL, 'ACTIVE', TO_DATE('2017-01-01', 'YYYY-MM-DD'), NULL, NULL);

DELETE FROM ACTIONDEFINITION WHERE ACTIONNAME = 'Approve4' AND WORKFLOWCODE = 'PAYMENT';
INSERT INTO ACTIONDEFINITION(ACTIONNAME, DESCRIPTION, ACTIONDEFINITION_PK, WORKFLOWCODE, ALIASNAME, CLIENTALIASNAME, DUALCONTROLREQUIRED, MANDATENOTE, GROUPACTIONALLOWED, RESTURL, RESTMETHOD, SUCCESSURL, FAILUREURL, FLOWNAME, STATUS, EFFECTIVEFROMDATE, EFFECTIVETILLDATE, FUNCTIONNAME) VALUES('Approve4', 'Process level Approval', SYS_GUID(), 'PAYMENT', 'Approve', NULL, NULL, NULL, NULL, '/v2/payments/approve4', 'POST', NULL, NULL, NULL, 'ACTIVE', TO_DATE('2017-01-01', 'YYYY-MM-DD'), NULL, NULL);

DELETE FROM ACTIONDEFINITION WHERE ACTIONNAME = 'Approve5' AND WORKFLOWCODE = 'PAYMENT';
INSERT INTO ACTIONDEFINITION(ACTIONNAME, DESCRIPTION, ACTIONDEFINITION_PK, WORKFLOWCODE, ALIASNAME, CLIENTALIASNAME, DUALCONTROLREQUIRED, MANDATENOTE, GROUPACTIONALLOWED, RESTURL, RESTMETHOD, SUCCESSURL, FAILUREURL, FLOWNAME, STATUS, EFFECTIVEFROMDATE, EFFECTIVETILLDATE, FUNCTIONNAME) VALUES('Approve5', 'Process level Approval', SYS_GUID(), 'PAYMENT', 'Approve', NULL, NULL, NULL, NULL, '/v2/payments/approve5', 'POST', NULL, NULL, NULL, 'ACTIVE', TO_DATE('2017-01-01', 'YYYY-MM-DD'), NULL, NULL);

DELETE FROM ACTIONDEFINITION WHERE ACTIONNAME = 'InstructionProcessReject' AND WORKFLOWCODE = 'INSTRUCTION';
INSERT INTO ACTIONDEFINITION(ACTIONNAME, DESCRIPTION, ACTIONDEFINITION_PK, WORKFLOWCODE, ALIASNAME, CLIENTALIASNAME, DUALCONTROLREQUIRED, MANDATENOTE, GROUPACTIONALLOWED, RESTURL, RESTMETHOD, SUCCESSURL, FAILUREURL, FLOWNAME, STATUS, EFFECTIVEFROMDATE, EFFECTIVETILLDATE, FUNCTIONNAME) VALUES('InstructionProcessReject', 'Process level Reject', SYS_GUID(), 'INSTRUCTION', 'Reject', NULL, NULL, NULL, NULL, '/v2/instructions/rejectapproval', 'POST', NULL, NULL, NULL, 'ACTIVE', TO_DATE('2017-01-01', 'YYYY-MM-DD'), NULL, NULL);

DELETE FROM STATUSACTION WHERE "ACTION" = 'Approve1' AND WORKFLOWCODE = 'PAYMENT' AND PROCESSSTATUS = 'WAITING_PROCESSAPPROVAL' AND PROCESSNAME IS NULL;
INSERT INTO STATUSACTION("ACTION", STATUSACTION_PK, WORKFLOWCODE, PROCESSSTATUS, STATUS, EFFECTIVEFROMDATE, EFFECTIVETILLDATE, PROCESSNAME) VALUES('Approve1',SYS_GUID(), 'PAYMENT', 'WAITING_PROCESSAPPROVAL', 'ACTIVE', TO_DATE('2017-01-01', 'YYYY-MM-DD'), NULL, NULL);

DELETE FROM STATUSACTION WHERE "ACTION" = 'Approve2' AND WORKFLOWCODE = 'PAYMENT' AND PROCESSSTATUS = 'WAITING_PROCESSAPPROVAL' AND PROCESSNAME IS NULL;
INSERT INTO STATUSACTION("ACTION", STATUSACTION_PK, WORKFLOWCODE, PROCESSSTATUS, STATUS, EFFECTIVEFROMDATE, EFFECTIVETILLDATE, PROCESSNAME) VALUES('Approve2', SYS_GUID(), 'PAYMENT', 'WAITING_PROCESSAPPROVAL', 'ACTIVE', TO_DATE('2017-01-01', 'YYYY-MM-DD'), NULL, NULL);

DELETE FROM STATUSACTION WHERE "ACTION" = 'Approve3' AND WORKFLOWCODE = 'PAYMENT' AND PROCESSSTATUS = 'WAITING_PROCESSAPPROVAL' AND PROCESSNAME IS NULL;
INSERT INTO STATUSACTION("ACTION", STATUSACTION_PK, WORKFLOWCODE, PROCESSSTATUS, STATUS, EFFECTIVEFROMDATE, EFFECTIVETILLDATE, PROCESSNAME) VALUES('Approve3', SYS_GUID(), 'PAYMENT', 'WAITING_PROCESSAPPROVAL', 'ACTIVE', TO_DATE('2017-01-01', 'YYYY-MM-DD'), NULL, NULL);

DELETE FROM STATUSACTION WHERE "ACTION" = 'Approve4' AND WORKFLOWCODE = 'PAYMENT' AND PROCESSSTATUS = 'WAITING_PROCESSAPPROVAL' AND PROCESSNAME IS NULL;
INSERT INTO STATUSACTION("ACTION", STATUSACTION_PK, WORKFLOWCODE, PROCESSSTATUS, STATUS, EFFECTIVEFROMDATE, EFFECTIVETILLDATE, PROCESSNAME) VALUES('Approve4', SYS_GUID(), 'PAYMENT', 'WAITING_PROCESSAPPROVAL', 'ACTIVE', TO_DATE('2017-01-01', 'YYYY-MM-DD'), NULL, NULL);

DELETE FROM STATUSACTION WHERE "ACTION" = 'Approve5' AND WORKFLOWCODE = 'PAYMENT' AND PROCESSSTATUS = 'WAITING_PROCESSAPPROVAL' AND PROCESSNAME IS NULL;
INSERT INTO STATUSACTION("ACTION", STATUSACTION_PK, WORKFLOWCODE, PROCESSSTATUS, STATUS, EFFECTIVEFROMDATE, EFFECTIVETILLDATE, PROCESSNAME) VALUES('Approve5', SYS_GUID(), 'PAYMENT', 'WAITING_PROCESSAPPROVAL', 'ACTIVE', TO_DATE('2017-01-01', 'YYYY-MM-DD'), NULL, NULL);

DELETE FROM STATUSACTION WHERE "ACTION" = 'InstructionProcessReject' AND WORKFLOWCODE = 'INSTRUCTION' AND PROCESSSTATUS = 'WAITING_FOR_APPROVAL' AND PROCESSNAME IS NULL;
INSERT INTO STATUSACTION("ACTION", STATUSACTION_PK, WORKFLOWCODE, PROCESSSTATUS, STATUS, EFFECTIVEFROMDATE, EFFECTIVETILLDATE, PROCESSNAME) VALUES('InstructionProcessReject', SYS_GUID(), 'INSTRUCTION', 'WAITING_FOR_APPROVAL', 'ACTIVE', TO_DATE('2017-01-01', 'YYYY-MM-DD'), NULL, NULL);

DELETE FROM STATUSACTION WHERE "ACTION" = 'PaymentProcessReject' AND WORKFLOWCODE = 'PAYMENT' AND PROCESSSTATUS = 'WAITING_PROCESSAPPROVAL' AND PROCESSNAME IS NULL;
INSERT INTO STATUSACTION("ACTION", STATUSACTION_PK, WORKFLOWCODE, PROCESSSTATUS, STATUS, EFFECTIVEFROMDATE, EFFECTIVETILLDATE, PROCESSNAME) VALUES('PaymentProcessReject', SYS_GUID(), 'PAYMENT', 'WAITING_PROCESSAPPROVAL', 'ACTIVE', TO_DATE('2017-01-01', 'YYYY-MM-DD'), NULL, NULL);

DELETE FROM INCIDENCEMASTER WHERE INCIDENCECODE = 'PMNTAPPROVAL';
INSERT INTO INCIDENCEMASTER(INCIDENCECODE, WORKFLOWCODE, ALLOWEDPROCESSSTATUS, ALLOWEDPARAMETER, ALLOWSTP) VALUES('PMNTAPPROVAL', 'PAYMENT', 'WAITING_PROCESSAPPROVAL', NULL, 0);

DELETE FROM INCIDENCEDEFINITION WHERE INCIDENCECODE = 'PMNTAPPROVAL';
INSERT INTO INCIDENCEDEFINITION(INCIDENCECODE, DESCRIPTION, INCIDENCERESOLUTION, SEVERITY, INCIDENCEORIGIN, CANCLIENTSETPREFERENCE, OPSSEVERITYPREFERENCE, CLIENTSEVERITYPREFERENCE, REPAIRANDMANUALINPUT, PROCESSSTATUS, INCIDENCETYPE, WORKFLOWCODE, INCIDENCEDEFINITION_PK, PROCESSNAME, PARTYSERVICEASSOCIATIONCODE, STATUS, EFFECTIVEFROMDATE, EFFECTIVETILLDATE) VALUES('PMNTAPPROVAL', 'Change Status to Waiting for Process Approval', 'wait for approval', 'High', 'User', NULL, NULL, NULL, NULL, 'WAITING_PROCESSAPPROVAL', 'ISSUE', 'PAYMENT', SYS_GUID(), NULL, NULL, 'ACTIVE', TO_DATE('2017-04-25', 'YYYY-MM-DD'), NULL);

DELETE FROM RESTRESOURCES WHERE  "PATH" = '/v2/payments/approve1' AND METHOD = 'POST';
INSERT INTO RESTRESOURCES(RESTRESOURCES_PK, "METHOD", APPLICATION, "PATH", RESOURCEID, OPERATION, DESCRIPTION) VALUES ((SELECT MAX(CAST (RESTRESOURCES_PK AS INTEGER))+1 AS RESTRESOURCES_PK FROM RESTRESOURCES),'POST','VolPayHub','/v2/payments/approve1','003','A1','API for Approving Instructions in Process Level');

DELETE FROM RESTRESOURCES WHERE  "PATH" = '/v2/payments/approve2' AND METHOD = 'POST';
INSERT INTO RESTRESOURCES(RESTRESOURCES_PK, "METHOD", APPLICATION, "PATH", RESOURCEID, OPERATION, DESCRIPTION) VALUES ((SELECT MAX(CAST (RESTRESOURCES_PK AS INTEGER))+1 AS RESTRESOURCES_PK FROM RESTRESOURCES),'POST','VolPayHub','/v2/payments/approve2','003','A2','API for Approving Instructions in Process Level');

DELETE FROM RESTRESOURCES WHERE  "PATH" = '/v2/payments/approve3' AND METHOD = 'POST';
INSERT INTO RESTRESOURCES(RESTRESOURCES_PK, "METHOD", APPLICATION, "PATH", RESOURCEID, OPERATION, DESCRIPTION) VALUES ((SELECT MAX(CAST (RESTRESOURCES_PK AS INTEGER))+1 AS RESTRESOURCES_PK FROM RESTRESOURCES),'POST','VolPayHub','/v2/payments/approve3','003','A3','API for Approving Instructions in Process Level');

DELETE FROM RESTRESOURCES WHERE  "PATH" = '/v2/payments/approve4' AND METHOD = 'POST';
INSERT INTO RESTRESOURCES(RESTRESOURCES_PK, "METHOD", APPLICATION, "PATH", RESOURCEID, OPERATION, DESCRIPTION) VALUES ((SELECT MAX(CAST (RESTRESOURCES_PK AS INTEGER))+1 AS RESTRESOURCES_PK FROM RESTRESOURCES),'POST','VolPayHub','/v2/payments/approve4','003','A4','API for Approving Instructions in Process Level');

DELETE FROM RESTRESOURCES WHERE  "PATH" = '/v2/payments/approve5' AND METHOD = 'POST';
INSERT INTO RESTRESOURCES(RESTRESOURCES_PK, "METHOD", APPLICATION, "PATH", RESOURCEID, OPERATION, DESCRIPTION) VALUES ((SELECT MAX(CAST (RESTRESOURCES_PK AS INTEGER))+1 AS RESTRESOURCES_PK FROM RESTRESOURCES),'POST','VolPayHub','/v2/payments/approve5','003','A5','API for Approving Instructions in Process Level');

DELETE FROM RESTRESOURCES WHERE  "PATH" = '/v2/serviceregistries/readall' AND METHOD = 'POST';
INSERT INTO RESTRESOURCES(RESTRESOURCES_PK, "METHOD", APPLICATION, "PATH", RESOURCEID, OPERATION, DESCRIPTION) VALUES ((SELECT MAX(CAST (RESTRESOURCES_PK AS INTEGER))+1 AS RESTRESOURCES_PK FROM RESTRESOURCES),'POST','VolPayHub','/v2/serviceregistries/readall','066','R','API for getting ServiceRegistry');

DELETE FROM RESTRESOURCES WHERE  "PATH" = '/v2/statusapprovalconfigs/readall' AND METHOD = 'POST';
DELETE FROM RESTRESOURCES WHERE  "PATH" = '/v2/statusapprovalconfigs/delete' AND METHOD = 'POST';
DELETE FROM RESTRESOURCES WHERE  "PATH" = '/v2/statusapprovalconfigs/read' AND METHOD = 'POST';
DELETE FROM RESTRESOURCES WHERE  "PATH" = '/v2/statusapprovalconfigs/count' AND METHOD = 'GET';
DELETE FROM RESTRESOURCES WHERE  "PATH" = '/v2/statusapprovalconfigs/audit/readall' AND METHOD = 'POST';
DELETE FROM RESTRESOURCES WHERE  "PATH" = '/v2/statusapprovalconfigs/{status}/count' AND METHOD = 'GET';
DELETE FROM RESTRESOURCES WHERE  "PATH" = '/v2/statusapprovalconfigs/suspend' AND METHOD = 'POST';
DELETE FROM RESTRESOURCES WHERE  "PATH" = '/v2/statusapprovalconfigs/activate' AND METHOD = 'POST';
DELETE FROM RESTRESOURCES WHERE  "PATH" = '/v2/statusapprovalconfigs' AND METHOD = 'POST';
DELETE FROM RESTRESOURCES WHERE  "PATH" = '/v2/statusapprovalconfigs' AND METHOD = 'PUT';
DELETE FROM ROLERESOURCEPERMISSION WHERE ROLEID = 'Super Admin' AND RESOURCEID = '076';
DELETE FROM RESOURCEAPPROVALPERMISSION WHERE RESOURCEID = '076';
DELETE FROM ATTRIBUTEMASTER WHERE RESOURCEID = '076' AND ATTRIBUTEID IN ('076002', '076003', '076004', '076005', '076006', '076007', '076008', '076009');
DELETE FROM MENURESOURCEASSOCIATION WHERE RESOURCEID = '076' AND MENUID = '077';
DELETE FROM RESOURCEMASTER WHERE RESOURCEID = '076' AND RESOURCENAME = 'Status Approval Config';
INSERT INTO RESOURCEMASTER(RESOURCEID, RESOURCENAME, RESOURCEGROUPNAME) VALUES('076', 'Status Approval Config', 'Security');

INSERT INTO MENURESOURCEASSOCIATION(RESOURCEID, MENUID, MENUNAME, TABLENAME) VALUES('076', '077', 'Status Approval Config', 'StatusApprovalConfig');

INSERT INTO RESTRESOURCES(RESTRESOURCES_PK, "METHOD", APPLICATION, "PATH", RESOURCEID, OPERATION, DESCRIPTION) VALUES ((SELECT MAX(CAST (RESTRESOURCES_PK AS INTEGER))+1 AS RESTRESOURCES_PK FROM RESTRESOURCES),'POST','VolPayHub','/v2/statusapprovalconfigs/readall','076','R','API for getting StatusApprovalConfig');

INSERT INTO RESTRESOURCES(RESTRESOURCES_PK, "METHOD", APPLICATION, "PATH", RESOURCEID, OPERATION, DESCRIPTION) VALUES ((SELECT MAX(CAST (RESTRESOURCES_PK AS INTEGER))+1 AS RESTRESOURCES_PK FROM RESTRESOURCES),'POST','VolPayHub','/v2/statusapprovalconfigs/delete','076','D','API for deleting StatusApprovalConfig');

INSERT INTO RESTRESOURCES(RESTRESOURCES_PK, "METHOD", APPLICATION, "PATH", RESOURCEID, OPERATION, DESCRIPTION) VALUES ((SELECT MAX(CAST (RESTRESOURCES_PK AS INTEGER))+1 AS RESTRESOURCES_PK FROM RESTRESOURCES),'POST','VolPayHub','/v2/statusapprovalconfigs/read','076','R','API for getting StatusApprovalConfig');

INSERT INTO RESTRESOURCES(RESTRESOURCES_PK, "METHOD", APPLICATION, "PATH", RESOURCEID, OPERATION, DESCRIPTION) VALUES ((SELECT MAX(CAST (RESTRESOURCES_PK AS INTEGER))+1 AS RESTRESOURCES_PK FROM RESTRESOURCES),'GET','VolPayHub','/v2/statusapprovalconfigs/count','076','R','API for Getting StatusApprovalConfig entity Count');

INSERT INTO RESTRESOURCES(RESTRESOURCES_PK, "METHOD", APPLICATION, "PATH", RESOURCEID, OPERATION, DESCRIPTION) VALUES ((SELECT MAX(CAST (RESTRESOURCES_PK AS INTEGER))+1 AS RESTRESOURCES_PK FROM RESTRESOURCES),'POST','VolPayHub','/v2/statusapprovalconfigs/audit/readall','076','R','API for getting StatusApprovalConfig log audit');

INSERT INTO RESTRESOURCES(RESTRESOURCES_PK, "METHOD", APPLICATION, "PATH", RESOURCEID, OPERATION, DESCRIPTION) VALUES ((SELECT MAX(CAST (RESTRESOURCES_PK AS INTEGER))+1 AS RESTRESOURCES_PK FROM RESTRESOURCES),'GET','VolPayHub','/v2/statusapprovalconfigs/{status}/count','076','R','API for Getting StatusApprovalConfig entity Count by Status');

INSERT INTO RESTRESOURCES(RESTRESOURCES_PK, "METHOD", APPLICATION, "PATH", RESOURCEID, OPERATION, DESCRIPTION) VALUES ((SELECT MAX(CAST (RESTRESOURCES_PK AS INTEGER))+1 AS RESTRESOURCES_PK FROM RESTRESOURCES),'POST','VolPayHub','/v2/statusapprovalconfigs/suspend','076','R','API for Suspending StatusApprovalConfig');

INSERT INTO RESTRESOURCES(RESTRESOURCES_PK, "METHOD", APPLICATION, "PATH", RESOURCEID, OPERATION, DESCRIPTION) VALUES ((SELECT MAX(CAST (RESTRESOURCES_PK AS INTEGER))+1 AS RESTRESOURCES_PK FROM RESTRESOURCES),'POST','VolPayHub','/v2/statusapprovalconfigs/activate','076','R','API for Activating StatusApprovalConfig');

INSERT INTO RESTRESOURCES(RESTRESOURCES_PK, "METHOD", APPLICATION, "PATH", RESOURCEID, OPERATION, DESCRIPTION) VALUES ((SELECT MAX(CAST (RESTRESOURCES_PK AS INTEGER))+1 AS RESTRESOURCES_PK FROM RESTRESOURCES),'POST','VolPayHub','/v2/statusapprovalconfigs','076','C','API for creating StatusApprovalConfig');

INSERT INTO RESTRESOURCES(RESTRESOURCES_PK, "METHOD", APPLICATION, "PATH", RESOURCEID, OPERATION, DESCRIPTION) VALUES ((SELECT MAX(CAST (RESTRESOURCES_PK AS INTEGER))+1 AS RESTRESOURCES_PK FROM RESTRESOURCES),'PUT','VolPayHub','/v2/statusapprovalconfigs','076','U','API for updating StatusApprovalConfig');

DELETE FROM RESTRESOURCES WHERE  "PATH" = '/v2/instructions/rejectapproval' AND METHOD = 'POST';
INSERT INTO RESTRESOURCES(RESTRESOURCES_PK, "METHOD", APPLICATION, "PATH", RESOURCEID, OPERATION, DESCRIPTION) VALUES ((SELECT MAX(CAST (RESTRESOURCES_PK AS INTEGER))+1 AS RESTRESOURCES_PK FROM RESTRESOURCES),'POST','VolPayHub','/v2/instructions/rejectapproval','002','InstrProcessReject',NULL);

DELETE FROM RESTRESOURCES WHERE  "PATH" = '/v2/payments/rejectapproval' AND METHOD = 'POST';
INSERT INTO RESTRESOURCES(RESTRESOURCES_PK, "METHOD", APPLICATION, "PATH", RESOURCEID, OPERATION, DESCRIPTION) VALUES ((SELECT MAX(CAST (RESTRESOURCES_PK AS INTEGER))+1 AS RESTRESOURCES_PK FROM RESTRESOURCES),'POST','VolPayHub','/v2/payments/rejectapproval','003','PmntProcessReject',NULL);

INSERT INTO ROLERESOURCEPERMISSION(ROLEID, RESOURCEID, PERMISSION) VALUES('Super Admin', '076', 'A1');
INSERT INTO ROLERESOURCEPERMISSION(ROLEID, RESOURCEID, PERMISSION) VALUES('Super Admin', '076', 'C');
INSERT INTO ROLERESOURCEPERMISSION(ROLEID, RESOURCEID, PERMISSION) VALUES('Super Admin', '076', 'D');
INSERT INTO ROLERESOURCEPERMISSION(ROLEID, RESOURCEID, PERMISSION) VALUES('Super Admin', '076', 'R');
INSERT INTO ROLERESOURCEPERMISSION(ROLEID, RESOURCEID, PERMISSION) VALUES('Super Admin', '076', 'U');

DELETE FROM ROLERESOURCEPERMISSION WHERE ROLEID = 'Super Admin' AND RESOURCEID = '002' AND PERMISSION = 'InstrProcessReject';
INSERT INTO ROLERESOURCEPERMISSION(ROLEID, RESOURCEID, PERMISSION) VALUES('Super Admin', '002', 'InstrProcessReject');
DELETE FROM ROLERESOURCEPERMISSION WHERE ROLEID = 'Super Admin' AND RESOURCEID = '003' AND PERMISSION = 'PmntProcessReject';
INSERT INTO ROLERESOURCEPERMISSION(ROLEID, RESOURCEID, PERMISSION) VALUES('Super Admin', '003', 'PmntProcessReject');

INSERT INTO RESOURCEAPPROVALPERMISSION(RESOURCEAPPROVALPERMISSION_PK, RESOURCEID, OPERATION, APPROVALCOUNT, CONDITIONID, STATUS, EFFECTIVEFROMDATE, EFFECTIVETILLDATE, ROLEID) VALUES(SYS_GUID(), '076', 'C', 1, NULL, 'ACTIVE', TO_DATE('2017-01-01', 'YYYY-MM-DD'), NULL, 'ALL');
INSERT INTO RESOURCEAPPROVALPERMISSION(RESOURCEAPPROVALPERMISSION_PK, RESOURCEID, OPERATION, APPROVALCOUNT, CONDITIONID, STATUS, EFFECTIVEFROMDATE, EFFECTIVETILLDATE, ROLEID) VALUES(SYS_GUID(), '076', 'U', 1, NULL, 'ACTIVE', TO_DATE('2017-01-01', 'YYYY-MM-DD'), NULL, 'ALL');
INSERT INTO RESOURCEAPPROVALPERMISSION(RESOURCEAPPROVALPERMISSION_PK, RESOURCEID, OPERATION, APPROVALCOUNT, CONDITIONID, STATUS, EFFECTIVEFROMDATE, EFFECTIVETILLDATE, ROLEID) VALUES(SYS_GUID(), '076', 'D', 1, NULL, 'ACTIVE', TO_DATE('2017-01-01', 'YYYY-MM-DD'), NULL, 'ALL');

UPDATE RESTRESOURCES SET METHOD = 'POST' WHERE "PATH" = '/v2/manualpaymentinitiationtemplate/rolesaccessible/readall';

DELETE FROM STATUSAPPROVALCONFIG WHERE PROCESSSTATUS = 'WAITING_PROCESSAPPROVAL';
DELETE FROM STATUSAPPROVALCONFIG WHERE PROCESSSTATUS = 'WAITING_FOR_APPROVAL';
INSERT INTO STATUSAPPROVALCONFIG(STATUSAPPROVALCONFIG_PK, WORKFLOWCODE, PROCESSSTATUS, STATUS, EFFECTIVEFROMDATE, EFFECTIVETILLDATE, PROCESSCODE, APPROVALCOUNT, CONDITIONID) VALUES(SYS_GUID(), 'PAYMENT', 'WAITING_PROCESSAPPROVAL', 'ACTIVE', TO_DATE('2017-01-01', 'YYYY-MM-DD'), NULL, NULL, 1, NULL);
INSERT INTO STATUSAPPROVALCONFIG(STATUSAPPROVALCONFIG_PK, WORKFLOWCODE, PROCESSSTATUS, STATUS, EFFECTIVEFROMDATE, EFFECTIVETILLDATE, PROCESSCODE, APPROVALCOUNT, CONDITIONID) VALUES(SYS_GUID(), 'INSTRUCTION', 'WAITING_FOR_APPROVAL', 'ACTIVE', TO_DATE('2017-01-01', 'YYYY-MM-DD'), NULL, NULL, 1, NULL);

INSERT INTO ATTRIBUTEMASTER(RESOURCEID, ATTRIBUTEID, ATTRIBUTENAME, ATTRIBUTETYPE) VALUES('076', '076002', 'WorkFlowCode', 'String');
INSERT INTO ATTRIBUTEMASTER(RESOURCEID, ATTRIBUTEID, ATTRIBUTENAME, ATTRIBUTETYPE) VALUES('076', '076003', 'ProcessStatus', 'String');
INSERT INTO ATTRIBUTEMASTER(RESOURCEID, ATTRIBUTEID, ATTRIBUTENAME, ATTRIBUTETYPE) VALUES('076', '076004', 'ProcessName', 'String');
INSERT INTO ATTRIBUTEMASTER(RESOURCEID, ATTRIBUTEID, ATTRIBUTENAME, ATTRIBUTETYPE) VALUES('076', '076005', 'ApprovalCount', 'Integer');
INSERT INTO ATTRIBUTEMASTER(RESOURCEID, ATTRIBUTEID, ATTRIBUTENAME, ATTRIBUTETYPE) VALUES('076', '076006', 'ConditionID', 'String');
INSERT INTO ATTRIBUTEMASTER(RESOURCEID, ATTRIBUTEID, ATTRIBUTENAME, ATTRIBUTETYPE) VALUES('076', '076007', 'Status', 'String');
INSERT INTO ATTRIBUTEMASTER(RESOURCEID, ATTRIBUTEID, ATTRIBUTENAME, ATTRIBUTETYPE) VALUES('076', '076008', 'EffectiveFromDate', 'Date');
INSERT INTO ATTRIBUTEMASTER(RESOURCEID, ATTRIBUTEID, ATTRIBUTENAME, ATTRIBUTETYPE) VALUES('076', '076009', 'EffectiveTillDate', 'Date');

DELETE FROM APPROVALEXTENSION WHERE ENTITYNAME = 'InstructionRawData' AND APPROVALSTATE = 'InstructionWaitForApproval';
INSERT INTO APPROVALEXTENSION(APPROVALEXTENSION_PK, ENTITYNAME, INTERNALMESSAGE,APPROVALSTATE, APPROVALFLOW, REJECTFLOW)VALUES(SYS_GUID(), 'InstructionRawData', 'InstructionRawData', 'InstructionWaitForApproval', 'AcceptProcessLevelApprovalForInstruction', 'RejectProcessLevelApprovalForInstruction');

DELETE FROM APPROVALEXTENSION WHERE ENTITYNAME = 'PaymentControlDataNO' AND APPROVALSTATE = 'PaymentWaitForApproval';
INSERT INTO APPROVALEXTENSION(APPROVALEXTENSION_PK,ENTITYNAME,INTERNALMESSAGE,APPROVALSTATE,APPROVALFLOW,REJECTFLOW) VALUES(SYS_GUID(),'PaymentControlDataNO','PaymentControlDataNO','PaymentWaitForApproval','AcceptProcessLevelApprovalForPayment','RejectProcessLevelApprovalForPayment') ;

DELETE FROM APPROVALEXTENSION WHERE ENTITYNAME = 'RoleResourcePermission' AND APPROVALSTATE = 'EDITED';
INSERT INTO APPROVALEXTENSION(APPROVALEXTENSION_PK, ENTITYNAME, INTERNALMESSAGE, APPROVALSTATE, APPROVALFLOW, REJECTFLOW)VALUES(SYS_GUID(), 'RoleResourcePermission', 'GroupResourcePermissions', 'EDITED', 'EntitlementApproval', 'UpdateApprovalDetailsInRole');

UPDATE INCIDENCEMASTER SET ALLOWEDPARAMETER='psa',INCIDENCECODE='PSAERR001' WHERE INCIDENCECODE='DPV003';

UPDATE INCIDENCEDEFINITION SET INCIDENCECODE='PSAERR001',DESCRIPTION='PSA with Code {psa} not found in Partyserviceassociation table' WHERE INCIDENCECODE='DPV003';

DELETE FROM RESTRESOURCES WHERE "PATH" = '/v2/incidencedefinitionsutil/{processName}' AND METHOD = 'GET';
INSERT INTO RESTRESOURCES(RESTRESOURCES_PK, "METHOD", APPLICATION, "PATH", RESOURCEID, OPERATION, DESCRIPTION) VALUES((SELECT max(CAST(RESTRESOURCES_PK AS INTEGER)) + 1 AS RESTRESOURCES_PK FROM RESTRESOURCES), 'GET', 'VolPayHub', '/v2/incidencedefinitionsutil/{processName}', '062', 'R', 'API to get the Allowed Party Service Association based on the ProcessName');

DELETE FROM RESTRESOURCES WHERE "PATH" = '/v2/actions/manual' AND METHOD = 'POST';
INSERT INTO RESTRESOURCES(RESTRESOURCES_PK, "METHOD", APPLICATION, "PATH", RESOURCEID, OPERATION, DESCRIPTION) VALUES((SELECT max(CAST(RESTRESOURCES_PK AS INTEGER)) + 1 AS RESTRESOURCES_PK FROM RESTRESOURCES), 'POST', 'VolPayHub', '/v2/actions/manual', '007', 'R', 'Returns list of action and its parameter for given status');

DELETE FROM ACTIONDEFINITION WHERE ACTIONNAME = 'ChckAndHandleRmtInfo' AND WORKFLOWCODE = 'PAYMENT';
INSERT INTO ACTIONDEFINITION(ACTIONNAME, DESCRIPTION, ACTIONDEFINITION_PK, WORKFLOWCODE, ALIASNAME, CLIENTALIASNAME, DUALCONTROLREQUIRED, MANDATENOTE, GROUPACTIONALLOWED, RESTURL, RESTMETHOD, SUCCESSURL, FAILUREURL, FLOWNAME, STATUS, EFFECTIVEFROMDATE, EFFECTIVETILLDATE, FUNCTIONNAME) VALUES('ChckAndHandleRmtInfo', 'Check and handle REMT info in CT', SYS_GUID(), 'PAYMENT', NULL, NULL, NULL, NULL, NULL, NULL, NULL, NULL, NULL, 'CTRmtInfoHandler', 'ACTIVE', TO_DATE('2017-01-01', 'YYYY-MM-DD'), NULL, NULL);

DELETE FROM STATUSACTION WHERE "ACTION" = 'ChckAndHandleRmtInfo' AND WORKFLOWCODE = 'PAYMENT' AND PROCESSSTATUS = 'COMPLETED' AND PROCESSNAME IS NULL;
INSERT INTO STATUSACTION("ACTION", STATUSACTION_PK, WORKFLOWCODE, PROCESSSTATUS, STATUS, EFFECTIVEFROMDATE, EFFECTIVETILLDATE, PROCESSNAME) VALUES('ChckAndHandleRmtInfo',SYS_GUID(), 'PAYMENT', 'COMPLETED', 'ACTIVE', TO_DATE('2017-01-01', 'YYYY-MM-DD'), NULL, NULL);

DELETE FROM STATUSACTION WHERE "ACTION" = 'ChckAndHandleRmtInfo' AND WORKFLOWCODE = 'PAYMENT' AND PROCESSSTATUS = 'FOR_BULKING' AND PROCESSNAME IS NULL;
INSERT INTO STATUSACTION("ACTION", STATUSACTION_PK, WORKFLOWCODE, PROCESSSTATUS, STATUS, EFFECTIVEFROMDATE, EFFECTIVETILLDATE, PROCESSNAME) VALUES('ChckAndHandleRmtInfo',SYS_GUID(), 'PAYMENT', 'FOR_BULKING', 'ACTIVE', TO_DATE('2017-01-01', 'YYYY-MM-DD'), NULL, NULL);

UPDATE BUSINESSFUNCTIONWORKFLOW SET TASKCONFIG = '<TaskConfig><Configs><Name>UPDATENEEDED</Name><Value>TRUE</Value></Configs><Configs><Name>UPDATEPFDOVERRIDEFLOW</Name><Value>UpdateTransformAndTransmit</Value></Configs></TaskConfig>' WHERE FUNCTIONCODE = 'TransformAndTransmit' AND TASKCODE = 'TransformAndTransmit';

DELETE FROM INCIDENCEDEFINITION WHERE INCIDENCECODE IN('DPD012','DPDCPDBR08');
INSERT INTO INCIDENCEDEFINITION (INCIDENCECODE, DESCRIPTION, INCIDENCERESOLUTION, SEVERITY, INCIDENCEORIGIN, CANCLIENTSETPREFERENCE, OPSSEVERITYPREFERENCE, CLIENTSEVERITYPREFERENCE, REPAIRANDMANUALINPUT, PROCESSSTATUS, INCIDENCETYPE, WORKFLOWCODE, INCIDENCEDEFINITION_PK, PROCESSNAME, PARTYSERVICEASSOCIATIONCODE, STATUS, EFFECTIVEFROMDATE, EFFECTIVETILLDATE) VALUES('DPD012', 'Found more than one record with same currency and PartyCode and preferred account is set to false', 'Error', 'High', 'User', NULL, NULL, NULL, NULL, 'REPAIR', 'ISSUE', 'PAYMENT',SYS_GUID(), NULL, NULL, 'ACTIVE', TO_DATE('2017-01-01', 'YYYY-MM-DD'), NULL);
INSERT INTO INCIDENCEDEFINITION (INCIDENCECODE, DESCRIPTION, INCIDENCERESOLUTION, SEVERITY, INCIDENCEORIGIN, CANCLIENTSETPREFERENCE, OPSSEVERITYPREFERENCE, CLIENTSEVERITYPREFERENCE, REPAIRANDMANUALINPUT, PROCESSSTATUS, INCIDENCETYPE, WORKFLOWCODE, INCIDENCEDEFINITION_PK, PROCESSNAME, PARTYSERVICEASSOCIATIONCODE, STATUS, EFFECTIVEFROMDATE, EFFECTIVETILLDATE) VALUES('DPDCPDBR08', 'Business rule has made the ${custm} party role as ${partyRole} but no record found in account table with account number ${acctNo} and account type ${acctType}', 'Error', 'High', 'User', NULL, NULL, NULL, NULL, 'REPAIR', 'ISSUE', 'PAYMENT',SYS_GUID(), NULL, NULL, 'ACTIVE', TO_DATE('2017-01-01', 'YYYY-MM-DD'), NULL);

DELETE FROM INCIDENCEMASTER WHERE INCIDENCECODE IN('DPD012','DPDCPDBR08');
INSERT INTO INCIDENCEMASTER (INCIDENCECODE, WORKFLOWCODE, ALLOWEDPROCESSSTATUS, ALLOWEDPARAMETER, ALLOWSTP) VALUES('DPD012', 'PAYMENT', 'REPAIR', NULL, 0);
INSERT INTO INCIDENCEMASTER (INCIDENCECODE, WORKFLOWCODE, ALLOWEDPROCESSSTATUS, ALLOWEDPARAMETER, ALLOWSTP) VALUES('DPDCPDBR08', 'PAYMENT', 'REPAIR', 'custm,partyRole,acctNo,acctType', 0);

DELETE FROM ACTIONDEFINITION WHERE ACTIONNAME = 'ResetAllTransErrInfo' AND WORKFLOWCODE = 'PAYMENT';
INSERT INTO ACTIONDEFINITION(ACTIONNAME, DESCRIPTION, ACTIONDEFINITION_PK, WORKFLOWCODE, ALIASNAME, CLIENTALIASNAME, DUALCONTROLREQUIRED, MANDATENOTE, GROUPACTIONALLOWED, RESTURL, RESTMETHOD, SUCCESSURL, FAILUREURL, FLOWNAME, STATUS, EFFECTIVEFROMDATE, EFFECTIVETILLDATE, FUNCTIONNAME) VALUES('ResetAllTransErrInfo', 'Reset all error info IsHandled', SYS_GUID(), 'PAYMENT', NULL, NULL, NULL, NULL, NULL, NULL, NULL, NULL, NULL, 'ResetAllTransErrInfo', 'ACTIVE', TO_DATE('2017-01-01', 'YYYY-MM-DD'), NULL, NULL);

DELETE FROM STATUSACTION WHERE "ACTION" = 'ResetAllTransErrInfo' AND WORKFLOWCODE = 'PAYMENT' AND PROCESSSTATUS = 'WAREHOUSED' AND PROCESSNAME IS NULL;
INSERT INTO STATUSACTION("ACTION", STATUSACTION_PK, WORKFLOWCODE, PROCESSSTATUS, STATUS, EFFECTIVEFROMDATE, EFFECTIVETILLDATE, PROCESSNAME) VALUES('ResetAllTransErrInfo',SYS_GUID(), 'PAYMENT', 'WAREHOUSED', 'ACTIVE', TO_DATE('2017-01-01', 'YYYY-MM-DD'), NULL, NULL);

DELETE FROM STATUSACTION WHERE "ACTION" = 'ResetAllTransErrInfo' AND WORKFLOWCODE = 'PAYMENT' AND PROCESSSTATUS = 'REPAIR' AND PROCESSNAME IS NULL;
INSERT INTO STATUSACTION("ACTION", STATUSACTION_PK, WORKFLOWCODE, PROCESSSTATUS, STATUS, EFFECTIVEFROMDATE, EFFECTIVETILLDATE, PROCESSNAME) VALUES('ResetAllTransErrInfo',SYS_GUID(), 'PAYMENT', 'REPAIR', 'ACTIVE', TO_DATE('2017-01-01', 'YYYY-MM-DD'), NULL, NULL);

DELETE FROM INCIDENCEMASTER WHERE INCIDENCECODE = 'DBLKDWITHERR001';
INSERT INTO INCIDENCEMASTER(INCIDENCECODE, WORKFLOWCODE, ALLOWEDPROCESSSTATUS, ALLOWEDPARAMETER, ALLOWSTP) VALUES('DBLKDWITHERR001', 'INSTRUCTION', 'DEBULKED_WITH_ERROR', 'exceptions', 0);

DELETE FROM INCIDENCEDEFINITION WHERE INCIDENCECODE = 'DBLKDWITHERR001' AND PROCESSNAME IS NULL AND PARTYSERVICEASSOCIATIONCODE IS NULL;
INSERT INTO INCIDENCEDEFINITION(INCIDENCECODE, DESCRIPTION, INCIDENCERESOLUTION, SEVERITY, INCIDENCEORIGIN, CANCLIENTSETPREFERENCE, OPSSEVERITYPREFERENCE, CLIENTSEVERITYPREFERENCE, REPAIRANDMANUALINPUT, PROCESSSTATUS, INCIDENCETYPE, WORKFLOWCODE, INCIDENCEDEFINITION_PK, PROCESSNAME, PARTYSERVICEASSOCIATIONCODE, STATUS, EFFECTIVEFROMDATE, EFFECTIVETILLDATE)VALUES('DBLKDWITHERR001', 'Instruction Debulked with errors. Exceptions at instruction level are: ${exceptions}', 'Check InstructionRawData', 'High', 'User', NULL, NULL, NULL, NULL, 'DEBULKED_WITH_ERROR', 'ISSUE', 'INSTRUCTION', SYS_GUID(), NULL, NULL, 'ACTIVE', TO_DATE('2017-10-12','YYYY-MM-DD'), NULL);

COMMIT;