DELETE FROM BUSINESSPROCESSWORKFLOW WHERE  PROCESSCODE='OUTGOINGRFP-DEFAULT' AND FUNCTIONCODE='ValueDateBackDated_RFP';
INSERT INTO BUSINESSPROCESSWORKFLOW (BUSINESSPROCESSWORKFLOW_PK, PROCESSCODE, FUNCTIONCODE, ACTIVITYINDEX, WORKFLOWCODE, STATUS, EFFECTIVEFROMDATE, EFFECTIVETILLDATE, BUSINESSRULEHANDLERFLOW) VALUES((SELECT max(CAST(BUSINESSPROCESSWORKFLOW_PK AS INTEGER)) + 1 AS BUSINESSPROCESSWORKFLOW_PK FROM BUSINESSPROCESSWORKFLOW), 'OUTGOINGRFP-DEFAULT', 'ValueDateBackDated_RFP', 35, 'RFP_TXN', 'ACTIVE',TO_DATE('2017-11-28','YYYY-MM-DD'), NULL, NULL);

DELETE FROM BUSINESSPROCESSWORKFLOW WHERE  PROCESSCODE='VOLPAY-DEFAULT' AND FUNCTIONCODE='ValueDateBackDated';
INSERT INTO BUSINESSPROCESSWORKFLOW (BUSINESSPROCESSWORKFLOW_PK, PROCESSCODE, FUNCTIONCODE, ACTIVITYINDEX, WORKFLOWCODE, STATUS, EFFECTIVEFROMDATE, EFFECTIVETILLDATE, BUSINESSRULEHANDLERFLOW) VALUES((SELECT max(CAST(BUSINESSPROCESSWORKFLOW_PK AS INTEGER)) + 1 AS BUSINESSPROCESSWORKFLOW_PK FROM BUSINESSPROCESSWORKFLOW), 'VOLPAY-DEFAULT', 'ValueDateBackDated', 55, 'PAYMENT', 'ACTIVE',TO_DATE('2017-11-28','YYYY-MM-DD'), NULL, NULL);

DELETE FROM BUSINESSFUNCTIONMASTER WHERE FUNCTIONCODE='ValueDateBackDated' AND WORKFLOWCODE='PAYMENT';
INSERT INTO BUSINESSFUNCTIONMASTER (BUSINESSFUNCTIONMASTER_PK, FUNCTIONCODE, FUNCTIONDESCRIPTION, WORKFLOWCODE) VALUES((SELECT max(CAST(BUSINESSFUNCTIONMASTER_PK AS INTEGER)) + 1 AS BUSINESSFUNCTIONMASTER_PK FROM BUSINESSFUNCTIONMASTER), 'ValueDateBackDated', NULL, 'PAYMENT');

DELETE FROM BUSINESSFUNCTIONMASTER WHERE FUNCTIONCODE='ValueDateBackDated_RFP' AND WORKFLOWCODE='RFP_TXN';
INSERT INTO BUSINESSFUNCTIONMASTER (BUSINESSFUNCTIONMASTER_PK, FUNCTIONCODE, FUNCTIONDESCRIPTION, WORKFLOWCODE) VALUES((SELECT max(CAST(BUSINESSFUNCTIONMASTER_PK AS INTEGER)) + 1 AS BUSINESSFUNCTIONMASTER_PK FROM BUSINESSFUNCTIONMASTER), 'ValueDateBackDated_RFP', NULL, 'RFP_TXN');

DELETE FROM BUSINESSFUNCTIONWORKFLOW WHERE FUNCTIONCODE='ValueDateBackDated' AND TASKCODE='ValueDateBackDated';
INSERT INTO BUSINESSFUNCTIONWORKFLOW (BUSINESSFUNCTIONWORKFLOW_PK, FUNCTIONCODE, TASKCODE, ACTIVITYINDEX, TASKCONFIG, STATUS, EFFECTIVEFROMDATE, EFFECTIVETILLDATE) VALUES((SELECT max(CAST(BUSINESSFUNCTIONWORKFLOW_PK AS INTEGER)) + 1 AS BUSINESSFUNCTIONWORKFLOW_PK FROM BUSINESSFUNCTIONWORKFLOW), 'ValueDateBackDated', 'ValueDateBackDated', 1, NULL, 'ACTIVE',TO_DATE('2017-11-28','YYYY-MM-DD'), NULL);

DELETE FROM BUSINESSFUNCTIONWORKFLOW WHERE FUNCTIONCODE='ValueDateBackDated_RFP' AND TASKCODE='ValueDateBackDated_RFP';
INSERT INTO BUSINESSFUNCTIONWORKFLOW (BUSINESSFUNCTIONWORKFLOW_PK, FUNCTIONCODE, TASKCODE, ACTIVITYINDEX, TASKCONFIG, STATUS, EFFECTIVEFROMDATE, EFFECTIVETILLDATE) VALUES((SELECT max(CAST(BUSINESSFUNCTIONWORKFLOW_PK AS INTEGER)) + 1 AS BUSINESSFUNCTIONWORKFLOW_PK FROM BUSINESSFUNCTIONWORKFLOW), 'ValueDateBackDated_RFP', 'ValueDateBackDated_RFP', 1, NULL, 'ACTIVE',TO_DATE('2017-11-28','YYYY-MM-DD'), NULL);

DELETE FROM TASKSMASTER WHERE TASKCODE='ValueDateBackDated' AND WORKFLOWCODE='PAYMENT';
INSERT INTO TASKSMASTER (TASKSMASTER_PK, TASKCODE, TASKNAME, TECHNICALFLOWNAME, TASKDESCRIPTION, WORKFLOWCODE) VALUES((SELECT max(CAST(TASKSMASTER_PK AS INTEGER)) + 1 AS TASKSMASTER_PK FROM TASKSMASTER), 'ValueDateBackDated', 'ValueDateBackDated', 'ValDtBackDtdPmtDays', NULL, 'PAYMENT');

DELETE FROM TASKSMASTER WHERE TASKCODE='ValueDateBackDated_RFP' AND WORKFLOWCODE='RFP_TXN';
INSERT INTO TASKSMASTER (TASKSMASTER_PK, TASKCODE, TASKNAME, TECHNICALFLOWNAME, TASKDESCRIPTION, WORKFLOWCODE) VALUES((SELECT max(CAST(TASKSMASTER_PK AS INTEGER)) + 1 AS TASKSMASTER_PK FROM TASKSMASTER), 'ValueDateBackDated_RFP', 'ValueDateBackDated_RFP', 'ValDtBackDtdPmtDays', NULL, 'RFP_TXN');

DELETE FROM INCIDENCEMASTER WHERE INCIDENCECODE IN ('VALDATE001','VALDATE002','CPD005','CPD006');
INSERT INTO INCIDENCEMASTER(INCIDENCECODE, WORKFLOWCODE, ALLOWEDPROCESSSTATUS, ALLOWEDPARAMETER, ALLOWSTP)VALUES('VALDATE001', 'PAYMENT', 'REJECTED','startDate', 0);
INSERT INTO INCIDENCEMASTER(INCIDENCECODE, WORKFLOWCODE, ALLOWEDPROCESSSTATUS, ALLOWEDPARAMETER, ALLOWSTP)VALUES('VALDATE002', 'PAYMENT', 'REJECTED','msg', 0);
INSERT INTO INCIDENCEMASTER(INCIDENCECODE, WORKFLOWCODE, ALLOWEDPROCESSSTATUS, ALLOWEDPARAMETER, ALLOWSTP)VALUES('CPD005', 'PAYMENT', 'REPAIR', 'fieldName', 1);
INSERT INTO INCIDENCEMASTER(INCIDENCECODE, WORKFLOWCODE, ALLOWEDPROCESSSTATUS, ALLOWEDPARAMETER, ALLOWSTP)VALUES('CPD006', 'PAYMENT', 'REPAIR', 'msg', 0);

DELETE FROM INCIDENCEDEFINITION WHERE INCIDENCECODE IN ('VALDATE001','VALDATE002','CPD005','CPD006');
INSERT INTO INCIDENCEDEFINITION(INCIDENCECODE, DESCRIPTION, INCIDENCERESOLUTION, SEVERITY, INCIDENCEORIGIN, CANCLIENTSETPREFERENCE, OPSSEVERITYPREFERENCE, CLIENTSEVERITYPREFERENCE, REPAIRANDMANUALINPUT, PROCESSSTATUS, INCIDENCETYPE, WORKFLOWCODE, INCIDENCEDEFINITION_PK, PROCESSNAME, PARTYSERVICEASSOCIATIONCODE, STATUS, EFFECTIVEFROMDATE, EFFECTIVETILLDATE)VALUES('VALDATE001', 'Payment is rejected:Value date can not be less than ${startDate}', 'check value date', 'High', 'User', NULL, NULL, NULL, NULL, 'REJECTED', 'ISSUE', 'PAYMENT', SYS_GUID(), NULL, NULL, 'ACTIVE', TO_DATE('2017-11-28','YYYY-MM-DD'), NULL);
INSERT INTO INCIDENCEDEFINITION(INCIDENCECODE, DESCRIPTION, INCIDENCERESOLUTION, SEVERITY, INCIDENCEORIGIN, CANCLIENTSETPREFERENCE, OPSSEVERITYPREFERENCE, CLIENTSEVERITYPREFERENCE, REPAIRANDMANUALINPUT, PROCESSSTATUS, INCIDENCETYPE, WORKFLOWCODE, INCIDENCEDEFINITION_PK, PROCESSNAME, PARTYSERVICEASSOCIATIONCODE, STATUS, EFFECTIVEFROMDATE, EFFECTIVETILLDATE)VALUES('VALDATE002', '${msg}', 'check office code', 'High', 'User', NULL, NULL, NULL, NULL, 'REJECTED', 'ISSUE', 'PAYMENT', SYS_GUID(), NULL, NULL, 'ACTIVE', TO_DATE('2017-11-28','YYYY-MM-DD'), NULL);
INSERT INTO INCIDENCEDEFINITION(INCIDENCECODE, DESCRIPTION, INCIDENCERESOLUTION, SEVERITY, INCIDENCEORIGIN, CANCLIENTSETPREFERENCE, OPSSEVERITYPREFERENCE, CLIENTSEVERITYPREFERENCE, REPAIRANDMANUALINPUT, PROCESSSTATUS, INCIDENCETYPE, WORKFLOWCODE, INCIDENCEDEFINITION_PK, PROCESSNAME, PARTYSERVICEASSOCIATIONCODE, STATUS, EFFECTIVEFROMDATE, EFFECTIVETILLDATE)VALUES('CPD005', 'Payment is repair: Payments ${fieldName} can not be empty', 'Check payment details', 'High', 'User', NULL, NULL, NULL, NULL, 'REPAIR', 'ISSUE', 'PAYMENT', SYS_GUID(), NULL, NULL, 'ACTIVE', TO_DATE('2017-11-28','YYYY-MM-DD'), NULL);
INSERT INTO INCIDENCEDEFINITION(INCIDENCECODE, DESCRIPTION, INCIDENCERESOLUTION, SEVERITY, INCIDENCEORIGIN, CANCLIENTSETPREFERENCE, OPSSEVERITYPREFERENCE, CLIENTSEVERITYPREFERENCE, REPAIRANDMANUALINPUT, PROCESSSTATUS, INCIDENCETYPE, WORKFLOWCODE, INCIDENCEDEFINITION_PK, PROCESSNAME, PARTYSERVICEASSOCIATIONCODE, STATUS, EFFECTIVEFROMDATE, EFFECTIVETILLDATE)VALUES('CPD006', 'Payment is repair: ${msg}', 'Check payment details', 'High', 'User', NULL, NULL, NULL, NULL, 'REPAIR', 'ISSUE', 'PAYMENT', SYS_GUID(), NULL, NULL, 'ACTIVE', TO_DATE('2017-11-28','YYYY-MM-DD'), NULL);

DELETE FROM VOLPAYCONFIGURATION WHERE NAME = 'CorrespondentsPriority';
INSERT INTO VOLPAYCONFIGURATION(NAME, VALUE, "TYPE") VALUES('CorrespondentsPriority', 'Branch,PartyCode,Service,Product,MessageType,Currency,CountryCode,MinAmount,MaxAmount,DestinationBankCode,DestinationBankIdentifier', NULL);

UPDATE BUSINESSFUNCTIONWORKFLOW SET TASKCONFIG = '<TaskConfig><Configs><Name>ISBANKROUTINGLOOKUPREQ</Name><Value>FALSE</Value></Configs></TaskConfig>' WHERE FUNCTIONCODE = 'CreditPartyDerivation';

DELETE FROM RESTRESOURCES WHERE  "PATH" = '/v2/bankrouting/readall' AND METHOD = 'POST';
DELETE FROM RESTRESOURCES WHERE  "PATH" = '/v2/bankrouting/delete' AND METHOD = 'POST';
DELETE FROM RESTRESOURCES WHERE  "PATH" = '/v2/bankrouting/read' AND METHOD = 'POST';
DELETE FROM RESTRESOURCES WHERE "PATH" = '/v2/bankrouting/count' AND METHOD = 'GET';
DELETE FROM RESTRESOURCES WHERE  "PATH" = '/v2/bankrouting/audit/readall' AND METHOD = 'POST';
DELETE FROM RESTRESOURCES WHERE  "PATH" = '/v2/bankrouting' AND METHOD = 'POST';
DELETE FROM RESTRESOURCES WHERE  "PATH" = '/v2/bankrouting' AND METHOD = 'PUT';
DELETE FROM RESTRESOURCES WHERE "PATH" = '/v2/bankrouting/suspend' AND METHOD = 'POST';
DELETE FROM RESTRESOURCES WHERE "PATH" = '/v2/bankrouting/activate' AND METHOD = 'POST';
DELETE FROM RESTRESOURCES WHERE "PATH" = '/v2/bankrouting/{status}/count' AND METHOD = 'GET';
DELETE FROM RESTRESOURCES WHERE  "PATH" = '/v2/bankrouting/metainfo' AND METHOD = 'GET';

DELETE FROM ATTRIBUTEMASTER WHERE ATTRIBUTEID IN ('077002', '077003', '077004', '077005', '077006', '077007', '077008', '077009', '077010', '077011', '077012', '077013', '077014', '077015', '077016', '077017', '077018');

DELETE FROM ROLERESOURCEPERMISSION WHERE ROLEID = 'Super Admin' AND RESOURCEID = '077';

DELETE FROM RESOURCEAPPROVALPERMISSION WHERE RESOURCEID = '077';

DELETE FROM MENURESOURCEASSOCIATION WHERE RESOURCEID = '077' AND MENUID = '078';

DELETE FROM RESOURCEMASTER WHERE RESOURCEID = '077' AND RESOURCENAME = 'Bank Routing';

INSERT INTO RESOURCEMASTER(RESOURCEID, RESOURCENAME, RESOURCEGROUPNAME) VALUES('077', 'Bank Routing', 'Distribution Data');

INSERT INTO MENURESOURCEASSOCIATION(RESOURCEID, MENUID, MENUNAME, TABLENAME) VALUES('077', '078', 'Bank Routing', 'BankRouting');

INSERT INTO RESTRESOURCES(RESTRESOURCES_PK, "METHOD", APPLICATION, "PATH", RESOURCEID, OPERATION, DESCRIPTION) VALUES ((SELECT MAX(CAST (RESTRESOURCES_PK AS INTEGER))+1 AS RESTRESOURCES_PK FROM RESTRESOURCES),'POST','VolPayHub','/v2/bankrouting/readall','077','R','API for getting BankRouting');

INSERT INTO RESTRESOURCES(RESTRESOURCES_PK, "METHOD", APPLICATION, "PATH", RESOURCEID, OPERATION, DESCRIPTION) VALUES ((SELECT MAX(CAST (RESTRESOURCES_PK AS INTEGER))+1 AS RESTRESOURCES_PK FROM RESTRESOURCES),'POST','VolPayHub','/v2/bankrouting/delete','077','D','API for deleting BankRouting');

INSERT INTO RESTRESOURCES(RESTRESOURCES_PK, "METHOD", APPLICATION, "PATH", RESOURCEID, OPERATION, DESCRIPTION) VALUES ((SELECT MAX(CAST (RESTRESOURCES_PK AS INTEGER))+1 AS RESTRESOURCES_PK FROM RESTRESOURCES),'POST','VolPayHub','/v2/bankrouting/read','077','R','API for getting BankRouting');

INSERT INTO RESTRESOURCES(RESTRESOURCES_PK, "METHOD", APPLICATION, "PATH", RESOURCEID, OPERATION, DESCRIPTION) VALUES ((SELECT MAX(CAST (RESTRESOURCES_PK AS INTEGER))+1 AS RESTRESOURCES_PK FROM RESTRESOURCES),'POST','VolPayHub','/v2/bankrouting/audit/readall','077','R','API for getting BankRouting log audit');

INSERT INTO RESTRESOURCES(RESTRESOURCES_PK, "METHOD", APPLICATION, "PATH", RESOURCEID, OPERATION, DESCRIPTION) VALUES ((SELECT MAX(CAST (RESTRESOURCES_PK AS INTEGER))+1 AS RESTRESOURCES_PK FROM RESTRESOURCES),'POST','VolPayHub','/v2/bankrouting','077','C','API for creating BankRouting');

INSERT INTO RESTRESOURCES(RESTRESOURCES_PK, "METHOD", APPLICATION, "PATH", RESOURCEID, OPERATION, DESCRIPTION) VALUES ((SELECT MAX(CAST (RESTRESOURCES_PK AS INTEGER))+1 AS RESTRESOURCES_PK FROM RESTRESOURCES),'PUT','VolPayHub','/v2/bankrouting','077','U','API for updating BankRouting');

INSERT INTO RESTRESOURCES(RESTRESOURCES_PK, "METHOD", APPLICATION, "PATH", RESOURCEID, OPERATION, DESCRIPTION) VALUES((SELECT max(CAST(RESTRESOURCES_PK AS INTEGER)) + 1 AS RESTRESOURCES_PK FROM RESTRESOURCES), 'POST', 'VolPayHub', '/v2/bankrouting/activate', '077', 'R', 'API for activating BankRouting');

INSERT INTO RESTRESOURCES(RESTRESOURCES_PK, "METHOD", APPLICATION, "PATH", RESOURCEID, OPERATION, DESCRIPTION) VALUES((SELECT max(CAST(RESTRESOURCES_PK AS INTEGER)) + 1 AS RESTRESOURCES_PK FROM RESTRESOURCES), 'POST', 'VolPayHub', '/v2/bankrouting/suspend', '077', 'R', 'API for suspending BankRouting');

INSERT INTO RESTRESOURCES(RESTRESOURCES_PK, "METHOD", APPLICATION, "PATH", RESOURCEID, OPERATION, DESCRIPTION) VALUES((SELECT max(CAST(RESTRESOURCES_PK AS INTEGER)) + 1 AS RESTRESOURCES_PK FROM RESTRESOURCES), 'GET', 'VolPayHub', '/v2/bankrouting/{status}/count', '077', 'R', 'API for Getting BankRouting entity Count');

INSERT INTO RESTRESOURCES(RESTRESOURCES_PK, "METHOD", APPLICATION, "PATH", RESOURCEID, OPERATION, DESCRIPTION) VALUES((SELECT max(CAST(RESTRESOURCES_PK AS INTEGER)) + 1 AS RESTRESOURCES_PK FROM RESTRESOURCES), 'GET', 'VolPayHub', '/v2/bankrouting/count', '077', 'R', 'API for Getting BankRouting entity Count');

INSERT INTO RESTRESOURCES(RESTRESOURCES_PK, "METHOD", APPLICATION, "PATH", RESOURCEID, OPERATION, DESCRIPTION) VALUES ((SELECT MAX(CAST (RESTRESOURCES_PK AS INTEGER))+1 AS RESTRESOURCES_PK FROM RESTRESOURCES),'GET','VolPayHub','/v2/bankrouting/metainfo','077','R','API for getting BankRouting Meta Information');

DELETE FROM RESTRESOURCES WHERE  "PATH" = '/v2/accountno/code/{AgentBankPartyCode}' AND METHOD = 'GET';
INSERT INTO RESTRESOURCES(RESTRESOURCES_PK, "METHOD", APPLICATION, "PATH", RESOURCEID, OPERATION, DESCRIPTION) VALUES ((SELECT MAX(CAST (RESTRESOURCES_PK AS INTEGER))+1 AS RESTRESOURCES_PK FROM RESTRESOURCES),'GET','VolPayHub','/v2/accountno/code/{AgentBankPartyCode}','028','R','API for getting AccountNo by Specific PartyCode');

DELETE FROM RESTRESOURCES WHERE  "PATH" = '/v2/memebership/scheme/code' AND METHOD = 'GET';
INSERT INTO RESTRESOURCES(RESTRESOURCES_PK, "METHOD", APPLICATION, "PATH", RESOURCEID, OPERATION, DESCRIPTION) VALUES ((SELECT MAX(CAST (RESTRESOURCES_PK AS INTEGER))+1 AS RESTRESOURCES_PK FROM RESTRESOURCES),'GET','VolPayHub','/v2/memebership/scheme/code','036','R','API for getting scheme code');

DELETE FROM RESTRESOURCES WHERE  "PATH" = '/v2/memebership/schemeparticipantidentifer/code' AND METHOD = 'GET';
INSERT INTO RESTRESOURCES(RESTRESOURCES_PK, "METHOD", APPLICATION, "PATH", RESOURCEID, OPERATION, DESCRIPTION) VALUES ((SELECT MAX(CAST (RESTRESOURCES_PK AS INTEGER))+1 AS RESTRESOURCES_PK FROM RESTRESOURCES),'GET','VolPayHub','/v2/memebership/schemeparticipantidentifer/code','036','R','API for getting SchemeParticipantIdentifer Code');

INSERT INTO ROLERESOURCEPERMISSION(ROLEID, RESOURCEID, PERMISSION) VALUES('Super Admin', '077', 'A1');
INSERT INTO ROLERESOURCEPERMISSION(ROLEID, RESOURCEID, PERMISSION) VALUES('Super Admin', '077', 'C');
INSERT INTO ROLERESOURCEPERMISSION(ROLEID, RESOURCEID, PERMISSION) VALUES('Super Admin', '077', 'D');
INSERT INTO ROLERESOURCEPERMISSION(ROLEID, RESOURCEID, PERMISSION) VALUES('Super Admin', '077', 'R');
INSERT INTO ROLERESOURCEPERMISSION(ROLEID, RESOURCEID, PERMISSION) VALUES('Super Admin', '077', 'U');

INSERT INTO ATTRIBUTEMASTER(RESOURCEID, ATTRIBUTEID, ATTRIBUTENAME, ATTRIBUTETYPE) VALUES('077', '077002', 'Branch', 'String');
INSERT INTO ATTRIBUTEMASTER(RESOURCEID, ATTRIBUTEID, ATTRIBUTENAME, ATTRIBUTETYPE) VALUES('077', '077003', 'PartyCode', 'String');
INSERT INTO ATTRIBUTEMASTER(RESOURCEID, ATTRIBUTEID, ATTRIBUTENAME, ATTRIBUTETYPE) VALUES('077', '077004', 'Currency', 'String');
INSERT INTO ATTRIBUTEMASTER(RESOURCEID, ATTRIBUTEID, ATTRIBUTENAME, ATTRIBUTETYPE) VALUES('077', '077005', 'CountryCode', 'String');
INSERT INTO ATTRIBUTEMASTER(RESOURCEID, ATTRIBUTEID, ATTRIBUTENAME, ATTRIBUTETYPE) VALUES('077', '077006', 'Service', 'String');
INSERT INTO ATTRIBUTEMASTER(RESOURCEID, ATTRIBUTEID, ATTRIBUTENAME, ATTRIBUTETYPE) VALUES('077', '077007', 'Product', 'String');
INSERT INTO ATTRIBUTEMASTER(RESOURCEID, ATTRIBUTEID, ATTRIBUTENAME, ATTRIBUTETYPE) VALUES('077', '077008', 'MinAmount', 'BigDecimal');
INSERT INTO ATTRIBUTEMASTER(RESOURCEID, ATTRIBUTEID, ATTRIBUTENAME, ATTRIBUTETYPE) VALUES('077', '077009', 'MaxAmount', 'BigDecimal');
INSERT INTO ATTRIBUTEMASTER(RESOURCEID, ATTRIBUTEID, ATTRIBUTENAME, ATTRIBUTETYPE) VALUES('077', '077010', 'DestinationBankCode', 'String');
INSERT INTO ATTRIBUTEMASTER(RESOURCEID, ATTRIBUTEID, ATTRIBUTENAME, ATTRIBUTETYPE) VALUES('077', '077011', 'DestinationBankIdentifier', 'String');
INSERT INTO ATTRIBUTEMASTER(RESOURCEID, ATTRIBUTEID, ATTRIBUTENAME, ATTRIBUTETYPE) VALUES('077', '077012', 'MessageType', 'String');
INSERT INTO ATTRIBUTEMASTER(RESOURCEID, ATTRIBUTEID, ATTRIBUTENAME, ATTRIBUTETYPE) VALUES('077', '077013', 'RoutingMethod', 'String');
INSERT INTO ATTRIBUTEMASTER(RESOURCEID, ATTRIBUTEID, ATTRIBUTENAME, ATTRIBUTETYPE) VALUES('077', '077014', 'AgentBankPartyCode', 'String');
INSERT INTO ATTRIBUTEMASTER(RESOURCEID, ATTRIBUTEID, ATTRIBUTENAME, ATTRIBUTETYPE) VALUES('077', '077015', 'AgentAccount', 'String');
INSERT INTO ATTRIBUTEMASTER(RESOURCEID, ATTRIBUTEID, ATTRIBUTENAME, ATTRIBUTETYPE) VALUES('077', '077016', 'Status', 'String');
INSERT INTO ATTRIBUTEMASTER(RESOURCEID, ATTRIBUTEID, ATTRIBUTENAME, ATTRIBUTETYPE) VALUES('077', '077017', 'EffectiveFromDate', 'Date');
INSERT INTO ATTRIBUTEMASTER(RESOURCEID, ATTRIBUTEID, ATTRIBUTENAME, ATTRIBUTETYPE) VALUES('077', '077018', 'EffectiveTillDate', 'Date');

INSERT INTO RESOURCEAPPROVALPERMISSION(RESOURCEAPPROVALPERMISSION_PK, RESOURCEID, OPERATION, APPROVALCOUNT, CONDITIONID, STATUS, EFFECTIVEFROMDATE, EFFECTIVETILLDATE, ROLEID) VALUES(SYS_GUID(), '077', 'C', 1, NULL, 'ACTIVE', TO_DATE('2017-01-01','YYYY-MM-DD'), NULL, 'ALL');
INSERT INTO RESOURCEAPPROVALPERMISSION(RESOURCEAPPROVALPERMISSION_PK, RESOURCEID, OPERATION, APPROVALCOUNT, CONDITIONID, STATUS, EFFECTIVEFROMDATE, EFFECTIVETILLDATE, ROLEID) VALUES(SYS_GUID(), '077', 'U', 1, NULL, 'ACTIVE', TO_DATE('2017-01-01','YYYY-MM-DD'), NULL, 'ALL');
INSERT INTO RESOURCEAPPROVALPERMISSION(RESOURCEAPPROVALPERMISSION_PK, RESOURCEID, OPERATION, APPROVALCOUNT, CONDITIONID, STATUS, EFFECTIVEFROMDATE, EFFECTIVETILLDATE, ROLEID) VALUES(SYS_GUID(), '077', 'D', 1, NULL, 'ACTIVE', TO_DATE('2017-01-01','YYYY-MM-DD'), NULL, 'ALL');

DELETE FROM RESTRESOURCES WHERE "PATH" = '/v2/picklistmanagers/getcashclearingschemecodes' AND METHOD = 'GET';
DELETE FROM RESTRESOURCES WHERE "PATH" = '/v2/picklistvalue/code' AND METHOD = 'GET';

DELETE FROM ROLERESOURCEPERMISSION WHERE ROLEID = 'Super Admin' AND RESOURCEID = '078';

DELETE FROM RESOURCEAPPROVALPERMISSION WHERE RESOURCEID = '078';

DELETE FROM RESOURCEMASTER WHERE RESOURCEID = '078' AND RESOURCENAME = 'Pick List Manager';

INSERT INTO RESOURCEMASTER(RESOURCEID, RESOURCENAME, RESOURCEGROUPNAME) VALUES('078', 'Pick List Manager', 'Utility');

INSERT INTO RESTRESOURCES(RESTRESOURCES_PK, "METHOD", APPLICATION, "PATH", RESOURCEID, OPERATION, DESCRIPTION) VALUES ((SELECT MAX(CAST (RESTRESOURCES_PK AS INTEGER))+1 AS RESTRESOURCES_PK FROM RESTRESOURCES),'GET','VolPayHub','/v2/picklistmanagers/getcashclearingschemecodes','078','R','API for getting CashClearingScheme Codes');

INSERT INTO RESTRESOURCES(RESTRESOURCES_PK, "METHOD", APPLICATION, "PATH", RESOURCEID, OPERATION, DESCRIPTION) VALUES((SELECT max(CAST(RESTRESOURCES_PK AS INTEGER)) + 1 AS RESTRESOURCES_PK FROM RESTRESOURCES), 'GET', 'VolPayHub', '/v2/picklistvalue/code', '078', 'R', 'API for getting PickListValue');

INSERT INTO ROLERESOURCEPERMISSION(ROLEID, RESOURCEID, PERMISSION) VALUES('Super Admin', '078', 'A1');
INSERT INTO ROLERESOURCEPERMISSION(ROLEID, RESOURCEID, PERMISSION) VALUES('Super Admin', '078', 'C');
INSERT INTO ROLERESOURCEPERMISSION(ROLEID, RESOURCEID, PERMISSION) VALUES('Super Admin', '078', 'D');
INSERT INTO ROLERESOURCEPERMISSION(ROLEID, RESOURCEID, PERMISSION) VALUES('Super Admin', '078', 'R');
INSERT INTO ROLERESOURCEPERMISSION(ROLEID, RESOURCEID, PERMISSION) VALUES('Super Admin', '078', 'U');

INSERT INTO RESOURCEAPPROVALPERMISSION(RESOURCEAPPROVALPERMISSION_PK, RESOURCEID, OPERATION, APPROVALCOUNT, CONDITIONID, STATUS, EFFECTIVEFROMDATE, EFFECTIVETILLDATE, ROLEID) VALUES(SYS_GUID(), '078', 'C', 1, NULL, 'ACTIVE', TO_DATE('2017-01-01','YYYY-MM-DD'), NULL, 'ALL');
INSERT INTO RESOURCEAPPROVALPERMISSION(RESOURCEAPPROVALPERMISSION_PK, RESOURCEID, OPERATION, APPROVALCOUNT, CONDITIONID, STATUS, EFFECTIVEFROMDATE, EFFECTIVETILLDATE, ROLEID) VALUES(SYS_GUID(), '078', 'U', 1, NULL, 'ACTIVE', TO_DATE('2017-01-01','YYYY-MM-DD'), NULL, 'ALL');
INSERT INTO RESOURCEAPPROVALPERMISSION(RESOURCEAPPROVALPERMISSION_PK, RESOURCEID, OPERATION, APPROVALCOUNT, CONDITIONID, STATUS, EFFECTIVEFROMDATE, EFFECTIVETILLDATE, ROLEID) VALUES(SYS_GUID(), '078', 'D', 1, NULL, 'ACTIVE', TO_DATE('2017-01-01','YYYY-MM-DD'), NULL, 'ALL');

DELETE FROM RESTRESOURCES WHERE "PATH" = '/v2/bankdirectoryplus/readall' AND METHOD = 'POST';
DELETE FROM RESTRESOURCES WHERE "PATH" = '/v2/bankdirectoryplus' AND METHOD = 'POST';
DELETE FROM RESTRESOURCES WHERE "PATH" = '/v2/bankdirectoryplus' AND METHOD = 'PUT';
DELETE FROM RESTRESOURCES WHERE "PATH" = '/v2/bankdirectoryplus/read' AND METHOD = 'POST';
DELETE FROM RESTRESOURCES WHERE "PATH" = '/v2/bankdirectoryplus/audit/readall' AND METHOD = 'POST';
DELETE FROM RESTRESOURCES WHERE "PATH" = '/v2/bankdirectoryplus/metainfo' AND METHOD = 'GET';

DELETE FROM ATTRIBUTEMASTER WHERE ATTRIBUTEID IN ('079001', '079002', '079003', '079004', '079005', '079006', '079007', '079008', '079009', '079010', '079011', '079012', '079013', '079014', '079015', '079016', '079017', '079018', '079019', '079020', '079021', '079022', '079023', '079024', '079025', '079026', '079027', '079028', '079029', '079030', '079031', '079032', '079033', '079034', '079035', '079036', '079037', '079038', '079039');

DELETE FROM ROLERESOURCEPERMISSION WHERE ROLEID = 'Super Admin' AND RESOURCEID = '079';

DELETE FROM RESOURCEAPPROVALPERMISSION WHERE RESOURCEID = '079';

DELETE FROM MENURESOURCEASSOCIATION WHERE RESOURCEID = '079' AND MENUID = '079';

DELETE FROM RESOURCEMASTER WHERE RESOURCEID = '079' AND RESOURCENAME = 'Industry Data-SWIFT';

INSERT INTO RESOURCEMASTER(RESOURCEID, RESOURCENAME, RESOURCEGROUPNAME) VALUES('079', 'Industry Data-SWIFT', 'Distribution Data');

INSERT INTO MENURESOURCEASSOCIATION(RESOURCEID, MENUID, MENUNAME, TABLENAME) VALUES('079', '079', 'Industry Data-SWIFT', 'BankDirectoryPlus');

INSERT INTO RESTRESOURCES(RESTRESOURCES_PK, "METHOD", APPLICATION, "PATH", RESOURCEID, OPERATION, DESCRIPTION) VALUES ((SELECT MAX(CAST (RESTRESOURCES_PK AS INTEGER))+1 AS RESTRESOURCES_PK FROM RESTRESOURCES),'POST','VolPayHub','/v2/bankdirectoryplus/readall','079','R','API for getting BankDirectoryPlus');

INSERT INTO RESTRESOURCES(RESTRESOURCES_PK, "METHOD", APPLICATION, "PATH", RESOURCEID, OPERATION, DESCRIPTION) VALUES ((SELECT MAX(CAST (RESTRESOURCES_PK AS INTEGER))+1 AS RESTRESOURCES_PK FROM RESTRESOURCES),'PUT','VolPayHub','/v2/bankdirectoryplus','079','U','API for updating BankDirectoryPlus');

INSERT INTO RESTRESOURCES(RESTRESOURCES_PK, "METHOD", APPLICATION, "PATH", RESOURCEID, OPERATION, DESCRIPTION) VALUES ((SELECT MAX(CAST (RESTRESOURCES_PK AS INTEGER))+1 AS RESTRESOURCES_PK FROM RESTRESOURCES),'POST','VolPayHub','/v2/bankdirectoryplus','079','C','API for creating BankDirectoryPlus');

INSERT INTO RESTRESOURCES(RESTRESOURCES_PK, "METHOD", APPLICATION, "PATH", RESOURCEID, OPERATION, DESCRIPTION) VALUES ((SELECT MAX(CAST (RESTRESOURCES_PK AS INTEGER))+1 AS RESTRESOURCES_PK FROM RESTRESOURCES),'POST','VolPayHub','/v2/bankdirectoryplus/read','079','R','API for getting  specific BankRouting');

INSERT INTO RESTRESOURCES(RESTRESOURCES_PK, "METHOD", APPLICATION, "PATH", RESOURCEID, OPERATION, DESCRIPTION) VALUES ((SELECT MAX(CAST (RESTRESOURCES_PK AS INTEGER))+1 AS RESTRESOURCES_PK FROM RESTRESOURCES),'POST','VolPayHub','/v2/bankdirectoryplus/audit/readall','079','R','API for getting BankRouting log audit');

INSERT INTO RESTRESOURCES(RESTRESOURCES_PK, "METHOD", APPLICATION, "PATH", RESOURCEID, OPERATION, DESCRIPTION) VALUES((SELECT max(CAST(RESTRESOURCES_PK AS INTEGER)) + 1 AS RESTRESOURCES_PK FROM RESTRESOURCES), 'GET', 'VolPayHub', '/v2/bankdirectoryplus/metainfo', '078', 'R', 'API for getting BankDirectoryPlus Meta Information');

INSERT INTO ROLERESOURCEPERMISSION(ROLEID, RESOURCEID, PERMISSION) VALUES('Super Admin', '079', 'A1');
INSERT INTO ROLERESOURCEPERMISSION(ROLEID, RESOURCEID, PERMISSION) VALUES('Super Admin', '079', 'C');
INSERT INTO ROLERESOURCEPERMISSION(ROLEID, RESOURCEID, PERMISSION) VALUES('Super Admin', '079', 'R');
INSERT INTO ROLERESOURCEPERMISSION(ROLEID, RESOURCEID, PERMISSION) VALUES('Super Admin', '079', 'U');

INSERT INTO ATTRIBUTEMASTER(RESOURCEID, ATTRIBUTEID, ATTRIBUTENAME, ATTRIBUTETYPE) VALUES('079', '079001', 'Modification_Flag', 'String');
INSERT INTO ATTRIBUTEMASTER(RESOURCEID, ATTRIBUTEID, ATTRIBUTENAME, ATTRIBUTETYPE) VALUES('079', '079002', 'Record_Key', 'String');
INSERT INTO ATTRIBUTEMASTER(RESOURCEID, ATTRIBUTEID, ATTRIBUTENAME, ATTRIBUTETYPE) VALUES('079', '079003', 'Office_Type', 'String');
INSERT INTO ATTRIBUTEMASTER(RESOURCEID, ATTRIBUTEID, ATTRIBUTENAME, ATTRIBUTETYPE) VALUES('079', '079004', 'Parent_Office_Key', 'String');
INSERT INTO ATTRIBUTEMASTER(RESOURCEID, ATTRIBUTEID, ATTRIBUTENAME, ATTRIBUTETYPE) VALUES('079', '079005', 'Head_Office_Key', 'String');
INSERT INTO ATTRIBUTEMASTER(RESOURCEID, ATTRIBUTEID, ATTRIBUTENAME, ATTRIBUTETYPE) VALUES('079', '079006', 'Legal_Type', 'String');
INSERT INTO ATTRIBUTEMASTER(RESOURCEID, ATTRIBUTEID, ATTRIBUTENAME, ATTRIBUTETYPE) VALUES('079', '079007', 'Legal_Parent_Key', 'String');
INSERT INTO ATTRIBUTEMASTER(RESOURCEID, ATTRIBUTEID, ATTRIBUTENAME, ATTRIBUTETYPE) VALUES('079', '079008', 'Group_Type', 'String');
INSERT INTO ATTRIBUTEMASTER(RESOURCEID, ATTRIBUTEID, ATTRIBUTENAME, ATTRIBUTETYPE) VALUES('079', '079009', 'Group_Parent_Key', 'String');
INSERT INTO ATTRIBUTEMASTER(RESOURCEID, ATTRIBUTEID, ATTRIBUTENAME, ATTRIBUTETYPE) VALUES('079', '079010', 'Institution_Status', 'String');
INSERT INTO ATTRIBUTEMASTER(RESOURCEID, ATTRIBUTEID, ATTRIBUTENAME, ATTRIBUTETYPE) VALUES('079', '079011', 'Cooperative_Group_Key', 'String');
INSERT INTO ATTRIBUTEMASTER(RESOURCEID, ATTRIBUTEID, ATTRIBUTENAME, ATTRIBUTETYPE) VALUES('079', '079012', 'Iso_Lei_Code', 'String');
INSERT INTO ATTRIBUTEMASTER(RESOURCEID, ATTRIBUTEID, ATTRIBUTENAME, ATTRIBUTETYPE) VALUES('079', '079013', 'Bic8', 'String');
INSERT INTO ATTRIBUTEMASTER(RESOURCEID, ATTRIBUTEID, ATTRIBUTENAME, ATTRIBUTETYPE) VALUES('079', '079014', 'Branch_Bic', 'String');
INSERT INTO ATTRIBUTEMASTER(RESOURCEID, ATTRIBUTEID, ATTRIBUTENAME, ATTRIBUTETYPE) VALUES('079', '079015', 'Bic', 'String');
INSERT INTO ATTRIBUTEMASTER(RESOURCEID, ATTRIBUTEID, ATTRIBUTENAME, ATTRIBUTETYPE) VALUES('079', '079016', 'Chips_Uid', 'String');
INSERT INTO ATTRIBUTEMASTER(RESOURCEID, ATTRIBUTEID, ATTRIBUTENAME, ATTRIBUTETYPE) VALUES('079', '079017', 'National_Id', 'String');
INSERT INTO ATTRIBUTEMASTER(RESOURCEID, ATTRIBUTEID, ATTRIBUTENAME, ATTRIBUTETYPE) VALUES('079', '079018', 'Connected_Bic', 'String');
INSERT INTO ATTRIBUTEMASTER(RESOURCEID, ATTRIBUTEID, ATTRIBUTENAME, ATTRIBUTETYPE) VALUES('079', '079019', 'Institution_Name', 'String');
INSERT INTO ATTRIBUTEMASTER(RESOURCEID, ATTRIBUTEID, ATTRIBUTENAME, ATTRIBUTETYPE) VALUES('079', '079020', 'Branch_Information', 'String');
INSERT INTO ATTRIBUTEMASTER(RESOURCEID, ATTRIBUTEID, ATTRIBUTENAME, ATTRIBUTETYPE) VALUES('079', '079021', 'Pob_Number', 'String');
INSERT INTO ATTRIBUTEMASTER(RESOURCEID, ATTRIBUTEID, ATTRIBUTENAME, ATTRIBUTETYPE) VALUES('079', '079022', 'Street_Address_1', 'String');
INSERT INTO ATTRIBUTEMASTER(RESOURCEID, ATTRIBUTEID, ATTRIBUTENAME, ATTRIBUTETYPE) VALUES('079', '079023', 'Street_Address_2', 'String');
INSERT INTO ATTRIBUTEMASTER(RESOURCEID, ATTRIBUTEID, ATTRIBUTENAME, ATTRIBUTETYPE) VALUES('079', '079024', 'Street_Address_3', 'String');
INSERT INTO ATTRIBUTEMASTER(RESOURCEID, ATTRIBUTEID, ATTRIBUTENAME, ATTRIBUTETYPE) VALUES('079', '079025', 'Street_Address_4', 'String');
INSERT INTO ATTRIBUTEMASTER(RESOURCEID, ATTRIBUTEID, ATTRIBUTENAME, ATTRIBUTETYPE) VALUES('079', '079026', 'City', 'String');
INSERT INTO ATTRIBUTEMASTER(RESOURCEID, ATTRIBUTEID, ATTRIBUTENAME, ATTRIBUTETYPE) VALUES('079', '079027', 'Cps', 'String');
INSERT INTO ATTRIBUTEMASTER(RESOURCEID, ATTRIBUTEID, ATTRIBUTENAME, ATTRIBUTETYPE) VALUES('079', '079028', 'Zip_Code', 'String');
INSERT INTO ATTRIBUTEMASTER(RESOURCEID, ATTRIBUTEID, ATTRIBUTENAME, ATTRIBUTETYPE) VALUES('079', '079029', 'Country_Name', 'String');
INSERT INTO ATTRIBUTEMASTER(RESOURCEID, ATTRIBUTEID, ATTRIBUTENAME, ATTRIBUTETYPE) VALUES('079', '079030', 'Iso_Country_Code', 'String');
INSERT INTO ATTRIBUTEMASTER(RESOURCEID, ATTRIBUTEID, ATTRIBUTENAME, ATTRIBUTETYPE) VALUES('079', '079031', 'Timezone', 'String');
INSERT INTO ATTRIBUTEMASTER(RESOURCEID, ATTRIBUTEID, ATTRIBUTENAME, ATTRIBUTETYPE) VALUES('079', '079032', 'Subtype_Indicator', 'String');
INSERT INTO ATTRIBUTEMASTER(RESOURCEID, ATTRIBUTEID, ATTRIBUTENAME, ATTRIBUTETYPE) VALUES('079', '079033', 'Network_Connectivity', 'String');
INSERT INTO ATTRIBUTEMASTER(RESOURCEID, ATTRIBUTEID, ATTRIBUTENAME, ATTRIBUTETYPE) VALUES('079', '079034', 'Branch_Qualifiers', 'String');
INSERT INTO ATTRIBUTEMASTER(RESOURCEID, ATTRIBUTEID, ATTRIBUTENAME, ATTRIBUTETYPE) VALUES('079', '079035', 'Service_Codes', 'String');
INSERT INTO ATTRIBUTEMASTER(RESOURCEID, ATTRIBUTEID, ATTRIBUTENAME, ATTRIBUTETYPE) VALUES('079', '079036', 'Ssi_Group_Key', 'String');
INSERT INTO ATTRIBUTEMASTER(RESOURCEID, ATTRIBUTEID, ATTRIBUTENAME, ATTRIBUTETYPE) VALUES('079', '079037', 'Iban_Key', 'String');
INSERT INTO ATTRIBUTEMASTER(RESOURCEID, ATTRIBUTEID, ATTRIBUTENAME, ATTRIBUTETYPE) VALUES('079', '079038', 'Field_A', 'String');
INSERT INTO ATTRIBUTEMASTER(RESOURCEID, ATTRIBUTEID, ATTRIBUTENAME, ATTRIBUTETYPE) VALUES('079', '079039', 'Field_B', 'String');

INSERT INTO RESOURCEAPPROVALPERMISSION(RESOURCEAPPROVALPERMISSION_PK, RESOURCEID, OPERATION, APPROVALCOUNT, CONDITIONID, STATUS, EFFECTIVEFROMDATE, EFFECTIVETILLDATE, ROLEID) VALUES(SYS_GUID(), '079', 'C', 1, NULL, 'ACTIVE', TO_DATE('2017-01-01','YYYY-MM-DD'), NULL, 'ALL');
INSERT INTO RESOURCEAPPROVALPERMISSION(RESOURCEAPPROVALPERMISSION_PK, RESOURCEID, OPERATION, APPROVALCOUNT, CONDITIONID, STATUS, EFFECTIVEFROMDATE, EFFECTIVETILLDATE, ROLEID) VALUES(SYS_GUID(), '079', 'U', 1, NULL, 'ACTIVE', TO_DATE('2017-01-01','YYYY-MM-DD'), NULL, 'ALL');
INSERT INTO RESOURCEAPPROVALPERMISSION(RESOURCEAPPROVALPERMISSION_PK, RESOURCEID, OPERATION, APPROVALCOUNT, CONDITIONID, STATUS, EFFECTIVEFROMDATE, EFFECTIVETILLDATE, ROLEID) VALUES(SYS_GUID(), '079', 'D', 1, NULL, 'ACTIVE', TO_DATE('2017-01-01','YYYY-MM-DD'), NULL, 'ALL');

DELETE FROM RESOURCEAPPROVALPERMISSION WHERE RESOURCEID = '030';

DELETE FROM ATTRIBUTEMASTER WHERE RESOURCEID = '030' AND ATTRIBUTEID IN ('030002', '030003', '030004', '030005', '030006', '030007', '030008');

DELETE FROM ROLERESOURCEPERMISSION WHERE RESOURCEID = '030';

DELETE FROM RESTRESOURCES WHERE RESOURCEID = '030';

DELETE FROM MENURESOURCEASSOCIATION WHERE RESOURCEID = '030';

DELETE FROM RESOURCEMASTER WHERE RESOURCEID = '030';

COMMIT;