DELETE FROM RESTRESOURCES WHERE "PATH" = '/v2/attributes/userattributes' AND METHOD = 'POST';
INSERT INTO RESTRESOURCES(RESTRESOURCES_PK, "METHOD", APPLICATION, "PATH", RESOURCEID, OPERATION, DESCRIPTION) VALUES((SELECT max(CAST(RESTRESOURCES_PK AS INTEGER)) + 1 AS RESTRESOURCES_PK FROM RESTRESOURCES), 'POST', 'VolPayHub', '/v2/attributes/userattributes', '042', 'C', 'API to Persist or Update User Attributes');

DELETE FROM RESTRESOURCES WHERE "PATH" = '/v2/attributes/userattributes/read' AND METHOD = 'POST';
INSERT INTO RESTRESOURCES(RESTRESOURCES_PK, "METHOD", APPLICATION, "PATH", RESOURCEID, OPERATION, DESCRIPTION) VALUES((SELECT max(CAST(RESTRESOURCES_PK AS INTEGER)) + 1 AS RESTRESOURCES_PK FROM RESTRESOURCES), 'POST', 'VolPayHub', '/v2/attributes/userattributes/read', '042', 'R', 'API to get the list of User Attributes when a specific Resource is selected');

UPDATE RESOURCEMASTER SET RESOURCENAME = 'Received Instructions' WHERE RESOURCEID = '002';

UPDATE MENURESOURCEASSOCIATION SET MENUNAME = 'Received Instructions' WHERE RESOURCEID = '002' AND MENUID = '002';
UPDATE MENURESOURCEASSOCIATION SET MENUNAME = 'Instructions Dashboard' WHERE RESOURCEID = '002' AND MENUID = '051';
UPDATE MENURESOURCEASSOCIATION SET MENUNAME = 'Payments Dashboard' WHERE RESOURCEID = '003' AND MENUID = '003';

DELETE FROM RESTRESOURCES WHERE "PATH" = '/v2/payments/inputoutputcorrelation/readall' AND METHOD = 'POST';
DELETE FROM RESTRESOURCES WHERE "PATH" = '/v2/payments/outputdata/readall' AND METHOD = 'POST';

DELETE FROM ROLERESOURCEPERMISSION WHERE RESOURCEID = '075';

DELETE FROM MENURESOURCEASSOCIATION WHERE RESOURCEID = '075' AND MENUID = '076';

DELETE FROM ATTRIBUTEMASTER WHERE ATTRIBUTEID IN ('075001', '075002', '075003');

DELETE FROM RESOURCEMASTER WHERE RESOURCEID = '075' AND RESOURCENAME = 'Distributed Instructions';
INSERT INTO RESOURCEMASTER(RESOURCEID, RESOURCENAME, RESOURCEGROUPNAME) VALUES('075', 'Distributed Instructions', 'Payment Module');

INSERT INTO MENURESOURCEASSOCIATION(RESOURCEID, MENUID, MENUNAME) VALUES('075', '076', 'Distributed Instructions');

INSERT INTO RESTRESOURCES(RESTRESOURCES_PK, "METHOD", APPLICATION, "PATH", RESOURCEID, OPERATION, DESCRIPTION) VALUES((SELECT max(CAST(RESTRESOURCES_PK AS INTEGER)) + 1 AS RESTRESOURCES_PK FROM RESTRESOURCES), 'POST', 'VolPayHub', '/v2/payments/inputoutputcorrelation/readall', '075', 'R', 'API for getting PaymentInputOutputCorrelation Details');

INSERT INTO RESTRESOURCES(RESTRESOURCES_PK, "METHOD", APPLICATION, "PATH", RESOURCEID, OPERATION, DESCRIPTION) VALUES((SELECT max(CAST(RESTRESOURCES_PK AS INTEGER)) + 1 AS RESTRESOURCES_PK FROM RESTRESOURCES), 'POST', 'VolPayHub', '/v2/payments/outputdata/readall', '075', 'R', 'API for getting PaymentOutputData Details');

INSERT INTO ROLERESOURCEPERMISSION(ROLEID, RESOURCEID, PERMISSION) VALUES('Super Admin', '075', 'A1');
INSERT INTO ROLERESOURCEPERMISSION(ROLEID, RESOURCEID, PERMISSION) VALUES('Super Admin', '075', 'R');

INSERT INTO ATTRIBUTEMASTER(RESOURCEID, ATTRIBUTEID, ATTRIBUTENAME, ATTRIBUTETYPE) VALUES('075', '075001', 'OfficeCode', 'String');
INSERT INTO ATTRIBUTEMASTER(RESOURCEID, ATTRIBUTEID, ATTRIBUTENAME, ATTRIBUTETYPE) VALUES('075', '075002', 'UniqueOutputReference', 'String');
INSERT INTO ATTRIBUTEMASTER(RESOURCEID, ATTRIBUTEID, ATTRIBUTENAME, ATTRIBUTETYPE) VALUES('075', '075003', 'DestinationChannel', 'String');

DELETE FROM INCIDENCEMASTER WHERE INCIDENCECODE IN ('LOGINSTRDUPLICATE', 'LOGINSTRDUPLICATE02', 'LOGPMNTDUPLICATE');
INSERT INTO INCIDENCEMASTER(INCIDENCECODE, WORKFLOWCODE, ALLOWEDPROCESSSTATUS, ALLOWEDPARAMETER, ALLOWSTP) VALUES('LOGINSTRDUPLICATE', 'INSTRUCTION', 'LOG', NULL, 0);
INSERT INTO INCIDENCEMASTER(INCIDENCECODE, WORKFLOWCODE, ALLOWEDPROCESSSTATUS, ALLOWEDPARAMETER, ALLOWSTP) VALUES('LOGINSTRDUPLICATE02', 'INSTRUCTION', 'LOG', 'fieldIds', 0);
INSERT INTO INCIDENCEMASTER(INCIDENCECODE, WORKFLOWCODE, ALLOWEDPROCESSSTATUS, ALLOWEDPARAMETER, ALLOWSTP) VALUES('LOGPMNTDUPLICATE', 'PAYMENT', 'LOG', NULL, 0);

DELETE FROM RESTRESOURCES WHERE "PATH" = '/v2/approvalcondition/count' AND METHOD = 'GET'; 
INSERT INTO RESTRESOURCES(RESTRESOURCES_PK, "METHOD", APPLICATION, "PATH", RESOURCEID, OPERATION, DESCRIPTION) VALUES((SELECT max(CAST(RESTRESOURCES_PK AS INTEGER)) + 1 AS RESTRESOURCES_PK FROM RESTRESOURCES), 'GET', 'VolPayHub', '/v2/approvalcondition/count', '068', 'R', 'API for Getting Approval Condition Count');

DELETE FROM RESTRESOURCES WHERE "PATH" = '/v2/approvalcondition/{status}/count' AND METHOD = 'GET'; 
INSERT INTO RESTRESOURCES(RESTRESOURCES_PK, "METHOD", APPLICATION, "PATH", RESOURCEID, OPERATION, DESCRIPTION) VALUES((SELECT max(CAST(RESTRESOURCES_PK AS INTEGER)) + 1 AS RESTRESOURCES_PK FROM RESTRESOURCES), 'GET', 'VolPayHub', '/v2/approvalcondition/{status}/count', '068', 'R', 'API for Getting Approval Condition Count');

DELETE FROM RESTRESOURCES WHERE "PATH" = '/v2/approvalcondition/suspend' AND METHOD = 'POST'; 
INSERT INTO RESTRESOURCES(RESTRESOURCES_PK, "METHOD", APPLICATION, "PATH", RESOURCEID, OPERATION, DESCRIPTION) VALUES((SELECT max(CAST(RESTRESOURCES_PK AS INTEGER)) + 1 AS RESTRESOURCES_PK FROM RESTRESOURCES), 'POST', 'VolPayHub', '/v2/approvalcondition/suspend', '068', 'R', 'API for suspending Approval Condition');

DELETE FROM RESTRESOURCES WHERE "PATH" = '/v2/approvalcondition/activate' AND METHOD = 'POST'; 
INSERT INTO RESTRESOURCES(RESTRESOURCES_PK, "METHOD", APPLICATION, "PATH", RESOURCEID, OPERATION, DESCRIPTION) VALUES((SELECT max(CAST(RESTRESOURCES_PK AS INTEGER)) + 1 AS RESTRESOURCES_PK FROM RESTRESOURCES), 'POST', 'VolPayHub', '/v2/approvalcondition/activate', '068', 'R', 'API for activating Approval Condition');

DELETE FROM VOLPAYCONFIGURATION WHERE NAME = 'PSAINPUTFORMAT';
INSERT INTO VOLPAYCONFIGURATION (NAME, VALUE, "TYPE")VALUES('PSAINPUTFORMAT', 'ISOPacs8,MT103,MT101', NULL);

DELETE FROM INCIDENCEDEFINITION WHERE INCIDENCECODE IN ('MOPD014','TRSATTMSG003','CHKMDT001','GPFRROF001');
INSERT INTO INCIDENCEDEFINITION (INCIDENCEDEFINITION_PK, PROCESSNAME, PARTYSERVICEASSOCIATIONCODE, INCIDENCECODE, INCIDENCETYPE, DESCRIPTION, INCIDENCERESOLUTION, SEVERITY, INCIDENCEORIGIN, CANCLIENTSETPREFERENCE, OPSSEVERITYPREFERENCE, CLIENTSEVERITYPREFERENCE, REPAIRANDMANUALINPUT, WORKFLOWCODE, PROCESSSTATUS, STATUS, EFFECTIVEFROMDATE, EFFECTIVETILLDATE)  VALUES(SYS_GUID(), NULL, NULL, 'MOPD014', 'ISSUE', 'Payment is Repair: Unable to apply business rule, Account_No - ${AccNo} set by Business, Rule but MOP is empty', 'Check the payment', 'High', 'User', NULL, NULL, NULL, NULL, 'PAYMENT', 'REPAIR', 'ACTIVE', TO_DATE('2017-01-01','YYYY-MM-DD'), NULL);
INSERT INTO INCIDENCEDEFINITION (INCIDENCEDEFINITION_PK, PROCESSNAME, PARTYSERVICEASSOCIATIONCODE, INCIDENCECODE, INCIDENCETYPE, DESCRIPTION, INCIDENCERESOLUTION, SEVERITY, INCIDENCEORIGIN, CANCLIENTSETPREFERENCE, OPSSEVERITYPREFERENCE, CLIENTSEVERITYPREFERENCE, REPAIRANDMANUALINPUT, WORKFLOWCODE, PROCESSSTATUS, STATUS, EFFECTIVEFROMDATE, EFFECTIVETILLDATE)  VALUES(SYS_GUID(), NULL, NULL, 'TRSATTMSG003', 'ISSUE', 'The response Format ${responseFormt} is not supported', 'Check the payment', 'High', 'User', NULL, NULL, NULL, NULL, 'PAYMENT', 'REPAIR', 'ACTIVE', TO_DATE('2017-01-01','YYYY-MM-DD'), NULL);
INSERT INTO INCIDENCEDEFINITION (INCIDENCEDEFINITION_PK, PROCESSNAME, PARTYSERVICEASSOCIATIONCODE, INCIDENCECODE, INCIDENCETYPE, DESCRIPTION, INCIDENCERESOLUTION, SEVERITY, INCIDENCEORIGIN, CANCLIENTSETPREFERENCE, OPSSEVERITYPREFERENCE, CLIENTSEVERITYPREFERENCE, REPAIRANDMANUALINPUT, WORKFLOWCODE, PROCESSSTATUS, STATUS, EFFECTIVEFROMDATE, EFFECTIVETILLDATE)  VALUES(SYS_GUID(), NULL, NULL, 'CHKMDT001', 'ISSUE', 'Mapping from PFD to ${msg} is failed. Without raw message cannot be processed further', 'Check the payment', 'High', 'User', NULL, NULL, NULL, NULL, 'PAYMENT', 'REPAIR', 'ACTIVE', TO_DATE('2017-01-01','YYYY-MM-DD'), NULL);
INSERT INTO INCIDENCEDEFINITION (INCIDENCEDEFINITION_PK, PROCESSNAME, PARTYSERVICEASSOCIATIONCODE, INCIDENCECODE, INCIDENCETYPE, DESCRIPTION, INCIDENCERESOLUTION, SEVERITY, INCIDENCEORIGIN, CANCLIENTSETPREFERENCE, OPSSEVERITYPREFERENCE, CLIENTSEVERITYPREFERENCE, REPAIRANDMANUALINPUT, WORKFLOWCODE, PROCESSSTATUS, STATUS, EFFECTIVEFROMDATE, EFFECTIVETILLDATE)  VALUES(SYS_GUID(), NULL, NULL, 'GPFRROF001', 'ISSUE', 'No record found in payment field data table with payment id as ${paymentId}', 'Check the payment', 'High', 'User', NULL, NULL, NULL, NULL, 'PAYMENT', 'REPAIR', 'ACTIVE', TO_DATE('2017-01-01','YYYY-MM-DD'), NULL);

DELETE FROM INCIDENCEMASTER WHERE INCIDENCECODE IN ('MOPD014','TRSATTMSG003','CHKMDT001','GPFRROF001');
INSERT INTO INCIDENCEMASTER (INCIDENCECODE, WORKFLOWCODE, ALLOWEDPROCESSSTATUS, ALLOWEDPARAMETER, ALLOWSTP)  VALUES('MOPD014', 'PAYMENT', 'REPAIR', 'AccNo', 1);
INSERT INTO INCIDENCEMASTER (INCIDENCECODE, WORKFLOWCODE, ALLOWEDPROCESSSTATUS, ALLOWEDPARAMETER, ALLOWSTP)  VALUES('TRSATTMSG003', 'PAYMENT', 'REPAIR', 'responseFormt', 1);
INSERT INTO INCIDENCEMASTER (INCIDENCECODE, WORKFLOWCODE, ALLOWEDPROCESSSTATUS, ALLOWEDPARAMETER, ALLOWSTP)  VALUES('CHKMDT001', 'PAYMENT', 'REPAIR', 'msg', 1);
INSERT INTO INCIDENCEMASTER (INCIDENCECODE, WORKFLOWCODE, ALLOWEDPROCESSSTATUS, ALLOWEDPARAMETER, ALLOWSTP)  VALUES('GPFRROF001', 'PAYMENT', 'REPAIR', 'paymentId', 1);

DELETE FROM TASKSMASTER WHERE TASKCODE = 'PreparePaymentForRFPReq-RFP';
DELETE FROM BUSINESSFUNCTIONMASTER WHERE FUNCTIONCODE = 'PreparePaymentForRFPReq-RFP';
DELETE FROM BUSINESSFUNCTIONWORKFLOW WHERE FUNCTIONCODE = 'PreparePaymentForRFPReq-RFP';
DELETE FROM BUSINESSPROCESSWORKFLOW WHERE FUNCTIONCODE = 'PreparePaymentForRFPReq-RFP';

UPDATE INCIDENCEDEFINITION SET DESCRIPTION = 'Raw Output message cannot be empty' WHERE INCIDENCECODE = 'TRSATTMSG002';

DELETE FROM RESTRESOURCES WHERE "PATH" = '/v2/payments/manualrfi' AND METHOD = 'POST';
INSERT INTO RESTRESOURCES(RESTRESOURCES_PK, "METHOD", APPLICATION, "PATH", RESOURCEID, "OPERATION", DESCRIPTION) VALUES((SELECT max(CAST(RESTRESOURCES_PK AS INTEGER)) + 1 AS RESTRESOURCES_PK FROM RESTRESOURCES), 'POST', 'VolPayHub', '/v2/payments/manualrfi', '003', 'GenerateRFI', 'API for Generating Request For Information');

DELETE FROM RESTRESOURCES WHERE "PATH" = '/v2/payments/manualrrfi' AND METHOD = 'POST';
INSERT INTO RESTRESOURCES(RESTRESOURCES_PK, "METHOD", APPLICATION, "PATH", RESOURCEID, "OPERATION", DESCRIPTION) VALUES((SELECT max(CAST(RESTRESOURCES_PK AS INTEGER)) + 1 AS RESTRESOURCES_PK FROM RESTRESOURCES), 'POST', 'VolPayHub', '/v2/payments/manualrrfi', '003', 'GenerateRRFI', 'API for Generating Response To Request For Information');

DELETE FROM RESTRESOURCES WHERE "PATH" = '/v2/payments/manualrrfp' AND METHOD = 'POST';
INSERT INTO RESTRESOURCES(RESTRESOURCES_PK, "METHOD", APPLICATION, "PATH", RESOURCEID, "OPERATION", DESCRIPTION) VALUES((SELECT max(CAST(RESTRESOURCES_PK AS INTEGER)) + 1 AS RESTRESOURCES_PK FROM RESTRESOURCES), 'POST', 'VolPayHub', '/v2/payments/manualrrfp', '003', 'GenerateRRFP', 'API for Generating Response To Request For Payment');

DELETE FROM RESTRESOURCES WHERE "PATH" = '/v2/payments/manualrrof' AND METHOD = 'POST';
INSERT INTO RESTRESOURCES(RESTRESOURCES_PK, "METHOD", APPLICATION, "PATH", RESOURCEID, "OPERATION", DESCRIPTION) VALUES((SELECT max(CAST(RESTRESOURCES_PK AS INTEGER)) + 1 AS RESTRESOURCES_PK FROM RESTRESOURCES), 'POST', 'VolPayHub', '/v2/payments/manualrrof', '003', 'GenerateRROF', 'API for Generating Response To Return Of Funds');

DELETE FROM RESTRESOURCES WHERE "PATH" = '/v2/payments/manualrof' AND METHOD = 'POST';
INSERT INTO RESTRESOURCES(RESTRESOURCES_PK, "METHOD", APPLICATION, "PATH", RESOURCEID, "OPERATION", DESCRIPTION) VALUES((SELECT max(CAST(RESTRESOURCES_PK AS INTEGER)) + 1 AS RESTRESOURCES_PK FROM RESTRESOURCES), 'POST', 'VolPayHub', '/v2/payments/manualrof', '003', 'GenerateROF', 'API for Generating Return Of Funds');

DELETE FROM RESTRESOURCES WHERE "PATH" = '/v2/payments/manualrfi/response' AND METHOD = 'POST';
INSERT INTO RESTRESOURCES(RESTRESOURCES_PK, "METHOD", APPLICATION, "PATH", RESOURCEID, "OPERATION", DESCRIPTION) VALUES((SELECT max(CAST(RESTRESOURCES_PK AS INTEGER)) + 1 AS RESTRESOURCES_PK FROM RESTRESOURCES), 'POST', 'VolPayHub', '/v2/payments/manualrfi/response', '003', 'GenerateRFI', 'API to Process Received Request For Information');

DELETE FROM RESTRESOURCES WHERE "PATH" = '/v2/payments/manualrrfi/response' AND METHOD = 'POST';
INSERT INTO RESTRESOURCES(RESTRESOURCES_PK, "METHOD", APPLICATION, "PATH", RESOURCEID, "OPERATION", DESCRIPTION) VALUES((SELECT max(CAST(RESTRESOURCES_PK AS INTEGER)) + 1 AS RESTRESOURCES_PK FROM RESTRESOURCES), 'POST', 'VolPayHub', '/v2/payments/manualrrfi/response', '003', 'GenerateRRFI', 'API to Process Received Response To Request For Information');

DELETE FROM RESTRESOURCES WHERE "PATH" = '/v2/payments/manualrof/response' AND METHOD = 'POST';
INSERT INTO RESTRESOURCES(RESTRESOURCES_PK, "METHOD", APPLICATION, "PATH", RESOURCEID, "OPERATION", DESCRIPTION) VALUES((SELECT max(CAST(RESTRESOURCES_PK AS INTEGER)) + 1 AS RESTRESOURCES_PK FROM RESTRESOURCES), 'POST', 'VolPayHub', '/v2/payments/manualrof/response', '003', 'GenerateROF', 'API to Process Received Return Of Funds');

DELETE FROM RESTRESOURCES WHERE "PATH" = '/v2/payments/manualrrof/response' AND METHOD = 'POST';
INSERT INTO RESTRESOURCES(RESTRESOURCES_PK, "METHOD", APPLICATION, "PATH", RESOURCEID, "OPERATION", DESCRIPTION) VALUES((SELECT max(CAST(RESTRESOURCES_PK AS INTEGER)) + 1 AS RESTRESOURCES_PK FROM RESTRESOURCES), 'POST', 'VolPayHub', '/v2/payments/manualrrof/response', '003', 'GenerateRROF', 'API to Process Received Response To Return Of Funds');

DELETE FROM RESTRESOURCES WHERE "PATH" = '/v2/payments/manualrrfp/response' AND METHOD = 'POST';
INSERT INTO RESTRESOURCES(RESTRESOURCES_PK, "METHOD", APPLICATION, "PATH", RESOURCEID, "OPERATION", DESCRIPTION) VALUES((SELECT max(CAST(RESTRESOURCES_PK AS INTEGER)) + 1 AS RESTRESOURCES_PK FROM RESTRESOURCES), 'POST', 'VolPayHub', '/v2/payments/manualrrfp/response', '003', 'GenerateRRFP', 'API to Process Received Response To Request For Payment');

DELETE FROM RESTRESOURCES WHERE "PATH" = '/v2/actiondetails' AND METHOD = 'POST';
INSERT INTO RESTRESOURCES(RESTRESOURCES_PK, "METHOD", APPLICATION, "PATH", RESOURCEID, "OPERATION", DESCRIPTION) VALUES((SELECT max(CAST(RESTRESOURCES_PK AS INTEGER)) + 1 AS RESTRESOURCES_PK FROM RESTRESOURCES), 'POST', 'VolPayHub', '/v2/actiondetails', '003', 'R', 'API To Get The Action Details For The Payment');

DELETE FROM RESTRESOURCES WHERE "PATH" = '/v2/actionsdetails' AND METHOD = 'POST';
INSERT INTO RESTRESOURCES(RESTRESOURCES_PK, "METHOD", APPLICATION, "PATH", RESOURCEID, "OPERATION", DESCRIPTION) VALUES((SELECT max(CAST(RESTRESOURCES_PK AS INTEGER)) + 1 AS RESTRESOURCES_PK FROM RESTRESOURCES), 'POST', 'VolPayHub', '/v2/actionsdetails', '003', 'R', 'API To Get The Actions Details For The Payment');

DELETE FROM ROLERESOURCEPERMISSION WHERE RESOURCEID = '003' AND PERMISSION IN ('GenerateRFI', 'GenerateRRFI', 'GenerateROF', 'GenerateRROF', 'GenerateRRFP');
INSERT INTO ROLERESOURCEPERMISSION(ROLEID, RESOURCEID, PERMISSION) VALUES('Super Admin', '003', 'GenerateRFI');
INSERT INTO ROLERESOURCEPERMISSION(ROLEID, RESOURCEID, PERMISSION) VALUES('Super Admin', '003', 'GenerateRRFI');
INSERT INTO ROLERESOURCEPERMISSION(ROLEID, RESOURCEID, PERMISSION) VALUES('Super Admin', '003', 'GenerateROF');
INSERT INTO ROLERESOURCEPERMISSION(ROLEID, RESOURCEID, PERMISSION) VALUES('Super Admin', '003', 'GenerateRROF');
INSERT INTO ROLERESOURCEPERMISSION(ROLEID, RESOURCEID, PERMISSION) VALUES('Super Admin', '003', 'GenerateRRFP');

DELETE FROM ACTIONDEFINITION WHERE ACTIONNAME = 'GenerateRFI' AND WORKFLOWCODE = 'PAYMENT';
INSERT INTO ACTIONDEFINITION(ACTIONNAME, DESCRIPTION, ACTIONDEFINITION_PK, WORKFLOWCODE, ALIASNAME, CLIENTALIASNAME, DUALCONTROLREQUIRED, MANDATENOTE, GROUPACTIONALLOWED, RESTURL, RESTMETHOD, SUCCESSURL, FAILUREURL, FLOWNAME, STATUS, EFFECTIVEFROMDATE, EFFECTIVETILLDATE, FUNCTIONNAME) VALUES('GenerateRFI', 'Generate Request For Information', (SELECT max(CAST(ACTIONDEFINITION_PK AS INTEGER)) + 1 AS ACTIONDEFINITION_PK FROM ACTIONDEFINITION), 'PAYMENT', NULL, NULL, 0, 0, 0, '/v2/payments/manualrfi', 'POST', NULL, NULL, NULL, 'ACTIVE', TO_DATE('2017-01-01', 'YYYY-MM-DD'), NULL, 'DisplayPopUpWithWebFormInput');

DELETE FROM ACTIONDEFINITION WHERE ACTIONNAME = 'GenerateRRFI' AND WORKFLOWCODE = 'PAYMENT';
INSERT INTO ACTIONDEFINITION(ACTIONNAME, DESCRIPTION, ACTIONDEFINITION_PK, WORKFLOWCODE, ALIASNAME, CLIENTALIASNAME, DUALCONTROLREQUIRED, MANDATENOTE, GROUPACTIONALLOWED, RESTURL, RESTMETHOD, SUCCESSURL, FAILUREURL, FLOWNAME, STATUS, EFFECTIVEFROMDATE, EFFECTIVETILLDATE, FUNCTIONNAME) VALUES('GenerateRRFI', 'Generate Response To Request For Information', (SELECT max(CAST(ACTIONDEFINITION_PK AS INTEGER)) + 1 AS ACTIONDEFINITION_PK FROM ACTIONDEFINITION), 'PAYMENT', NULL, NULL, 0, 0, 0, '/v2/payments/manualrrfi', 'POST', NULL, NULL, NULL, 'ACTIVE', TO_DATE('2017-01-01', 'YYYY-MM-DD'), NULL, 'DisplayPopUpWithWebFormInput');

DELETE FROM ACTIONDEFINITION WHERE ACTIONNAME = 'GenerateROF' AND WORKFLOWCODE = 'PAYMENT';
INSERT INTO ACTIONDEFINITION(ACTIONNAME, DESCRIPTION, ACTIONDEFINITION_PK, WORKFLOWCODE, ALIASNAME, CLIENTALIASNAME, DUALCONTROLREQUIRED, MANDATENOTE, GROUPACTIONALLOWED, RESTURL, RESTMETHOD, SUCCESSURL, FAILUREURL, FLOWNAME, STATUS, EFFECTIVEFROMDATE, EFFECTIVETILLDATE, FUNCTIONNAME) VALUES('GenerateROF', 'Generate Return Of Funds', (SELECT max(CAST(ACTIONDEFINITION_PK AS INTEGER)) + 1 AS ACTIONDEFINITION_PK FROM ACTIONDEFINITION), 'PAYMENT', NULL, NULL, 0, 0, 0, '/v2/payments/manualrof', 'POST', NULL, NULL, NULL, 'ACTIVE', TO_DATE('2017-01-01', 'YYYY-MM-DD'), NULL, 'DisplayPopUpWithWebFormInput');

DELETE FROM ACTIONDEFINITION WHERE ACTIONNAME = 'GenerateRROF' AND WORKFLOWCODE = 'PAYMENT';
INSERT INTO ACTIONDEFINITION(ACTIONNAME, DESCRIPTION, ACTIONDEFINITION_PK, WORKFLOWCODE, ALIASNAME, CLIENTALIASNAME, DUALCONTROLREQUIRED, MANDATENOTE, GROUPACTIONALLOWED, RESTURL, RESTMETHOD, SUCCESSURL, FAILUREURL, FLOWNAME, STATUS, EFFECTIVEFROMDATE, EFFECTIVETILLDATE, FUNCTIONNAME) VALUES('GenerateRROF', 'Generate Response To Return Of Funds', (SELECT max(CAST(ACTIONDEFINITION_PK AS INTEGER)) + 1 AS ACTIONDEFINITION_PK FROM ACTIONDEFINITION), 'PAYMENT', NULL, NULL, 0, 0, 0, '/v2/payments/manualrrof', 'POST', NULL, NULL, NULL, 'ACTIVE', TO_DATE('2017-01-01', 'YYYY-MM-DD'), NULL, 'DisplayPopUpWithWebFormInput');

DELETE FROM ACTIONDEFINITION WHERE ACTIONNAME = 'GenerateRRFP' AND WORKFLOWCODE = 'PAYMENT';
INSERT INTO ACTIONDEFINITION(ACTIONNAME, DESCRIPTION, ACTIONDEFINITION_PK, WORKFLOWCODE, ALIASNAME, CLIENTALIASNAME, DUALCONTROLREQUIRED, MANDATENOTE, GROUPACTIONALLOWED, RESTURL, RESTMETHOD, SUCCESSURL, FAILUREURL, FLOWNAME, STATUS, EFFECTIVEFROMDATE, EFFECTIVETILLDATE, FUNCTIONNAME) VALUES('GenerateRRFP', 'Generate Response To Request For Payment', (SELECT max(CAST(ACTIONDEFINITION_PK AS INTEGER)) + 1 AS ACTIONDEFINITION_PK FROM ACTIONDEFINITION), 'PAYMENT', NULL, NULL, 0, 0, 0, '/v2/payments/manualrrfp', 'POST', NULL, NULL, NULL, 'ACTIVE', TO_DATE('2017-01-01', 'YYYY-MM-DD'), NULL, 'DisplayPopUpWithWebFormInput');

DELETE FROM STATUSACTION WHERE ACTION = 'GenerateRRFP' AND PROCESSSTATUS = 'COMPLETED' AND WORKFLOWCODE = 'PAYMENT';
DELETE FROM STATUSACTION WHERE ACTION = 'GenerateROF' AND PROCESSSTATUS = 'COMPLETED' AND WORKFLOWCODE = 'PAYMENT';
DELETE FROM STATUSACTION WHERE ACTION = 'GenerateRFI' AND PROCESSSTATUS = 'ACCEPTED' AND WORKFLOWCODE = 'PAYMENT';
DELETE FROM STATUSACTION WHERE ACTION = 'GenerateRRFI' AND PROCESSSTATUS = 'COMPLETED' AND WORKFLOWCODE = 'PAYMENT';
DELETE FROM STATUSACTION WHERE ACTION = 'GenerateRRFP' AND PROCESSSTATUS = 'COMPLETED' AND WORKFLOWCODE = 'PAYMENT';

DELETE FROM STATUSACTION WHERE ACTION = 'GenerateRRFP' AND PROCESSSTATUS = 'WAIT_OUT_RRFP' AND WORKFLOWCODE = 'PAYMENT';
INSERT INTO STATUSACTION("ACTION", STATUSACTION_PK, WORKFLOWCODE, PROCESSSTATUS, STATUS, EFFECTIVEFROMDATE, EFFECTIVETILLDATE, PROCESSNAME) VALUES('GenerateRRFP', SYS_GUID(), 'PAYMENT', 'WAIT_OUT_RRFP', 'ACTIVE', TO_DATE('2017-01-01', 'YYYY-MM-DD'), NULL, NULL);

DELETE FROM STATUSACTION WHERE ACTION = 'GenerateROF' AND PROCESSSTATUS = 'ACCEPTED' AND WORKFLOWCODE = 'PAYMENT';
INSERT INTO STATUSACTION("ACTION", STATUSACTION_PK, WORKFLOWCODE, PROCESSSTATUS, STATUS, EFFECTIVEFROMDATE, EFFECTIVETILLDATE, PROCESSNAME) VALUES('GenerateROF', SYS_GUID(), 'PAYMENT', 'ACCEPTED', 'ACTIVE', TO_DATE('2017-01-01', 'YYYY-MM-DD'), NULL, NULL);

DELETE FROM STATUSACTION WHERE ACTION = 'GenerateRFI' AND PROCESSSTATUS = 'COMPLETED' AND WORKFLOWCODE = 'PAYMENT';
INSERT INTO STATUSACTION("ACTION", STATUSACTION_PK, WORKFLOWCODE, PROCESSSTATUS, STATUS, EFFECTIVEFROMDATE, EFFECTIVETILLDATE, PROCESSNAME) VALUES('GenerateRFI', SYS_GUID(), 'PAYMENT', 'COMPLETED', 'ACTIVE', TO_DATE('2017-01-01', 'YYYY-MM-DD'), NULL, NULL);

DELETE FROM STATUSACTION WHERE ACTION = 'GenerateRRFI' AND PROCESSSTATUS = 'ACCEPTED' AND WORKFLOWCODE = 'PAYMENT';
INSERT INTO STATUSACTION("ACTION", STATUSACTION_PK, WORKFLOWCODE, PROCESSSTATUS, STATUS, EFFECTIVEFROMDATE, EFFECTIVETILLDATE, PROCESSNAME) VALUES('GenerateRRFI', SYS_GUID(), 'PAYMENT', 'ACCEPTED', 'ACTIVE', TO_DATE('2017-01-01', 'YYYY-MM-DD'), NULL, NULL);

DELETE FROM STATUSACTION WHERE ACTION = 'GenerateRRFP' AND PROCESSSTATUS = 'WAITING_RFPRESPONSE' AND WORKFLOWCODE = 'PAYMENT';
INSERT INTO STATUSACTION("ACTION", STATUSACTION_PK, WORKFLOWCODE, PROCESSSTATUS, STATUS, EFFECTIVEFROMDATE, EFFECTIVETILLDATE, PROCESSNAME) VALUES('GenerateRRFP', SYS_GUID(), 'PAYMENT', 'WAITING_RFPRESPONSE', 'ACTIVE', TO_DATE('2017-01-01', 'YYYY-MM-DD'), NULL, NULL);

UPDATE SERVICECONFIG SET PREPARSINGCALLBACKFLOWNAME = 'DEMO_MsgTypeIdentificationForRFP:FormatIdentifier' WHERE MSGFORMAT = 'Pain001_SEPA';

DELETE FROM BUSINESSPROCESSMASTER WHERE PROCESSCODE IN('RROF-DEFAULT','RFP-DEFAULT');
INSERT INTO BUSINESSPROCESSMASTER (BUSINESSPROCESSMASTER_PK, PROCESSCODE, PROCESSNAME, PROCESSDESCRIPTION) VALUES((SELECT max(CAST(BUSINESSPROCESSMASTER_PK AS INTEGER)) + 1 AS BUSINESSPROCESSMASTER_PK FROM BUSINESSPROCESSMASTER), 'RROF-DEFAULT', 'RROF configuration', NULL);
INSERT INTO BUSINESSPROCESSMASTER (BUSINESSPROCESSMASTER_PK, PROCESSCODE, PROCESSNAME, PROCESSDESCRIPTION) VALUES((SELECT max(CAST(BUSINESSPROCESSMASTER_PK AS INTEGER)) + 1 AS BUSINESSPROCESSMASTER_PK FROM BUSINESSPROCESSMASTER), 'RFP-DEFAULT', 'RFP configuration', NULL);

DELETE FROM TASKSMASTER WHERE TASKCODE = 'CreditTransferMatchWithROF' AND WORKFLOWCODE = 'PAYMENT';
INSERT INTO TASKSMASTER (TASKSMASTER_PK, TASKCODE, TASKNAME, TECHNICALFLOWNAME, TASKDESCRIPTION, WORKFLOWCODE) VALUES((SELECT max(CAST(TASKSMASTER_PK AS INTEGER)) + 1 AS TASKSMASTER_PK FROM TASKSMASTER), 'CreditTransferMatchWithROF', 'CreditTransferMatchWithROF', 'CreditTransferMatchWithROF', NULL, 'PAYMENT');
DELETE FROM TASKSMASTER WHERE TASKCODE = 'GeneratePaymentForRROF' AND WORKFLOWCODE = 'ATTCHMSG_TXN';
INSERT INTO TASKSMASTER (TASKSMASTER_PK, TASKCODE, TASKNAME, TECHNICALFLOWNAME, TASKDESCRIPTION, WORKFLOWCODE) VALUES((SELECT max(CAST(TASKSMASTER_PK AS INTEGER)) + 1 AS TASKSMASTER_PK FROM TASKSMASTER), 'GeneratePaymentForRROF', 'GeneratePaymentForRROF', 'GeneratePaymentForRROF', NULL, 'ATTCHMSG_TXN');
DELETE FROM TASKSMASTER WHERE TASKCODE = 'HandleResponseforRFP' AND WORKFLOWCODE = 'RFP_TXN';
INSERT INTO TASKSMASTER (TASKSMASTER_PK, TASKCODE, TASKNAME, TECHNICALFLOWNAME, TASKDESCRIPTION, WORKFLOWCODE) VALUES((SELECT max(CAST(TASKSMASTER_PK AS INTEGER)) + 1 AS TASKSMASTER_PK FROM TASKSMASTER), 'HandleResponseforRFP', 'HandleResponseforRFP', 'HandleResponseforRFP', NULL, 'RFP_TXN');

DELETE FROM BUSINESSFUNCTIONMASTER WHERE FUNCTIONCODE = 'CreditTransferMatchWithROF';
INSERT INTO BUSINESSFUNCTIONMASTER (BUSINESSFUNCTIONMASTER_PK, FUNCTIONCODE, FUNCTIONDESCRIPTION, WORKFLOWCODE) VALUES((SELECT max(CAST(BUSINESSFUNCTIONMASTER_PK AS INTEGER)) + 1 AS BUSINESSFUNCTIONMASTER_PK FROM BUSINESSFUNCTIONMASTER), 'CreditTransferMatchWithROF', NULL, 'PAYMENT');
DELETE FROM BUSINESSFUNCTIONMASTER WHERE FUNCTIONCODE = 'GeneratePaymentForRROF';
INSERT INTO BUSINESSFUNCTIONMASTER (BUSINESSFUNCTIONMASTER_PK, FUNCTIONCODE, FUNCTIONDESCRIPTION, WORKFLOWCODE) VALUES((SELECT max(CAST(BUSINESSFUNCTIONMASTER_PK AS INTEGER)) + 1 AS BUSINESSFUNCTIONMASTER_PK FROM BUSINESSFUNCTIONMASTER), 'GeneratePaymentForRROF', NULL, 'ATTCHMSG_TXN');
DELETE FROM BUSINESSFUNCTIONMASTER WHERE FUNCTIONCODE = 'HandleResponseforRFP';
INSERT INTO BUSINESSFUNCTIONMASTER (BUSINESSFUNCTIONMASTER_PK, FUNCTIONCODE, FUNCTIONDESCRIPTION, WORKFLOWCODE) VALUES((SELECT max(CAST(BUSINESSFUNCTIONMASTER_PK AS INTEGER)) + 1 AS BUSINESSFUNCTIONMASTER_PK FROM BUSINESSFUNCTIONMASTER), 'HandleResponseforRFP', NULL, 'RFP_TXN');

DELETE FROM BUSINESSFUNCTIONWORKFLOW WHERE FUNCTIONCODE = 'CreditTransferMatchWithROF' AND TASKCODE = 'CreditTransferMatchWithROF' AND ACTIVITYINDEX = 80;
INSERT INTO BUSINESSFUNCTIONWORKFLOW (BUSINESSFUNCTIONWORKFLOW_PK, FUNCTIONCODE, TASKCODE, ACTIVITYINDEX, TASKCONFIG, STATUS, EFFECTIVEFROMDATE, EFFECTIVETILLDATE) VALUES((SELECT max(CAST(BUSINESSFUNCTIONWORKFLOW_PK AS INTEGER)) + 1 AS BUSINESSFUNCTIONWORKFLOW_PK FROM BUSINESSFUNCTIONWORKFLOW), 'CreditTransferMatchWithROF', 'CreditTransferMatchWithROF', 80, NULL, 'ACTIVE', TO_DATE('2017-01-01', 'YYYY-MM-DD'), NULL);
DELETE FROM BUSINESSFUNCTIONWORKFLOW WHERE FUNCTIONCODE = 'GeneratePaymentForRROF' AND TASKCODE = 'GeneratePaymentForRROF' AND ACTIVITYINDEX = 80;
INSERT INTO BUSINESSFUNCTIONWORKFLOW (BUSINESSFUNCTIONWORKFLOW_PK, FUNCTIONCODE, TASKCODE, ACTIVITYINDEX, TASKCONFIG, STATUS, EFFECTIVEFROMDATE, EFFECTIVETILLDATE) VALUES((SELECT max(CAST(BUSINESSFUNCTIONWORKFLOW_PK AS INTEGER)) + 1 AS BUSINESSFUNCTIONWORKFLOW_PK FROM BUSINESSFUNCTIONWORKFLOW), 'GeneratePaymentForRROF', 'GeneratePaymentForRROF', 80, NULL, 'ACTIVE', TO_DATE('2017-01-01', 'YYYY-MM-DD'), NULL);
DELETE FROM BUSINESSFUNCTIONWORKFLOW WHERE FUNCTIONCODE = 'HandleResponseforRFP' AND TASKCODE = 'HandleResponseforRFP' AND ACTIVITYINDEX = 50;
INSERT INTO BUSINESSFUNCTIONWORKFLOW (BUSINESSFUNCTIONWORKFLOW_PK, FUNCTIONCODE, TASKCODE, ACTIVITYINDEX, TASKCONFIG, STATUS, EFFECTIVEFROMDATE, EFFECTIVETILLDATE) VALUES((SELECT max(CAST(BUSINESSFUNCTIONWORKFLOW_PK AS INTEGER)) + 1 AS BUSINESSFUNCTIONWORKFLOW_PK FROM BUSINESSFUNCTIONWORKFLOW), 'HandleResponseforRFP', 'HandleResponseforRFP', 50, NULL, 'ACTIVE', TO_DATE('2017-01-01', 'YYYY-MM-DD'), NULL);

DELETE FROM BUSINESSPROCESSWORKFLOW WHERE PROCESSCODE = 'VOLPAY-DEFAULT' AND FUNCTIONCODE = 'CreditTransferMatchWithROF' AND WORKFLOWCODE = 'PAYMENT';
INSERT INTO BUSINESSPROCESSWORKFLOW (BUSINESSPROCESSWORKFLOW_PK, PROCESSCODE, FUNCTIONCODE, ACTIVITYINDEX, WORKFLOWCODE, STATUS, EFFECTIVEFROMDATE, EFFECTIVETILLDATE, BUSINESSRULEHANDLERFLOW) VALUES((SELECT max(CAST(BUSINESSPROCESSWORKFLOW_PK AS INTEGER)) + 1 AS BUSINESSPROCESSWORKFLOW_PK FROM BUSINESSPROCESSWORKFLOW), 'VOLPAY-DEFAULT', 'CreditTransferMatchWithROF', 80, 'PAYMENT', 'ACTIVE', TO_DATE('2017-01-01', 'YYYY-MM-DD'), NULL, NULL);
DELETE FROM BUSINESSPROCESSWORKFLOW WHERE PROCESSCODE = 'RROF-DEFAULT' AND FUNCTIONCODE = 'GeneratePaymentForRROF' AND WORKFLOWCODE = 'ATTCHMSG_TXN';
INSERT INTO BUSINESSPROCESSWORKFLOW (BUSINESSPROCESSWORKFLOW_PK, PROCESSCODE, FUNCTIONCODE, ACTIVITYINDEX, WORKFLOWCODE, STATUS, EFFECTIVEFROMDATE, EFFECTIVETILLDATE, BUSINESSRULEHANDLERFLOW) VALUES((SELECT max(CAST(BUSINESSPROCESSWORKFLOW_PK AS INTEGER)) + 1 AS BUSINESSPROCESSWORKFLOW_PK FROM BUSINESSPROCESSWORKFLOW), 'RROF-DEFAULT', 'GeneratePaymentForRROF', 80, 'ATTCHMSG_TXN', 'ACTIVE', TO_DATE('2017-01-01', 'YYYY-MM-DD'), NULL, NULL);
DELETE FROM BUSINESSPROCESSWORKFLOW WHERE PROCESSCODE = 'RFP-DEFAULT' AND FUNCTIONCODE = 'HandleResponseforRFP' AND WORKFLOWCODE = 'RFP_TXN';
INSERT INTO BUSINESSPROCESSWORKFLOW (BUSINESSPROCESSWORKFLOW_PK, PROCESSCODE, FUNCTIONCODE, ACTIVITYINDEX, WORKFLOWCODE, STATUS, EFFECTIVEFROMDATE, EFFECTIVETILLDATE, BUSINESSRULEHANDLERFLOW) VALUES((SELECT max(CAST(BUSINESSPROCESSWORKFLOW_PK AS INTEGER)) + 1 AS BUSINESSPROCESSWORKFLOW_PK FROM BUSINESSPROCESSWORKFLOW), 'RFP-DEFAULT', 'HandleResponseforRFP', 50, 'RFP_TXN', 'ACTIVE', TO_DATE('2017-01-01', 'YYYY-MM-DD'), NULL, NULL);

DELETE FROM RESTRESOURCES WHERE "PATH" = '/v2/rrfi/attachmessageid/{paymentID}' AND METHOD = 'POST';
INSERT INTO RESTRESOURCES(RESTRESOURCES_PK, "METHOD", APPLICATION, "PATH", RESOURCEID, "OPERATION", DESCRIPTION) VALUES((SELECT max(CAST(RESTRESOURCES_PK AS INTEGER)) + 1 AS RESTRESOURCES_PK FROM RESTRESOURCES), 'GET', 'VolPayHub', '/v2/rrfi/attachmessageid/{paymentID}', '007', 'R', 'API For Getting The Attached Message IDs for RRFI');

DELETE FROM RESTRESOURCES WHERE "PATH" = '/v2/rrof/attachmessageid/{paymentID}' AND METHOD = 'POST';
INSERT INTO RESTRESOURCES(RESTRESOURCES_PK, "METHOD", APPLICATION, "PATH", RESOURCEID, "OPERATION", DESCRIPTION) VALUES((SELECT max(CAST(RESTRESOURCES_PK AS INTEGER)) + 1 AS RESTRESOURCES_PK FROM RESTRESOURCES), 'GET', 'VolPayHub', '/v2/rrof/attachmessageid/{paymentID}', '007', 'R', 'API For Getting The Attached Message IDs for RROF');

DELETE FROM RESTRESOURCES WHERE "PATH" = '/v2/rrfp/attachmessageid/{paymentID}' AND METHOD = 'POST';
INSERT INTO RESTRESOURCES(RESTRESOURCES_PK, "METHOD", APPLICATION, "PATH", RESOURCEID, "OPERATION", DESCRIPTION) VALUES((SELECT max(CAST(RESTRESOURCES_PK AS INTEGER)) + 1 AS RESTRESOURCES_PK FROM RESTRESOURCES), 'GET', 'VolPayHub', '/v2/rrfp/attachmessageid/{paymentID}', '007', 'R', 'API For Getting The Attached Message IDs for RRFP');

DELETE FROM RESTRESOURCES WHERE "PATH" = '/v2/logconfig/read' AND METHOD = 'POST';
INSERT INTO RESTRESOURCES(RESTRESOURCES_PK, "METHOD", APPLICATION, "PATH", RESOURCEID, "OPERATION", DESCRIPTION) VALUES((SELECT max(CAST(RESTRESOURCES_PK AS INTEGER)) + 1 AS RESTRESOURCES_PK FROM RESTRESOURCES), 'POST', 'VolPayHub', '/v2/logconfig/read', '067', 'R', 'API for getting Log Config');

UPDATE RESTRESOURCES SET RESOURCEID = '067' WHERE "PATH" = '/v2/logconfig/count' AND METHOD = 'GET';
UPDATE RESTRESOURCES SET RESOURCEID = '067' WHERE "PATH" = '/v2/logconfig/audit/readall' AND METHOD = 'POST';
UPDATE RESTRESOURCES SET RESOURCEID = '067' WHERE "PATH" = '/v2/logconfig/{status}/count' AND METHOD = 'GET';

DELETE FROM BUSINESSPROCESSMASTER WHERE PROCESSCODE = 'RFI-DEFAULT';
INSERT INTO BUSINESSPROCESSMASTER (BUSINESSPROCESSMASTER_PK, PROCESSCODE, PROCESSNAME, PROCESSDESCRIPTION) VALUES((SELECT max(CAST(BUSINESSPROCESSMASTER_PK AS INTEGER)) + 1 AS BUSINESSPROCESSMASTER_PK FROM BUSINESSPROCESSMASTER), 'RFI-DEFAULT', 'RFI configuration', NULL);

DELETE FROM BUSINESSPROCESSWORKFLOW WHERE PROCESSCODE = 'RFI-DEFAULT' AND FUNCTIONCODE = 'ValidateAndDebulkProcessor' AND WORKFLOWCODE = 'INSTRUCTION';
INSERT INTO BUSINESSPROCESSWORKFLOW (BUSINESSPROCESSWORKFLOW_PK, PROCESSCODE, FUNCTIONCODE, ACTIVITYINDEX, WORKFLOWCODE, STATUS, EFFECTIVEFROMDATE, EFFECTIVETILLDATE, BUSINESSRULEHANDLERFLOW) VALUES((SELECT max(CAST(BUSINESSPROCESSWORKFLOW_PK AS INTEGER)) + 1 AS BUSINESSPROCESSWORKFLOW_PK FROM BUSINESSPROCESSWORKFLOW), 'RFI-DEFAULT', 'ValidateAndDebulkProcessor', 10, 'INSTRUCTION', 'ACTIVE', TO_DATE('2016-01-01 00:00:00','YYYY-MM-DD HH24:MI:SS'), NULL, NULL);
DELETE FROM BUSINESSPROCESSWORKFLOW WHERE PROCESSCODE = 'RFI-DEFAULT' AND FUNCTIONCODE = 'SendSelectedAttchMsgToTxProcess' AND WORKFLOWCODE = 'INSTRUCTION';
INSERT INTO BUSINESSPROCESSWORKFLOW (BUSINESSPROCESSWORKFLOW_PK, PROCESSCODE, FUNCTIONCODE, ACTIVITYINDEX, WORKFLOWCODE, STATUS, EFFECTIVEFROMDATE, EFFECTIVETILLDATE, BUSINESSRULEHANDLERFLOW) VALUES((SELECT max(CAST(BUSINESSPROCESSWORKFLOW_PK AS INTEGER)) + 1 AS BUSINESSPROCESSWORKFLOW_PK FROM BUSINESSPROCESSWORKFLOW), 'RFI-DEFAULT', 'SendSelectedAttchMsgToTxProcess', 20, 'INSTRUCTION', 'ACTIVE', TO_DATE('2016-01-01 00:00:00','YYYY-MM-DD HH24:MI:SS'), NULL, NULL);
DELETE FROM BUSINESSPROCESSWORKFLOW WHERE PROCESSCODE = 'RFI-DEFAULT' AND FUNCTIONCODE = 'TransmitAttachedMessage' AND WORKFLOWCODE = 'ATTCHMSG_TXN';
INSERT INTO BUSINESSPROCESSWORKFLOW (BUSINESSPROCESSWORKFLOW_PK, PROCESSCODE, FUNCTIONCODE, ACTIVITYINDEX, WORKFLOWCODE, STATUS, EFFECTIVEFROMDATE, EFFECTIVETILLDATE, BUSINESSRULEHANDLERFLOW) VALUES((SELECT max(CAST(BUSINESSPROCESSWORKFLOW_PK AS INTEGER)) + 1 AS BUSINESSPROCESSWORKFLOW_PK FROM BUSINESSPROCESSWORKFLOW), 'RFI-DEFAULT', 'TransmitAttachedMessage', 50, 'ATTCHMSG_TXN', 'ACTIVE', TO_DATE('2016-01-01 00:00:00','YYYY-MM-DD HH24:MI:SS'), NULL, NULL);

UPDATE PARTYSERVICEASSOCIATION SET ADDITIONALCONFIG = '{"AcceptAll":true, "RejectAll":false}' WHERE PARTYSERVICEASSOCIATIONCODE = 'ESPARTY_DemoCHANNELInput';

UPDATE SERVICECONFIG SET MESSAGEFUNCTION = 'Credit Transfer' WHERE MSGNAME = 'DemoCHANNEL' AND MSGFORMAT = 'DemoCHANNELInput';
UPDATE SERVICECONFIG SET MESSAGEFUNCTION = 'Request for Payment' WHERE MSGNAME = 'ISOPain013_RFP' AND MSGFORMAT = 'ISOPain013';
UPDATE SERVICECONFIG SET MESSAGEFUNCTION = 'Remittance Advice' WHERE MSGNAME = 'ISOREMT001' AND MSGFORMAT = 'ISOREMT001';
UPDATE SERVICECONFIG SET MESSAGEFUNCTION = 'Credit Transfer' WHERE MSGNAME = 'SWIFT' AND MSGFORMAT = 'MT103';
UPDATE SERVICECONFIG SET MESSAGEFUNCTION = 'Manual Confirmation' WHERE MSGNAME = 'ManualConfirmation' AND MSGFORMAT = 'ManualConfirmation';
UPDATE SERVICECONFIG SET MESSAGEFUNCTION = 'Credit Transfer' WHERE MSGNAME = 'SEPA' AND MSGFORMAT = 'Pain001_SEPA';
UPDATE SERVICECONFIG SET MESSAGEFUNCTION = 'Payment Instruction' WHERE MSGNAME = 'PaymentInstruction' AND MSGFORMAT = 'PaymentInstruction';

DELETE FROM RESOURCEAPPROVALPERMISSION WHERE RESOURCEID = '003' AND "OPERATION" = 'GenerateRFI';
DELETE FROM RESOURCEAPPROVALPERMISSION WHERE RESOURCEID = '003' AND "OPERATION" = 'GenerateRRFI';
DELETE FROM RESOURCEAPPROVALPERMISSION WHERE RESOURCEID = '003' AND "OPERATION" = 'GenerateROF';
DELETE FROM RESOURCEAPPROVALPERMISSION WHERE RESOURCEID = '003' AND "OPERATION" = 'GenerateRROF';
DELETE FROM RESOURCEAPPROVALPERMISSION WHERE RESOURCEID = '003' AND "OPERATION" = 'GenerateRRFP';
INSERT INTO RESOURCEAPPROVALPERMISSION(RESOURCEAPPROVALPERMISSION_PK, RESOURCEID, "OPERATION", APPROVALCOUNT, CONDITIONID) VALUES(SYS_GUID(), '003', 'GenerateRFI', 1, NULL);
INSERT INTO RESOURCEAPPROVALPERMISSION(RESOURCEAPPROVALPERMISSION_PK, RESOURCEID, "OPERATION", APPROVALCOUNT, CONDITIONID) VALUES(SYS_GUID(), '003', 'GenerateRRFI', 1, NULL);
INSERT INTO RESOURCEAPPROVALPERMISSION(RESOURCEAPPROVALPERMISSION_PK, RESOURCEID, "OPERATION", APPROVALCOUNT, CONDITIONID) VALUES(SYS_GUID(), '003', 'GenerateROF', 1, NULL);
INSERT INTO RESOURCEAPPROVALPERMISSION(RESOURCEAPPROVALPERMISSION_PK, RESOURCEID, "OPERATION", APPROVALCOUNT, CONDITIONID) VALUES(SYS_GUID(), '003', 'GenerateRROF', 1, NULL);
INSERT INTO RESOURCEAPPROVALPERMISSION(RESOURCEAPPROVALPERMISSION_PK, RESOURCEID, "OPERATION", APPROVALCOUNT, CONDITIONID) VALUES(SYS_GUID(), '003', 'GenerateRRFP', 1, NULL);

UPDATE VOLPAYCONFIGURATION SET "VALUE" = '45' WHERE NAME = 'RFPExpiryNumberOfDays';

DELETE FROM STATUSACTION WHERE ACTION = 'GenerateRRFP' AND PROCESSSTATUS = 'WAIT_OUT_RRFP' AND WORKFLOWCODE = 'PAYMENT';
DELETE FROM STATUSACTION WHERE ACTION = 'GenerateRROF' AND PROCESSSTATUS = 'COMPLETED' AND WORKFLOWCODE = 'PAYMENT';
INSERT INTO STATUSACTION("ACTION", STATUSACTION_PK, WORKFLOWCODE, PROCESSSTATUS, STATUS, EFFECTIVEFROMDATE, EFFECTIVETILLDATE, PROCESSNAME) VALUES('GenerateRROF', SYS_GUID(), 'PAYMENT', 'COMPLETED', 'ACTIVE', TO_DATE('2017-01-01', 'YYYY-MM-DD'), NULL, NULL);

DELETE FROM RESTRESOURCES WHERE "PATH" = '/v2/partyserviceassociations/queryPSA' AND METHOD = 'POST';
INSERT INTO RESTRESOURCES(RESTRESOURCES_PK, "METHOD", APPLICATION, "PATH", RESOURCEID, "OPERATION", DESCRIPTION) VALUES((SELECT max(CAST(RESTRESOURCES_PK AS INTEGER)) + 1 AS RESTRESOURCES_PK FROM RESTRESOURCES), 'POST', 'VolPayHub', '/v2/partyserviceassociations/queryPSA', '023', 'R', 'API for gettting PSA based on Service, Party and Message Input');

COMMIT;