DELETE FROM TASKSMASTER WHERE TASKCODE = 'CreditTransferMatchWithOutCT';
INSERT INTO TASKSMASTER (TASKSMASTER_PK, TASKCODE, TASKNAME, TECHNICALFLOWNAME, TASKDESCRIPTION, WORKFLOWCODE) VALUES(SYS_GUID(), 'CreditTransferMatchWithOutCT', 'CreditTransferMatchWithOutCT', 'CreditTransferMatchWithOutCT', NULL, 'PAYMENT');

DELETE FROM BUSINESSFUNCTIONMASTER WHERE FUNCTIONCODE='CreditTransferMatchWithOutCT';
INSERT INTO BUSINESSFUNCTIONMASTER(BUSINESSFUNCTIONMASTER_PK, FUNCTIONCODE, FUNCTIONDESCRIPTION, WORKFLOWCODE) VALUES(SYS_GUID(), 'CreditTransferMatchWithOutCT', NULL, 'PAYMENT');

DELETE FROM BUSINESSFUNCTIONWORKFLOW WHERE FUNCTIONCODE='CreditTransferMatchWithOutCT' AND TASKCODE = 'CreditTransferMatchWithOutCT' AND ACTIVITYINDEX = 1;
INSERT INTO BUSINESSFUNCTIONWORKFLOW(BUSINESSFUNCTIONWORKFLOW_PK, FUNCTIONCODE, TASKCODE, ACTIVITYINDEX, TASKCONFIG, STATUS, EFFECTIVEFROMDATE, EFFECTIVETILLDATE) VALUES(SYS_GUID(), 'CreditTransferMatchWithOutCT', 'CreditTransferMatchWithOutCT', 1, NULL, 'ACTIVE', To_Date('2017-10-12','YYYY-MM-DD'), NULL);

DELETE FROM INCIDENCEMASTER WHERE INCIDENCECODE = 'PMNTRJCTBYUSER' AND WORKFLOWCODE = 'PAYMENT' ;
INSERT INTO INCIDENCEMASTER (INCIDENCECODE, WORKFLOWCODE, ALLOWEDPROCESSSTATUS, ALLOWEDPARAMETER, ALLOWSTP) VALUES('PMNTRJCTBYUSER', 'PAYMENT', 'REJECTED', NULL, 0);

DELETE FROM INCIDENCEDEFINITION WHERE INCIDENCECODE = 'PMNTRJCTBYUSER' AND PARTYSERVICEASSOCIATIONCODE IS NULL AND PROCESSNAME IS NULL ;
INSERT INTO INCIDENCEDEFINITION (INCIDENCECODE, DESCRIPTION, INCIDENCERESOLUTION, SEVERITY, INCIDENCEORIGIN, CANCLIENTSETPREFERENCE, OPSSEVERITYPREFERENCE, CLIENTSEVERITYPREFERENCE, REPAIRANDMANUALINPUT, PROCESSSTATUS, INCIDENCETYPE, WORKFLOWCODE, INCIDENCEDEFINITION_PK, PROCESSNAME, PARTYSERVICEASSOCIATIONCODE, STATUS, EFFECTIVEFROMDATE, EFFECTIVETILLDATE) VALUES('PMNTRJCTBYUSER', 'Payment Status moved to REJECTED by manual action', 'Payment status change', 'High', 'User', NULL, NULL, NULL, NULL, 'REJECTED', 'ISSUE', 'PAYMENT', SYS_GUID(), NULL, NULL, 'ACTIVE', TO_DATE('2017-01-01','YYYY-MM-DD'),NULL);

DELETE FROM RULEVARIABLE WHERE NAME='IsFraud' AND SUPPORTEDCONTEXT='LHS' AND SUPPORTEDPANE='ACTION';
INSERT INTO RULEVARIABLE(RULEVARIABLE_PK, WORKFLOW, NAME, IMPLTYPE, DATATYPE, CODE, CODEIMPL, VALUEURL, SUPPORTEDPANE, SUPPORTEDCONTEXT, SUPPORTEDDATATYPE)
VALUES(SYS_GUID(), 'PAYMENT', 'IsFraud', 'XPATH', 'Boolean', 'br.IsFraud', 'br.setBoolean("IsFraud",$RHS) ', NULL, 'ACTION', 'LHS', 'Boolean');

DELETE FROM TASKSMASTER WHERE TASKCODE='FraudCheckTask' AND TASKNAME='FraudCheck' AND WORKFLOWCODE='PAYMENT';
INSERT INTO TASKSMASTER (TASKSMASTER_PK, TASKCODE, TASKNAME, TECHNICALFLOWNAME, TASKDESCRIPTION, WORKFLOWCODE) VALUES(SYS_GUID(), 'FraudCheckTask', 'FraudCheck', 'FraudCheck', NULL, 'PAYMENT'); 

DELETE FROM BUSINESSFUNCTIONMASTER WHERE FUNCTIONCODE='FraudCheck' AND WORKFLOWCODE='PAYMENT';
INSERT INTO BUSINESSFUNCTIONMASTER (BUSINESSFUNCTIONMASTER_PK, FUNCTIONCODE, FUNCTIONDESCRIPTION, WORKFLOWCODE) VALUES(SYS_GUID(), 'FraudCheck', NULL, 'PAYMENT');



DELETE FROM BUSINESSFUNCTIONWORKFLOW WHERE FUNCTIONCODE='FraudCheck' AND TASKCODE='FraudCheckTask';
INSERT INTO BUSINESSFUNCTIONWORKFLOW(BUSINESSFUNCTIONWORKFLOW_PK, FUNCTIONCODE, TASKCODE, ACTIVITYINDEX, TASKCONFIG, STATUS, EFFECTIVEFROMDATE, EFFECTIVETILLDATE)VALUES(SYS_GUID(), 'FraudCheck', 'FraudCheckTask', 35, NULL, 'ACTIVE', TO_DATE('2018-01-01','YYYY-MM-DD'), NULL);


DELETE FROM TASKSMASTER WHERE TASKCODE='PrepareAccountingEntries_ForFraud_TASK' AND TASKNAME='PrepareAccountingEntries_ForFraud' AND WORKFLOWCODE='PAYMENT';
INSERT INTO TASKSMASTER (TASKSMASTER_PK, TASKCODE, TASKNAME, TECHNICALFLOWNAME, TASKDESCRIPTION, WORKFLOWCODE) VALUES(SYS_GUID(), 'PrepareAccountingEntries_ForFraud_TASK', 'PrepareAccountingEntries_ForFraud', 'PrepareAccountingEntries_ForFraud', NULL, 'PAYMENT'); 

DELETE FROM BUSINESSFUNCTIONMASTER WHERE FUNCTIONCODE='PrepareAccountingEntries_ForFraud' AND WORKFLOWCODE='PAYMENT';
INSERT INTO BUSINESSFUNCTIONMASTER (BUSINESSFUNCTIONMASTER_PK, FUNCTIONCODE, FUNCTIONDESCRIPTION, WORKFLOWCODE) VALUES(SYS_GUID(), 'PrepareAccountingEntries_ForFraud', NULL, 'PAYMENT');



DELETE FROM BUSINESSFUNCTIONWORKFLOW WHERE FUNCTIONCODE='PrepareAccountingEntries_ForFraud_TASK' AND TASKCODE='PrepareAccountingEntries_ForFraud_TASK';
INSERT INTO BUSINESSFUNCTIONWORKFLOW(BUSINESSFUNCTIONWORKFLOW_PK, FUNCTIONCODE, TASKCODE, ACTIVITYINDEX, TASKCONFIG, STATUS, EFFECTIVEFROMDATE, EFFECTIVETILLDATE)VALUES(SYS_GUID(), 'PrepareAccountingEntries_ForFraud_TASK', 'PrepareAccountingEntries_ForFraud_TASK', 35, NULL, 'ACTIVE', TO_DATE('2017-04-25','YYYY-MM-DD'), NULL);

DELETE FROM TASKSMASTER WHERE TASKCODE='SpecialLiquidityControlTask' AND TASKNAME='SpecialLiquidityControl' AND WORKFLOWCODE='PAYMENT';
INSERT INTO TASKSMASTER (TASKSMASTER_PK, TASKCODE, TASKNAME, TECHNICALFLOWNAME, TASKDESCRIPTION, WORKFLOWCODE) VALUES(SYS_GUID(), 'SpecialLiquidityControlTask', 'SpecialLiquidityControl', 'SpecialLiquidityControl', NULL, 'PAYMENT'); 

DELETE FROM BUSINESSFUNCTIONMASTER WHERE FUNCTIONCODE='SpecialLiquidityControl' AND WORKFLOWCODE='PAYMENT';
INSERT INTO BUSINESSFUNCTIONMASTER (BUSINESSFUNCTIONMASTER_PK, FUNCTIONCODE, FUNCTIONDESCRIPTION, WORKFLOWCODE) VALUES(SYS_GUID(), 'SpecialLiquidityControl', NULL, 'PAYMENT');

DELETE FROM BUSINESSFUNCTIONWORKFLOW WHERE FUNCTIONCODE='SpecialLiquidityControl' AND TASKCODE='SpecialLiquidityControlTask';
INSERT INTO BUSINESSFUNCTIONWORKFLOW(BUSINESSFUNCTIONWORKFLOW_PK, FUNCTIONCODE, TASKCODE, ACTIVITYINDEX, TASKCONFIG, STATUS, EFFECTIVEFROMDATE, EFFECTIVETILLDATE)VALUES(SYS_GUID(), 'SpecialLiquidityControl', 'SpecialLiquidityControlTask', 35, NULL, 'ACTIVE', TO_DATE('2018-01-01','YYYY-MM-DD'), NULL);


DELETE FROM TASKSMASTER WHERE TASKCODE='HandleACWPPayment' AND TASKNAME='HandleACWPPayment' AND WORKFLOWCODE='ATTCHMSG_TXN';
INSERT INTO TASKSMASTER (TASKSMASTER_PK, TASKCODE, TASKNAME, TECHNICALFLOWNAME, TASKDESCRIPTION, WORKFLOWCODE) VALUES(SYS_GUID(), 'HandleACWPPayment', 'HandleACWPPayment', 'HandleACWPPayment', NULL, 'ATTCHMSG_TXN'); 

DELETE FROM BUSINESSFUNCTIONMASTER WHERE FUNCTIONCODE='HandleACWPPayment' AND WORKFLOWCODE='ATTCHMSG_TXN';
INSERT INTO BUSINESSFUNCTIONMASTER (BUSINESSFUNCTIONMASTER_PK, FUNCTIONCODE, FUNCTIONDESCRIPTION, WORKFLOWCODE) VALUES(SYS_GUID(), 'HandleACWPPayment', NULL, 'ATTCHMSG_TXN');



DELETE FROM BUSINESSFUNCTIONWORKFLOW WHERE FUNCTIONCODE='HandleACWPPayment' AND TASKCODE='HandleACWPPayment';
INSERT INTO BUSINESSFUNCTIONWORKFLOW(BUSINESSFUNCTIONWORKFLOW_PK, FUNCTIONCODE, TASKCODE, ACTIVITYINDEX, TASKCONFIG, STATUS, EFFECTIVEFROMDATE, EFFECTIVETILLDATE)VALUES(SYS_GUID(), 'HandleACWPPayment', 'HandleACWPPayment', 35, NULL, 'ACTIVE', 
TO_DATE('2017-04-25','YYYY-MM-DD'), NULL);

DELETE FROM INCIDENCEMASTER WHERE INCIDENCECODE = 'CONFH014';
INSERT INTO INCIDENCEMASTER (INCIDENCECODE, WORKFLOWCODE, ALLOWEDPROCESSSTATUS, ALLOWEDPARAMETER, ALLOWSTP) VALUES('CONFH014', 'PAYMENT', 'ACCEPTED_WITHOUT_POSTING', NULL, 1);

DELETE FROM INCIDENCEDEFINITION WHERE INCIDENCECODE = 'CONFH014';
INSERT INTO INCIDENCEDEFINITION (INCIDENCECODE, DESCRIPTION, INCIDENCERESOLUTION, SEVERITY, INCIDENCEORIGIN, CANCLIENTSETPREFERENCE, OPSSEVERITYPREFERENCE, CLIENTSEVERITYPREFERENCE, REPAIRANDMANUALINPUT, PROCESSSTATUS, INCIDENCETYPE, WORKFLOWCODE, INCIDENCEDEFINITION_PK, PROCESSNAME, PARTYSERVICEASSOCIATIONCODE, STATUS, EFFECTIVEFROMDATE, EFFECTIVETILLDATE) VALUES('CONFH014', 'Payment Status has been moved to ACCEPTED_WITHOUT_POSTING', 'Error', 'High', 'User', NULL, NULL, NULL, NULL, 'ACCEPTED_WITHOUT_POSTING', 'ISSUE', 'PAYMENT', SYS_GUID(), NULL, NULL, 'ACTIVE', TO_DATE('2017-04-25','YYYY-MM-DD'), NULL);

DELETE FROM INCIDENCEMASTER WHERE INCIDENCECODE = 'LQC003';
INSERT INTO INCIDENCEMASTER (INCIDENCECODE, WORKFLOWCODE, ALLOWEDPROCESSSTATUS, ALLOWEDPARAMETER, ALLOWSTP) VALUES('LQC003', 'PAYMENT', 'FRAUD_HOLD', NULL, 1);

DELETE FROM INCIDENCEDEFINITION WHERE INCIDENCECODE = 'LQC003';
INSERT INTO INCIDENCEDEFINITION (INCIDENCECODE, DESCRIPTION, INCIDENCERESOLUTION, SEVERITY, INCIDENCEORIGIN, CANCLIENTSETPREFERENCE, OPSSEVERITYPREFERENCE, CLIENTSEVERITYPREFERENCE, REPAIRANDMANUALINPUT, PROCESSSTATUS, INCIDENCETYPE, WORKFLOWCODE, INCIDENCEDEFINITION_PK, PROCESSNAME, PARTYSERVICEASSOCIATIONCODE, STATUS, EFFECTIVEFROMDATE, EFFECTIVETILLDATE) VALUES('LQC003', 'Payment is moved to FRAUD_HOLD state', 'Error', 'High', 'User', NULL, NULL, NULL, NULL, 'FRAUD_HOLD', 'ISSUE', 'PAYMENT', SYS_GUID(), NULL, NULL, 'ACTIVE', TO_DATE('2017-04-25','YYYY-MM-DD'), NULL);

DELETE FROM INCIDENCEMASTER WHERE INCIDENCECODE='FRDCHCK001';
INSERT INTO INCIDENCEMASTER (INCIDENCECODE, WORKFLOWCODE, ALLOWEDPROCESSSTATUS, ALLOWEDPARAMETER, ALLOWSTP)VALUES('FRDCHCK001', 'PAYMENT', 'WAITING_FOR_CONFIRMATIONINSTR', NULL, 0);

DELETE FROM INCIDENCEDEFINITION WHERE INCIDENCECODE='FRDCHCK001';
INSERT INTO INCIDENCEDEFINITION (INCIDENCECODE, DESCRIPTION, INCIDENCERESOLUTION, SEVERITY, INCIDENCEORIGIN, CANCLIENTSETPREFERENCE, OPSSEVERITYPREFERENCE, CLIENTSEVERITYPREFERENCE, REPAIRANDMANUALINPUT, PROCESSSTATUS, INCIDENCETYPE, WORKFLOWCODE, INCIDENCEDEFINITION_PK, PROCESSNAME, PARTYSERVICEASSOCIATIONCODE, STATUS, EFFECTIVEFROMDATE, EFFECTIVETILLDATE)VALUES('FRDCHCK001', 'Payment status moved to WAITING_FOR_CONFIRMATIONINSTR', 'Error', 'High', 'User', NULL, NULL, NULL, NULL, 'WAITING_FOR_CONFIRMATIONINSTR', 'ISSUE', 'PAYMENT',SYS_GUID(), NULL, NULL, 'ACTIVE', TO_DATE('2017-04-25','YYYY-MM-DD'), NULL);

DELETE FROM INCIDENCEMASTER WHERE INCIDENCECODE = 'PRACFOFR001';
INSERT INTO INCIDENCEMASTER (INCIDENCECODE, WORKFLOWCODE, ALLOWEDPROCESSSTATUS, ALLOWEDPARAMETER, ALLOWSTP) VALUES('PRACFOFR001', 'PAYMENT', 'REJECTED', NULL, 1);

DELETE FROM INCIDENCEDEFINITION WHERE INCIDENCECODE = 'PRACFOFR001';
INSERT INTO INCIDENCEDEFINITION (INCIDENCECODE, DESCRIPTION, INCIDENCERESOLUTION, SEVERITY, INCIDENCEORIGIN, CANCLIENTSETPREFERENCE, OPSSEVERITYPREFERENCE, CLIENTSEVERITYPREFERENCE, REPAIRANDMANUALINPUT, PROCESSSTATUS, INCIDENCETYPE, WORKFLOWCODE, INCIDENCEDEFINITION_PK, PROCESSNAME, PARTYSERVICEASSOCIATIONCODE, STATUS, EFFECTIVEFROMDATE, EFFECTIVETILLDATE) VALUES('PRACFOFR001', 'Payment has been rejected because fraud suspense account is not present or invalid ', 'Error', 'High', 'User', NULL, NULL, NULL, NULL, 'REJECTED', 'ISSUE', 'PAYMENT', SYS_GUID(), NULL, NULL, 'ACTIVE', TO_DATE('2017-04-25','YYYY-MM-DD'), NULL);

DELETE FROM ACTIONDEFINITION WHERE ACTIONNAME = 'ProcessFraud' AND WORKFLOWCODE = 'PAYMENT';
INSERT INTO ACTIONDEFINITION(ACTIONNAME, DESCRIPTION, ACTIONDEFINITION_PK, WORKFLOWCODE, ALIASNAME, CLIENTALIASNAME, DUALCONTROLREQUIRED, MANDATENOTE, GROUPACTIONALLOWED, RESTURL, RESTMETHOD, SUCCESSURL, FAILUREURL, FLOWNAME, STATUS, EFFECTIVEFROMDATE, EFFECTIVETILLDATE, FUNCTIONNAME, ADDITIONALCONFIG)VALUES('ProcessFraud', 'Resuming the fraud payment', SYS_GUID(), 'PAYMENT', 'Process', NULL, NULL, NULL, NULL, '/v2/processfraud', 'POST', NULL, NULL, NULL, 'ACTIVE', TO_DATE('2018-01-01','YYYY-MM-DD'), NULL, 'DisplayPopUpWithWebFormInput', NULL);

DELETE FROM STATUSACTION WHERE WORKFLOWCODE = 'PAYMENT' AND PROCESSSTATUS = 'FRAUD_HOLD' AND ACTION='ProcessFraud'  AND PROCESSNAME IS NULL;
INSERT INTO STATUSACTION("ACTION", STATUSACTION_PK, WORKFLOWCODE, PROCESSSTATUS, STATUS, EFFECTIVEFROMDATE, EFFECTIVETILLDATE, PROCESSNAME)VALUES('ProcessFraud',SYS_GUID(), 'PAYMENT', 'FRAUD_HOLD', 'ACTIVE', TO_DATE('2018-01-01','YYYY-MM-DD'), NULL, NULL);


--Resource Extension Scripts
DELETE FROM RESOURCEEXTENSION WHERE PERMISSION='ProcessFraud';
INSERT INTO RESOURCEEXTENSION(RESOURCEEXTENSION_PK, RESOURCEID, PERMISSION)VALUES(SYS_GUID(), '003', 'ProcessFraud');

DELETE FROM RESOURCEEXTENSION WHERE PERMISSION='RejectFraud';
INSERT INTO RESOURCEEXTENSION(RESOURCEEXTENSION_PK, RESOURCEID, PERMISSION)VALUES(SYS_GUID(), '003', 'RejectFraud');

DELETE FROM RESOURCEEXTENSION WHERE PERMISSION='ReturnFraud';
INSERT INTO RESOURCEEXTENSION(RESOURCEEXTENSION_PK, RESOURCEID, PERMISSION)VALUES(SYS_GUID(), '003', 'ReturnFraud');

DELETE FROM RESOURCEEXTENSION WHERE PERMISSION='ForcePaymentStatus';
INSERT INTO RESOURCEEXTENSION(RESOURCEEXTENSION_PK, RESOURCEID, PERMISSION)VALUES(SYS_GUID(), '003', 'ForcePaymentStatus');


DELETE FROM ROLERESOURCEPERMISSION WHERE ROLEID='Super Admin' AND PERMISSION='ProcessFraud';
INSERT INTO ROLERESOURCEPERMISSION(ROLEID, RESOURCEID, PERMISSION)VALUES('Super Admin', '003', 'ProcessFraud');

DELETE FROM ROLERESOURCEPERMISSION WHERE ROLEID='Super Admin' AND PERMISSION='RejectFraud';
INSERT INTO ROLERESOURCEPERMISSION(ROLEID, RESOURCEID, PERMISSION)VALUES('Super Admin', '003', 'RejectFraud');

DELETE FROM ROLERESOURCEPERMISSION WHERE ROLEID='Super Admin' AND PERMISSION='ReturnFraud';
INSERT INTO ROLERESOURCEPERMISSION(ROLEID, RESOURCEID, PERMISSION)VALUES('Super Admin', '003', 'ReturnFraud');

DELETE FROM ROLERESOURCEPERMISSION WHERE ROLEID='Super Admin' AND PERMISSION='ForcePaymentStatus';
INSERT INTO ROLERESOURCEPERMISSION(ROLEID, RESOURCEID, PERMISSION)VALUES('Super Admin', '003', 'ForcePaymentStatus');

DELETE FROM RESTRESOURCES WHERE "PATH" = '/v2/processfraud' AND "METHOD" = 'POST' ;
INSERT INTO RESTRESOURCES(RESTRESOURCES_PK, "METHOD", APPLICATION, "PATH", RESOURCEID, OPERATION, DESCRIPTION)VALUES(SYS_GUID(), 'POST', 'VolPayHub', '/v2/processfraud', '003', 'ProcessFraud', 'API For Process FraudWebform');

DELETE FROM RESTRESOURCES WHERE "PATH" = '/v2/processfraud/response' AND "METHOD" = 'POST' ;
INSERT INTO RESTRESOURCES(RESTRESOURCES_PK, "METHOD", APPLICATION, "PATH", RESOURCEID, OPERATION, DESCRIPTION)VALUES(SYS_GUID(), 'POST', 'VolPayHub', '/v2/processfraud/response', '003', 'ProcessFraud', 'API For Processing payments in Fraud_Hold');

DELETE FROM RESTRESOURCES WHERE "PATH" = '/v2/forcepaymentstatus' AND "METHOD" = 'POST' ;
INSERT INTO RESTRESOURCES(RESTRESOURCES_PK, "METHOD", APPLICATION, "PATH", RESOURCEID, OPERATION, DESCRIPTION)VALUES(SYS_GUID(), 'POST', 'VolPayHub', '/v2/forcepaymentstatus', '003', 'ForcePaymentStatus', 'API For Force payment Status Webform');

DELETE FROM RESTRESOURCES WHERE "PATH" = '/v2/forcepaymentstatus/response' AND "METHOD" = 'POST' ;
INSERT INTO RESTRESOURCES(RESTRESOURCES_PK, "METHOD", APPLICATION, "PATH", RESOURCEID, OPERATION, DESCRIPTION)VALUES(SYS_GUID(), 'POST', 'VolPayHub', '/v2/forcepaymentstatus/response', '003', 'ForcePaymentStatus', 'API For Forcibly changing Payment Status');

DELETE FROM RESTRESOURCES WHERE "PATH" = '/v2/fraudreject' AND "METHOD" = 'POST' ;
INSERT INTO RESTRESOURCES(RESTRESOURCES_PK, "METHOD", APPLICATION, "PATH", RESOURCEID, OPERATION, DESCRIPTION)VALUES(SYS_GUID(), 'POST', 'VolPayHub', '/v2/fraudreject', '003', 'RejectFraud', 'API For Displaying webform for rejecting Fraud payments ');

DELETE FROM RESTRESOURCES WHERE "PATH" = '/v2/fraudreject/response' AND "METHOD" = 'POST' ;
INSERT INTO RESTRESOURCES(RESTRESOURCES_PK, "METHOD", APPLICATION, "PATH", RESOURCEID, OPERATION, DESCRIPTION)VALUES(SYS_GUID(), 'POST', 'VolPayHub', '/v2/fraudreject/response', '003', 'RejectFraud', 'API For Rejecting Fraud payments');

DELETE FROM RESTRESOURCES WHERE "PATH" = '/v2/returnpayment' AND "METHOD" = 'POST' ;
INSERT INTO RESTRESOURCES(RESTRESOURCES_PK, "METHOD", APPLICATION, "PATH", RESOURCEID, OPERATION, DESCRIPTION)VALUES(SYS_GUID(), 'POST', 'VolPayHub', '/v2/returnpayment', '003', 'ReturnFraud', 'API For Process FraudWebform');

DELETE FROM RESTRESOURCES WHERE "PATH" = '/v2/returnpayment/response' AND "METHOD" = 'POST' ;
INSERT INTO RESTRESOURCES(RESTRESOURCES_PK, "METHOD", APPLICATION, "PATH", RESOURCEID, OPERATION, DESCRIPTION)VALUES(SYS_GUID(), 'POST', 'VolPayHub', '/v2/returnpayment/response', '003', 'ReturnFraud', 'API For Processing payments in Fraud_Hold');

DELETE FROM ACTIONDEFINITION WHERE ACTIONNAME = 'ForcePaymentStatus' AND WORKFLOWCODE = 'PAYMENT';
INSERT INTO ACTIONDEFINITION(ACTIONNAME, DESCRIPTION, ACTIONDEFINITION_PK, WORKFLOWCODE, ALIASNAME, CLIENTALIASNAME, DUALCONTROLREQUIRED, MANDATENOTE, GROUPACTIONALLOWED, RESTURL, RESTMETHOD, SUCCESSURL, FAILUREURL, FLOWNAME, STATUS, EFFECTIVEFROMDATE, EFFECTIVETILLDATE, FUNCTIONNAME, ADDITIONALCONFIG)VALUES('ForcePaymentStatus', 'Changing the process Status', SYS_GUID(), 'PAYMENT', 'ForcePaymentStatus', NULL, NULL, NULL, NULL, '/v2/forcepaymentstatus', 'POST', NULL, NULL, NULL, 'ACTIVE', TO_DATE('2018-01-01','YYYY-MM-DD'), NULL, 'DisplayPopUpWithWebFormInput', NULL);

DELETE FROM STATUSACTION WHERE WORKFLOWCODE = 'PAYMENT' AND PROCESSSTATUS = 'FRAUD_HOLD' AND ACTION='ForcePaymentStatus' AND PROCESSNAME IS NULL;
INSERT INTO STATUSACTION("ACTION", STATUSACTION_PK, WORKFLOWCODE, PROCESSSTATUS, STATUS, EFFECTIVEFROMDATE, EFFECTIVETILLDATE, PROCESSNAME)VALUES('ForcePaymentStatus',SYS_GUID(), 'PAYMENT', 'FRAUD_HOLD', 'ACTIVE', TO_DATE('2018-01-01','YYYY-MM-DD'), NULL, NULL);

DELETE FROM ACTIONDEFINITION WHERE ACTIONNAME = 'RejectFraud' AND WORKFLOWCODE = 'PAYMENT';
INSERT INTO ACTIONDEFINITION(ACTIONNAME, DESCRIPTION, ACTIONDEFINITION_PK, WORKFLOWCODE, ALIASNAME, CLIENTALIASNAME, DUALCONTROLREQUIRED, MANDATENOTE, GROUPACTIONALLOWED, RESTURL, RESTMETHOD, SUCCESSURL,FAILUREURL, FLOWNAME, STATUS, EFFECTIVEFROMDATE, EFFECTIVETILLDATE, FUNCTIONNAME, ADDITIONALCONFIG)VALUES('RejectFraud', 'Rejecting the payment in fraud_hold state', SYS_GUID(), 'PAYMENT', 'Reject', NULL, NULL, NULL, NULL, '/v2/fraudreject', 'POST', NULL, NULL, NULL, 'ACTIVE', TO_DATE('2018-01-01','YYYY-MM-DD'), NULL, 'DisplayPopUpWithWebFormInput', NULL);

DELETE FROM STATUSACTION WHERE WORKFLOWCODE = 'PAYMENT' AND PROCESSSTATUS = 'FRAUD_HOLD' AND ACTION='RejectFraud' AND PROCESSNAME IS NULL;
INSERT INTO STATUSACTION("ACTION", STATUSACTION_PK, WORKFLOWCODE, PROCESSSTATUS, STATUS, EFFECTIVEFROMDATE, EFFECTIVETILLDATE, PROCESSNAME)VALUES('RejectFraud',SYS_GUID(), 'PAYMENT', 'FRAUD_HOLD', 'ACTIVE', TO_DATE('2018-01-01','YYYY-MM-DD'), NULL, NULL);

DELETE FROM ACTIONDEFINITION WHERE ACTIONNAME = 'ReturnFraud' AND WORKFLOWCODE = 'PAYMENT';
INSERT INTO ACTIONDEFINITION(ACTIONNAME, DESCRIPTION, ACTIONDEFINITION_PK, WORKFLOWCODE, ALIASNAME, CLIENTALIASNAME, DUALCONTROLREQUIRED, MANDATENOTE, GROUPACTIONALLOWED, RESTURL, RESTMETHOD, SUCCESSURL,FAILUREURL, FLOWNAME, STATUS, EFFECTIVEFROMDATE, EFFECTIVETILLDATE, FUNCTIONNAME, ADDITIONALCONFIG)VALUES('ReturnFraud', 'Create a return payment', SYS_GUID(), 'PAYMENT', 'Return', NULL, NULL, NULL, NULL, '/v2/returnpayment', 'POST', NULL, NULL, NULL, 'ACTIVE',  TO_DATE('2018-01-01','YYYY-MM-DD'), NULL, 'DisplayPopUpWithWebFormInput', NULL);

DELETE FROM STATUSACTION WHERE WORKFLOWCODE = 'PAYMENT' AND PROCESSSTATUS = 'FRAUD_HOLD' AND ACTION='ReturnFraud' AND PROCESSNAME IS NULL;
INSERT INTO STATUSACTION("ACTION", STATUSACTION_PK, WORKFLOWCODE, PROCESSSTATUS, STATUS, EFFECTIVEFROMDATE, EFFECTIVETILLDATE, PROCESSNAME)VALUES('ReturnFraud',SYS_GUID(), 'PAYMENT', 'FRAUD_HOLD', 'ACTIVE', TO_DATE('2018-01-01','YYYY-MM-DD'), NULL, NULL);

DELETE FROM RESTRESOURCES WHERE PATH='/v2/payments/fraud/approve3/{state}' AND "METHOD"='POST'; 
INSERT INTO RESTRESOURCES(RESTRESOURCES_PK, "METHOD", APPLICATION, "PATH", RESOURCEID, OPERATION, DESCRIPTION) VALUES(SYS_GUID(), 'POST', 'VolPayHub', '/v2/payments/fraud/approve3/{state}', '003', 'A3', 'API for Approving Instructions in Process Level');
DELETE FROM RESTRESOURCES WHERE PATH='/v2/payments/fraud/approve4/{state}' AND "METHOD"='POST'; 
INSERT INTO RESTRESOURCES (RESTRESOURCES_PK, "METHOD", APPLICATION, "PATH", RESOURCEID, OPERATION, DESCRIPTION) VALUES(SYS_GUID(), 'POST', 'VolPayHub', '/v2/payments/fraud/approve4/{state}', '003', 'A4', 'API for Approving Instructions in Process Level');
DELETE FROM RESTRESOURCES WHERE PATH='/v2/payments/fraud/approve5/{state}' AND "METHOD"='POST'; 
INSERT INTO RESTRESOURCES (RESTRESOURCES_PK, "METHOD", APPLICATION, "PATH", RESOURCEID, OPERATION, DESCRIPTION) VALUES(SYS_GUID(), 'POST', 'VolPayHub', '/v2/payments/fraud/approve5/{state}', '003', 'A5', 'API for Approving Instructions in Process Level');
DELETE FROM RESTRESOURCES WHERE PATH='/v2/payments/fraud/rejectapproval/{state}' AND "METHOD"='POST'; 
INSERT INTO RESTRESOURCES(RESTRESOURCES_PK, "METHOD", APPLICATION, "PATH", RESOURCEID, OPERATION, DESCRIPTION) VALUES(SYS_GUID(), 'POST', 'VolPayHub', '/v2/payments/fraud/rejectapproval/{state}', '003', 'PmntProcessReject', 'API for Reject Instructions in Process Level');
DELETE FROM RESTRESOURCES WHERE PATH='/v2/payments/fraud/approve1/{state}' AND "METHOD"='POST'; 
INSERT INTO RESTRESOURCES(RESTRESOURCES_PK, "METHOD", APPLICATION, "PATH", RESOURCEID, OPERATION, DESCRIPTION) VALUES(SYS_GUID(), 'POST', 'VolPayHub', '/v2/payments/fraud/approve2/{state}', '003', 'A2', 'API for Approving Instructions in Process Level');
DELETE FROM RESTRESOURCES WHERE PATH='/v2/payments/fraud/approve2/{state}' AND "METHOD"='POST'; 
INSERT INTO RESTRESOURCES(RESTRESOURCES_PK, "METHOD", APPLICATION, "PATH", RESOURCEID, OPERATION, DESCRIPTION) VALUES(SYS_GUID(), 'POST', 'VolPayHub', '/v2/payments/fraud/approve1/{state}', '003', 'A1', 'API for Approving Instructions in Process Level');

DELETE FROM RESOURCEAPPROVALPERMISSION WHERE RESOURCEID='003' AND OPERATION='ForcePaymentStatus';
INSERT INTO RESOURCEAPPROVALPERMISSION(RESOURCEAPPROVALPERMISSION_PK, RESOURCEID, OPERATION, APPROVALCOUNT, CONDITIONID, STATUS, EFFECTIVEFROMDATE, EFFECTIVETILLDATE, ROLEID)VALUES(SYS_GUID(), '003', 'ForcePaymentStatus', 1, NULL, 'ACTIVE',  TO_DATE('2018-01-01','YYYY-MM-DD'), NULL, 'ALL');
DELETE FROM RESOURCEAPPROVALPERMISSION WHERE RESOURCEID='003' AND OPERATION='ProcessFraud';
INSERT INTO RESOURCEAPPROVALPERMISSION(RESOURCEAPPROVALPERMISSION_PK, RESOURCEID, OPERATION, APPROVALCOUNT, CONDITIONID, STATUS, EFFECTIVEFROMDATE, EFFECTIVETILLDATE, ROLEID)
VALUES(SYS_GUID(), '003', 'ProcessFraud', 1, NULL, 'ACTIVE',  TO_DATE('2018-01-01','YYYY-MM-DD'), NULL, 'ALL');
DELETE FROM RESOURCEAPPROVALPERMISSION WHERE RESOURCEID='003' AND OPERATION='RejectFraud';
INSERT INTO RESOURCEAPPROVALPERMISSION(RESOURCEAPPROVALPERMISSION_PK, RESOURCEID, OPERATION, APPROVALCOUNT, CONDITIONID, STATUS, EFFECTIVEFROMDATE, EFFECTIVETILLDATE, ROLEID)
VALUES(SYS_GUID(), '003', 'RejectFraud', 1, NULL, 'ACTIVE',  TO_DATE('2018-01-01','YYYY-MM-DD'), NULL, 'ALL');
DELETE FROM RESOURCEAPPROVALPERMISSION WHERE RESOURCEID='003' AND OPERATION='ReturnFraud';
INSERT INTO RESOURCEAPPROVALPERMISSION(RESOURCEAPPROVALPERMISSION_PK, RESOURCEID, OPERATION, APPROVALCOUNT, CONDITIONID, STATUS, EFFECTIVEFROMDATE, EFFECTIVETILLDATE, ROLEID)
VALUES(SYS_GUID(), '003', 'ReturnFraud', 1, NULL, 'ACTIVE',  TO_DATE('2018-01-01','YYYY-MM-DD'), NULL, 'ALL');


DELETE FROM APPROVALEXTENSION WHERE ENTITYNAME='ForcePaymentStatus' AND APPROVALSTATE='FORCEPAYMENTSTATUS';
INSERT INTO APPROVALEXTENSION(APPROVALEXTENSION_PK, ENTITYNAME, INTERNALMESSAGE, APPROVALSTATE, APPROVALFLOW, REJECTFLOW)VALUES(SYS_GUID(), 'ForcePaymentStatus', 'ForcePaymentStatus', 'FORCEPAYMENTSTATUS', 'CallActionHandlerStubAfterApproval', 'CallActionHandlerStubAfterApproval');
DELETE FROM APPROVALEXTENSION WHERE ENTITYNAME='ReturnPayment' AND APPROVALSTATE='RETURNPAYMENT';
INSERT INTO APPROVALEXTENSION(APPROVALEXTENSION_PK, ENTITYNAME, INTERNALMESSAGE, APPROVALSTATE, APPROVALFLOW, REJECTFLOW)VALUES(SYS_GUID(), 'ReturnPayment', 'ReturnPayment', 'RETURNPAYMENT', 'CallActionHandlerStubAfterApproval', 'CallActionHandlerStubAfterApproval');
DELETE FROM APPROVALEXTENSION WHERE ENTITYNAME='FraudReject' AND APPROVALSTATE='REJECTPAYMENT';
INSERT INTO APPROVALEXTENSION(APPROVALEXTENSION_PK, ENTITYNAME, INTERNALMESSAGE, APPROVALSTATE, APPROVALFLOW, REJECTFLOW)VALUES(SYS_GUID(), 'FraudReject', 'FraudReject', 'REJECTPAYMENT', 'CallActionHandlerStubAfterApproval', 'CallActionHandlerStubAfterApproval');
DELETE FROM APPROVALEXTENSION WHERE ENTITYNAME='ProcessFraud' AND APPROVALSTATE='PROCESSFRAUD';
INSERT INTO APPROVALEXTENSION(APPROVALEXTENSION_PK, ENTITYNAME, INTERNALMESSAGE, APPROVALSTATE, APPROVALFLOW, REJECTFLOW)VALUES(SYS_GUID(), 'ProcessFraud', 'ProcessFraud', 'PROCESSFRAUD', 'ProcessPaymentFromFraudHoldAfterApproval', 'ProcessPaymentFromFraudHoldAfterApproval');

DELETE FROM STATUSDEFINITION WHERE PROCESSSTATUS='FRAUD_HOLD';
INSERT INTO STATUSDEFINITION(ALIASNAME, CLIENTALIASNAME, DESCRIPTION, USERCONTROL, PROCESSSTATUS, WORKFLOWCODE, STATUS, EFFECTIVEFROMDATE,EFFECTIVETILLDATE, COLOURA, COLOURB, OPACITY) VALUES('FRAUD_HOLD', NULL, 'FRAUD_HOLD', NULL, 'FRAUD_HOLD', 'PAYMENT', 'ACTIVE', TO_DATE('2018-01-01','YYYY-MM-DD'), NULL, '#8a6d3b', NULL, 100);

DELETE FROM STATUSDEFINITION WHERE PROCESSSTATUS='ACCEPTED_WITHOUT_POSTING';
INSERT INTO STATUSDEFINITION(ALIASNAME, CLIENTALIASNAME, DESCRIPTION, USERCONTROL, PROCESSSTATUS, WORKFLOWCODE, STATUS, EFFECTIVEFROMDATE,EFFECTIVETILLDATE, COLOURA, COLOURB, OPACITY)VALUES('ACCEPTED_WITHOUT_POSTING', NULL, 'ACCEPTED_WITHOUT_POSTING', NULL,'ACCEPTED_WITHOUT_POSTING', 'PAYMENT', 'ACTIVE',  TO_DATE('2018-01-01','YYYY-MM-DD'), NULL, '#8a6d3b', NULL, 100);

UPDATE BUSINESSFUNCTIONWORKFLOW SET TASKCONFIG = '<TaskConfig><Configs><Name>TXNHANDLINGSTATUS</Name><Value>AMND</Value></Configs><Configs><Name>PCDUPDATESTATUS</Name><Value>ACCP,DELV,PROC,CMPL,RJCT,RETN,PEND,PACP,PCMP,ACWP</Value></Configs></TaskConfig>' WHERE FUNCTIONCODE = 'ValidateAndDebulkResponses';

DELETE FROM MIGRATIONSTEPS WHERE VERSION = '2.7.1' AND TYPE = 'FLOW' AND EXECUTABLE = 'ResetPDCConfigMigrationFlow';
INSERT INTO MIGRATIONSTEPS (INSTALLATIONORDER,VERSION,STEPID,"TYPE",EXECUTABLE) VALUES (1,'2.7.1',SYS_GUID(),'FLOW','ResetPDCConfigMigrationFlow') ;

DELETE FROM MIGRATIONSTEPS WHERE VERSION = '2.7.2' AND TYPE = 'FLOW' AND EXECUTABLE = 'CalendarDescriptionMigration';
INSERT INTO MIGRATIONSTEPS (INSTALLATIONORDER,VERSION,STEPID,"TYPE",EXECUTABLE) VALUES (1,'2.7.2',SYS_GUID(),'FLOW','CalendarDescriptionMigration') ;

DELETE FROM MIGRATIONSTEPS WHERE VERSION = '2.7.2.4' AND TYPE = 'FLOW' AND EXECUTABLE = 'FixedBulkTimeMigrationUtilityFlow';
INSERT INTO MIGRATIONSTEPS (INSTALLATIONORDER,VERSION,STEPID,"TYPE",EXECUTABLE) VALUES (1,'2.7.2.4',SYS_GUID(),'FLOW','FixedBulkTimeMigrationUtilityFlow') ;


DELETE FROM BUSINESSFUNCTIONMASTER WHERE FUNCTIONCODE='ValidateMessageFunctionEligibility-ORFI';
INSERT INTO BUSINESSFUNCTIONMASTER(BUSINESSFUNCTIONMASTER_PK, FUNCTIONCODE, FUNCTIONDESCRIPTION, WORKFLOWCODE) VALUES(SYS_GUID(), 'ValidateMessageFunctionEligibility-ORFI', NULL, 'ATTCHMSG_TXN');

DELETE FROM BUSINESSFUNCTIONWORKFLOW WHERE FUNCTIONCODE='ValidateMessageFunctionEligibility-ORFI' AND TASKCODE = 'ValidateMessageFunctionEligibility-ORFI' AND ACTIVITYINDEX = 10;
INSERT INTO BUSINESSFUNCTIONWORKFLOW(BUSINESSFUNCTIONWORKFLOW_PK, FUNCTIONCODE, TASKCODE, ACTIVITYINDEX, TASKCONFIG, STATUS, EFFECTIVEFROMDATE, EFFECTIVETILLDATE) VALUES(SYS_GUID(), 'ValidateMessageFunctionEligibility-ORFI', 'ValidateMessageFunctionEligibility-ORFI', 10, NULL, 'ACTIVE', To_Date('2017-10-12','YYYY-MM-DD'), NULL);

DELETE FROM TASKSMASTER WHERE TASKCODE = 'ValidateMessageFunctionEligibility-ORFI';
INSERT INTO TASKSMASTER (TASKSMASTER_PK, TASKCODE, TASKNAME, TECHNICALFLOWNAME, TASKDESCRIPTION, WORKFLOWCODE) VALUES(SYS_GUID(), 'ValidateMessageFunctionEligibility-ORFI', 'ValidateMessageFunctionEligibility-ORFI', 'ValidateMsgFuncEligibilityForAttchMsg', NULL, 'ATTCHMSG_TXN');


DELETE FROM BUSINESSFUNCTIONMASTER WHERE FUNCTIONCODE='ValidateMessageFunctionEligibility-ORRFI';
INSERT INTO BUSINESSFUNCTIONMASTER(BUSINESSFUNCTIONMASTER_PK, FUNCTIONCODE, FUNCTIONDESCRIPTION, WORKFLOWCODE) VALUES(SYS_GUID(), 'ValidateMessageFunctionEligibility-ORRFI', NULL, 'ATTCHMSG_TXN');

DELETE FROM BUSINESSFUNCTIONWORKFLOW WHERE FUNCTIONCODE='ValidateMessageFunctionEligibility-ORRFI' AND TASKCODE = 'ValidateMessageFunctionEligibility-ORRFI' AND ACTIVITYINDEX = 10;
INSERT INTO BUSINESSFUNCTIONWORKFLOW(BUSINESSFUNCTIONWORKFLOW_PK, FUNCTIONCODE, TASKCODE, ACTIVITYINDEX, TASKCONFIG, STATUS, EFFECTIVEFROMDATE, EFFECTIVETILLDATE) VALUES(SYS_GUID(), 'ValidateMessageFunctionEligibility-ORRFI', 'ValidateMessageFunctionEligibility-ORRFI', 10, NULL, 'ACTIVE', To_Date('2017-10-12','YYYY-MM-DD'), NULL);

DELETE FROM TASKSMASTER WHERE TASKCODE = 'ValidateMessageFunctionEligibility-ORRFI';
INSERT INTO TASKSMASTER (TASKSMASTER_PK, TASKCODE, TASKNAME, TECHNICALFLOWNAME, TASKDESCRIPTION, WORKFLOWCODE) VALUES(SYS_GUID(), 'ValidateMessageFunctionEligibility-ORRFI', 'ValidateMessageFunctionEligibility-ORRFI', 'ValidateMsgFuncEligibilityForAttchMsg', NULL, 'ATTCHMSG_TXN');

DELETE FROM BUSINESSFUNCTIONMASTER WHERE FUNCTIONCODE='ValidateMessageFunctionEligibility-OROF';
INSERT INTO BUSINESSFUNCTIONMASTER(BUSINESSFUNCTIONMASTER_PK, FUNCTIONCODE, FUNCTIONDESCRIPTION, WORKFLOWCODE) VALUES(SYS_GUID(), 'ValidateMessageFunctionEligibility-OROF', NULL, 'ATTCHMSG_TXN');

DELETE FROM BUSINESSFUNCTIONWORKFLOW WHERE FUNCTIONCODE='ValidateMessageFunctionEligibility-OROF' AND TASKCODE = 'ValidateMessageFunctionEligibility-OROF' AND ACTIVITYINDEX = 10;
INSERT INTO BUSINESSFUNCTIONWORKFLOW(BUSINESSFUNCTIONWORKFLOW_PK, FUNCTIONCODE, TASKCODE, ACTIVITYINDEX, TASKCONFIG, STATUS, EFFECTIVEFROMDATE, EFFECTIVETILLDATE) VALUES(SYS_GUID(), 'ValidateMessageFunctionEligibility-OROF', 'ValidateMessageFunctionEligibility-OROF', 10, NULL, 'ACTIVE', To_Date('2017-10-12','YYYY-MM-DD'), NULL);

DELETE FROM TASKSMASTER WHERE TASKCODE = 'ValidateMessageFunctionEligibility-OROF';
INSERT INTO TASKSMASTER (TASKSMASTER_PK, TASKCODE, TASKNAME, TECHNICALFLOWNAME, TASKDESCRIPTION, WORKFLOWCODE) VALUES(SYS_GUID(), 'ValidateMessageFunctionEligibility-OROF', 'ValidateMessageFunctionEligibility-OROF', 'ValidateMsgFuncEligibilityForAttchMsg', NULL, 'ATTCHMSG_TXN');

DELETE FROM BUSINESSFUNCTIONMASTER WHERE FUNCTIONCODE='ValidateMessageFunctionEligibility-ORROF';
INSERT INTO BUSINESSFUNCTIONMASTER(BUSINESSFUNCTIONMASTER_PK, FUNCTIONCODE, FUNCTIONDESCRIPTION, WORKFLOWCODE) VALUES(SYS_GUID(), 'ValidateMessageFunctionEligibility-ORROF', NULL, 'ATTCHMSG_TXN');

DELETE FROM BUSINESSFUNCTIONWORKFLOW WHERE FUNCTIONCODE='ValidateMessageFunctionEligibility-ORROF' AND TASKCODE = 'ValidateMessageFunctionEligibility-ORROF' AND ACTIVITYINDEX = 10;
INSERT INTO BUSINESSFUNCTIONWORKFLOW(BUSINESSFUNCTIONWORKFLOW_PK, FUNCTIONCODE, TASKCODE, ACTIVITYINDEX, TASKCONFIG, STATUS, EFFECTIVEFROMDATE, EFFECTIVETILLDATE) VALUES(SYS_GUID(), 'ValidateMessageFunctionEligibility-ORROF', 'ValidateMessageFunctionEligibility-ORROF', 10, NULL, 'ACTIVE', To_Date('2017-10-12','YYYY-MM-DD'), NULL);

DELETE FROM TASKSMASTER WHERE TASKCODE = 'ValidateMessageFunctionEligibility-ORROF';
INSERT INTO TASKSMASTER (TASKSMASTER_PK, TASKCODE, TASKNAME, TECHNICALFLOWNAME, TASKDESCRIPTION, WORKFLOWCODE) VALUES(SYS_GUID(), 'ValidateMessageFunctionEligibility-ORROF', 'ValidateMessageFunctionEligibility-ORROF', 'ValidateMsgFuncEligibilityForAttchMsg', NULL, 'ATTCHMSG_TXN');

DELETE FROM BUSINESSFUNCTIONMASTER WHERE FUNCTIONCODE='ValidateMessageFunctionEligibility-ORRFP';
INSERT INTO BUSINESSFUNCTIONMASTER(BUSINESSFUNCTIONMASTER_PK, FUNCTIONCODE, FUNCTIONDESCRIPTION, WORKFLOWCODE) VALUES(SYS_GUID(), 'ValidateMessageFunctionEligibility-ORRFP', NULL, 'ATTCHMSG_TXN');

DELETE FROM BUSINESSFUNCTIONWORKFLOW WHERE FUNCTIONCODE='ValidateMessageFunctionEligibility-ORRFP' AND TASKCODE = 'ValidateMessageFunctionEligibility-ORRFP' AND ACTIVITYINDEX = 10;
INSERT INTO BUSINESSFUNCTIONWORKFLOW(BUSINESSFUNCTIONWORKFLOW_PK, FUNCTIONCODE, TASKCODE, ACTIVITYINDEX, TASKCONFIG, STATUS, EFFECTIVEFROMDATE, EFFECTIVETILLDATE) VALUES(SYS_GUID(), 'ValidateMessageFunctionEligibility-ORRFP', 'ValidateMessageFunctionEligibility-ORRFP', 10, NULL, 'ACTIVE', To_Date('2017-10-12','YYYY-MM-DD'), NULL);

DELETE FROM TASKSMASTER WHERE TASKCODE = 'ValidateMessageFunctionEligibility-ORRFP';
INSERT INTO TASKSMASTER (TASKSMASTER_PK, TASKCODE, TASKNAME, TECHNICALFLOWNAME, TASKDESCRIPTION, WORKFLOWCODE) VALUES(SYS_GUID(), 'ValidateMessageFunctionEligibility-ORRFP', 'ValidateMessageFunctionEligibility-ORRFP', 'ValidateMsgFuncEligibilityForAttchMsg', NULL, 'ATTCHMSG_TXN');


DELETE FROM BUSINESSFUNCTIONMASTER WHERE FUNCTIONCODE='ValidateMessageFunctionEligibility-REMT';
INSERT INTO BUSINESSFUNCTIONMASTER(BUSINESSFUNCTIONMASTER_PK, FUNCTIONCODE, FUNCTIONDESCRIPTION, WORKFLOWCODE) VALUES(SYS_GUID(), 'ValidateMessageFunctionEligibility-REMT', NULL, 'ATTCHMSG_TXN');

DELETE FROM BUSINESSFUNCTIONWORKFLOW WHERE FUNCTIONCODE='ValidateMessageFunctionEligibility-REMT' AND TASKCODE = 'ValidateMessageFunctionEligibility-REMT' AND ACTIVITYINDEX = 10;
INSERT INTO BUSINESSFUNCTIONWORKFLOW(BUSINESSFUNCTIONWORKFLOW_PK, FUNCTIONCODE, TASKCODE, ACTIVITYINDEX, TASKCONFIG, STATUS, EFFECTIVEFROMDATE, EFFECTIVETILLDATE) VALUES(SYS_GUID(), 'ValidateMessageFunctionEligibility-REMT', 'ValidateMessageFunctionEligibility-REMT', 10, NULL, 'ACTIVE', To_Date('2017-10-12','YYYY-MM-DD'), NULL);

DELETE FROM TASKSMASTER WHERE TASKCODE = 'ValidateMessageFunctionEligibility-REMT';
INSERT INTO TASKSMASTER(TASKSMASTER_PK, TASKCODE, TASKNAME, TECHNICALFLOWNAME, TASKDESCRIPTION, WORKFLOWCODE) VALUES(SYS_GUID(), 'ValidateMessageFunctionEligibility-REMT', 'ValidateMessageFunctionEligibility-REMT', 'ValidateMsgFuncEligibilityForAttchMsg', NULL, 'ATTCHMSG_TXN');

DELETE FROM BUSINESSFUNCTIONMASTER WHERE FUNCTIONCODE='ValidateMessageFunctionEligibility-CAMT';
INSERT INTO BUSINESSFUNCTIONMASTER(BUSINESSFUNCTIONMASTER_PK, FUNCTIONCODE, FUNCTIONDESCRIPTION, WORKFLOWCODE) VALUES(SYS_GUID(), 'ValidateMessageFunctionEligibility-CAMT', NULL, 'ATTCHMSG_TXN');

DELETE FROM BUSINESSFUNCTIONWORKFLOW WHERE FUNCTIONCODE='ValidateMessageFunctionEligibility-CAMT' AND TASKCODE = 'ValidateMessageFunctionEligibility-CAMT' AND ACTIVITYINDEX = 10;
INSERT INTO BUSINESSFUNCTIONWORKFLOW(BUSINESSFUNCTIONWORKFLOW_PK, FUNCTIONCODE, TASKCODE, ACTIVITYINDEX, TASKCONFIG, STATUS, EFFECTIVEFROMDATE, EFFECTIVETILLDATE) VALUES(SYS_GUID(), 'ValidateMessageFunctionEligibility-CAMT', 'ValidateMessageFunctionEligibility-CAMT', 10, NULL, 'ACTIVE', To_Date('2017-10-12','YYYY-MM-DD'), NULL);

DELETE FROM TASKSMASTER WHERE TASKCODE = 'ValidateMessageFunctionEligibility-CAMT';
INSERT INTO TASKSMASTER (TASKSMASTER_PK, TASKCODE, TASKNAME, TECHNICALFLOWNAME, TASKDESCRIPTION, WORKFLOWCODE) VALUES(SYS_GUID(), 'ValidateMessageFunctionEligibility-CAMT', 'ValidateMessageFunctionEligibility-CAMT', 'ValidateMsgFuncEligibilityForAttchMsg', NULL, 'ATTCHMSG_TXN');

DELETE FROM INCIDENCEMASTER WHERE INCIDENCECODE='VMFEATTMSG001';
INSERT INTO INCIDENCEMASTER(INCIDENCECODE, WORKFLOWCODE, ALLOWEDPROCESSSTATUS, ALLOWEDPARAMETER, ALLOWSTP) VALUES('VMFEATTMSG001', 'ATTCHMSG_TXN', 'REJECTED', 'msgfunc,schemeid,schemecode', 1);

DELETE FROM INCIDENCEDEFINITION WHERE INCIDENCECODE='VMFEATTMSG001' AND PROCESSNAME IS NULL;
INSERT INTO INCIDENCEDEFINITION(INCIDENCECODE, DESCRIPTION, INCIDENCERESOLUTION, SEVERITY, INCIDENCEORIGIN, CANCLIENTSETPREFERENCE, OPSSEVERITYPREFERENCE, CLIENTSEVERITYPREFERENCE, REPAIRANDMANUALINPUT, PROCESSSTATUS, INCIDENCETYPE, WORKFLOWCODE, INCIDENCEDEFINITION_PK, PROCESSNAME, PARTYSERVICEASSOCIATIONCODE, STATUS, EFFECTIVEFROMDATE, EFFECTIVETILLDATE) VALUES('VMFEATTMSG001', 'Message Function ${msgfunc} is not allowed for the particular membership id ${schemeid} and scheme code ${schemecode}', 'Error', 'High', 'User', NULL, NULL, NULL, NULL, 'REJECTED', 'ISSUE', 'ATTCHMSG_TXN', SYS_GUID(), NULL, NULL, 'ACTIVE',TO_DATE('2017-01-01','YYYY-MM-DD'), NULL);

DELETE FROM ACTIONDEFINITION WHERE ACTIONNAME = 'GenerateREMT' AND WORKFLOWCODE = 'PAYMENT';
INSERT INTO ACTIONDEFINITION (ACTIONNAME,DESCRIPTION,ACTIONDEFINITION_PK,WORKFLOWCODE,ALIASNAME,RESTURL,RESTMETHOD,STATUS,EFFECTIVEFROMDATE,FUNCTIONNAME) VALUES ('GenerateREMT','Generate REMT',SYS_GUID(),'PAYMENT','Generate REMT','/v2/payments/manualremt','POST','ACTIVE',TO_DATE('2017-01-01','YYYY-MM-DD'),'DisplayPopUpWithWebFormInput');

DELETE FROM STATUSACTION WHERE "ACTION" = 'GenerateREMT' AND WORKFLOWCODE = 'PAYMENT' AND PROCESSSTATUS = 'ACCEPTED';
INSERT INTO STATUSACTION ("ACTION",STATUSACTION_PK,WORKFLOWCODE,PROCESSSTATUS,STATUS,EFFECTIVEFROMDATE) VALUES ('GenerateREMT',SYS_GUID(),'PAYMENT','ACCEPTED','ACTIVE',TO_DATE('2017-01-01','YYYY-MM-DD')) ;


DELETE FROM STATUSACTION WHERE "ACTION" = 'GenerateREMT' AND WORKFLOWCODE = 'PAYMENT' AND PROCESSSTATUS = 'ACCEPTED_WITHOUT_POSTING';
INSERT INTO STATUSACTION ("ACTION",STATUSACTION_PK,WORKFLOWCODE,PROCESSSTATUS,STATUS,EFFECTIVEFROMDATE) VALUES ('GenerateREMT',SYS_GUID(),'PAYMENT','ACCEPTED_WITHOUT_POSTING','ACTIVE',TO_DATE('2017-01-01','YYYY-MM-DD')) ;

DELETE FROM STATUSACTION WHERE "ACTION" = 'GenerateREMT' AND WORKFLOWCODE = 'PAYMENT' AND PROCESSSTATUS = 'WAIT_IN_RRFP';
INSERT INTO STATUSACTION ("ACTION",STATUSACTION_PK,WORKFLOWCODE,PROCESSSTATUS,STATUS,EFFECTIVEFROMDATE) VALUES ('GenerateREMT',SYS_GUID(),'PAYMENT','WAIT_IN_RRFP','ACTIVE',TO_DATE('2017-01-01','YYYY-MM-DD')) ;

DELETE FROM ROLERESOURCEPERMISSION WHERE ROLEID = 'Super Admin' AND RESOURCEID = '003' AND PERMISSION = 'GenerateREMT';
INSERT INTO ROLERESOURCEPERMISSION (ROLEID,RESOURCEID,PERMISSION) VALUES ('Super Admin','003','GenerateREMT');

DELETE FROM RESTRESOURCES WHERE "PATH" = '/v2/payments/manualremt' AND METHOD = 'POST';
INSERT INTO RESTRESOURCES (RESTRESOURCES_PK,"METHOD",APPLICATION,"PATH",RESOURCEID,OPERATION,DESCRIPTION) VALUES (SYS_GUID(),'POST','VolPayHub','/v2/payments/manualremt','003','GenerateREMT','API for Generating REMT');

DELETE FROM RESTRESOURCES WHERE "PATH" = '/v2/payments/manualremt/response' AND METHOD = 'POST';
INSERT INTO RESTRESOURCES (RESTRESOURCES_PK,"METHOD",APPLICATION,"PATH",RESOURCEID,OPERATION,DESCRIPTION) VALUES (SYS_GUID(),'POST','VolPayHub','/v2/payments/manualremt/response','003','GenerateREMT','API to Process Received REMT');

DELETE FROM RESOURCEAPPROVALPERMISSION WHERE RESOURCEID = '003' AND OPERATION = 'GenerateREMT' AND ROLEID = 'ALL';
INSERT INTO RESOURCEAPPROVALPERMISSION (RESOURCEAPPROVALPERMISSION_PK,RESOURCEID,OPERATION,APPROVALCOUNT,STATUS,EFFECTIVEFROMDATE,ROLEID) VALUES (SYS_GUID(),'003','GenerateREMT',1,'ACTIVE',TO_DATE('2017-01-01','YYYY-MM-DD'),'ALL') ;

DELETE FROM RESTRESOURCES WHERE "PATH" = '/v2/manualpaymentinitiationtemplate/party/{templateName}/{partyCode}' AND METHOD = 'GET';
INSERT INTO RESTRESOURCES(RESTRESOURCES_PK, "METHOD", APPLICATION, "PATH", RESOURCEID, OPERATION, DESCRIPTION) VALUES(SYS_GUID(), 'GET', 'VolPayHub', '/v2/manualpaymentinitiationtemplate/party/{templateName}/{partyCode}', '071', 'R', 'API to Validate MPI Template');

DELETE FROM SERVICECONFIG WHERE MSGFORMAT = 'ManualREMT';
INSERT INTO SERVICECONFIG (MSGNAME, MSGFORMAT, MSGDESCRIPTION, ISMAPPINGAFLOW, REJECTIONLEVEL, BATCHSECNAME, PAYMENTSECNAME, ISCUSTOMERRHANDLERREQD, ISINMEMORYPARSING, PHASEDPARSEFLOWNAME, VALIDATIONLIST, PREPARSINGCALLBACKFLOWNAME, POSTPARSINGCALLBACKFLOWNAME, VALIDATIONOVERRIDEFLOWNAME, MSGFIELDLIST, MSGTYPE, MSGGROUP, IDENTIFYPARENTCALLBACK, REVERSEMAPPINGFLOW, MESSAGEFUNCTION, MSGENCODINGFORMAT) VALUES('ManualREMT', 'ManualREMT', 'Manual REMT Input', 1, 'FILE', NULL, NULL, 0, 1, NULL, NULL, NULL, NULL, NULL, NULL, 'REMT', 'ISO', NULL, NULL, 'Remittance Advice', NULL);

DELETE FROM RESTRESOURCES WHERE "PATH" = '/v2/manualpaymentinitiationtemplate/parties/rolesaccessible/readall' AND METHOD = 'GET';
INSERT INTO RESTRESOURCES(RESTRESOURCES_PK, "METHOD", APPLICATION, "PATH", RESOURCEID, OPERATION, DESCRIPTION) VALUES(SYS_GUID(), 'GET', 'VolPayHub', '/v2/manualpaymentinitiationtemplate/parties/rolesaccessible/readall', '071', 'R', 'API for getting  ManualPaymentInitiationTemplate');

DELETE FROM ATTRIBUTEMASTER WHERE ATTRIBUTEID = '003156' AND RESOURCEID = '003';
INSERT INTO ATTRIBUTEMASTER (RESOURCEID, ATTRIBUTEID, ATTRIBUTENAME, ATTRIBUTETYPE) VALUES('003', '003156', 'RemittanceID', 'String');

DELETE FROM STATUSACTION WHERE "ACTION"='UserAddNotes' AND WORKFLOWCODE='PAYMENT' AND PROCESSSTATUS='FRAUD_HOLD';
INSERT INTO STATUSACTION("ACTION", STATUSACTION_PK, WORKFLOWCODE, PROCESSSTATUS, STATUS, EFFECTIVEFROMDATE, EFFECTIVETILLDATE, PROCESSNAME)VALUES('UserAddNotes',SYS_GUID(), 'PAYMENT', 'FRAUD_HOLD', 'ACTIVE', TO_DATE('2018-01-01','YYYY-MM-DD'), NULL, NULL);

DELETE FROM STATUSACTION WHERE "ACTION"='UserAddNotes' AND WORKFLOWCODE='PAYMENT' AND PROCESSSTATUS='ACCEPTED_WITHOUT_POSTING';
INSERT INTO STATUSACTION("ACTION", STATUSACTION_PK, WORKFLOWCODE, PROCESSSTATUS, STATUS, EFFECTIVEFROMDATE, EFFECTIVETILLDATE, PROCESSNAME)VALUES('UserAddNotes',SYS_GUID(), 'PAYMENT', 'ACCEPTED_WITHOUT_POSTING', 'ACTIVE', TO_DATE('2018-01-01','YYYY-MM-DD'), NULL, NULL);

DELETE FROM ATTRIBUTEMASTER WHERE ATTRIBUTEID = '003157' AND RESOURCEID = '003';
INSERT INTO ATTRIBUTEMASTER (RESOURCEID, ATTRIBUTEID, ATTRIBUTENAME, ATTRIBUTETYPE) VALUES('003', '003157', 'IsFraud', 'Boolean');

DELETE FROM ATTRIBUTEMASTER WHERE ATTRIBUTEID = '028026' AND RESOURCEID = '028';
INSERT INTO ATTRIBUTEMASTER (RESOURCEID, ATTRIBUTEID, ATTRIBUTENAME, ATTRIBUTETYPE) VALUES('028', '028026', 'Tag', 'String');

DELETE FROM ATTRIBUTEMASTER WHERE ATTRIBUTEID = '071020' AND RESOURCEID = '071';
INSERT INTO ATTRIBUTEMASTER (RESOURCEID, ATTRIBUTEID, ATTRIBUTENAME, ATTRIBUTETYPE) VALUES('071', '071020', 'PartyCode', 'String');

UPDATE ATTRIBUTEMASTER SET ATTRIBUTENAME='SecondaryAccountOwners' WHERE ATTRIBUTEID='028017' ;

DELETE FROM RESTRESOURCES WHERE "PATH" = '/v2/partiesutil/{partyCode}' AND "METHOD" = 'GET' ;
INSERT INTO RESTRESOURCES(RESTRESOURCES_PK, "METHOD", APPLICATION, "PATH", RESOURCEID, OPERATION, DESCRIPTION)VALUES(SYS_GUID(), 'GET', 'VolPayHub', '/v2/partiesutil/{partyCode}', '022', 'R', 'API to get available supported party code');

DELETE FROM PICKLISTMANAGER WHERE PICKLISTTYPE='EndStates';
INSERT INTO PICKLISTMANAGER(PICKLISTMANAGER_PK, PICKLISTTYPE, PICKLISTVALUE, PICKLISTDESCRIPTION) VALUES(SYS_GUID(), 'EndStates', 'REJECTED', 'REJECTED');
INSERT INTO PICKLISTMANAGER(PICKLISTMANAGER_PK, PICKLISTTYPE, PICKLISTVALUE, PICKLISTDESCRIPTION) VALUES(SYS_GUID(), 'EndStates', 'RETURNED', 'RETURNED');
INSERT INTO PICKLISTMANAGER(PICKLISTMANAGER_PK, PICKLISTTYPE, PICKLISTVALUE, PICKLISTDESCRIPTION) VALUES(SYS_GUID(), 'EndStates', 'CANCELLED', 'CANCELLED');
DELETE FROM RESTRESOURCES WHERE "PATH" = '/v2/picklistmanagers/{type}/code' AND METHOD = 'GET';
INSERT INTO RESTRESOURCES (RESTRESOURCES_PK,"METHOD",APPLICATION,"PATH",RESOURCEID,OPERATION,DESCRIPTION) VALUES (SYS_GUID(),'GET','VolPayHub','/v2/picklistmanagers/{type}/code','078','R','API for Getting Pick list manager entries');

DELETE FROM ACTIONDEFINITION WHERE ACTIONNAME = 'GenerateCAMT' AND WORKFLOWCODE = 'PAYMENT';
INSERT INTO ACTIONDEFINITION(ACTIONNAME, DESCRIPTION, ACTIONDEFINITION_PK, WORKFLOWCODE, ALIASNAME, CLIENTALIASNAME, DUALCONTROLREQUIRED, MANDATENOTE, GROUPACTIONALLOWED, RESTURL, RESTMETHOD, SUCCESSURL, FAILUREURL, FLOWNAME, STATUS, EFFECTIVEFROMDATE, EFFECTIVETILLDATE, FUNCTIONNAME, ADDITIONALCONFIG)VALUES('GenerateCAMT', 'Generating CAMT', SYS_GUID(), 'PAYMENT', 'generate CAMT', NULL, NULL, NULL, NULL, NULL, NULL, NULL, NULL, 'GenerateManualCAMTForFraudPayment', 'ACTIVE', TO_DATE('2018-01-01','YYYY-MM-DD'), NULL, NULL, NULL);

DELETE FROM STATUSACTION WHERE WORKFLOWCODE = 'PAYMENT' AND PROCESSSTATUS = 'ACCEPTED' AND ACTION='GenerateCAMT' AND PROCESSNAME IS NULL;
INSERT INTO STATUSACTION("ACTION", STATUSACTION_PK, WORKFLOWCODE, PROCESSSTATUS, STATUS, EFFECTIVEFROMDATE, EFFECTIVETILLDATE, PROCESSNAME)VALUES('GenerateCAMT',SYS_GUID(), 'PAYMENT', 'ACCEPTED', 'ACTIVE', TO_DATE('2018-01-01','YYYY-MM-DD'), NULL, NULL);


DELETE FROM STATUSDEFINITION WHERE PROCESSSTATUS='FRAUD_HOLD-WAITFORAPPROVAL' AND WORKFLOWCODE='PAYMENT';
INSERT INTO STATUSDEFINITION(ALIASNAME, CLIENTALIASNAME, DESCRIPTION, USERCONTROL, PROCESSSTATUS, WORKFLOWCODE, STATUS, EFFECTIVEFROMDATE, EFFECTIVETILLDATE, COLOURA, COLOURB, OPACITY)VALUES('FRAUD_HOLD-WAITFORAPPROVAL', NULL, 'Fraud Hold Wait For Approval', NULL, 'FRAUD_HOLD-WAITFORAPPROVAL', 'PAYMENT', 'ACTIVE', TO_DATE('2017-01-01','YYYY-MM-DD'), NULL, '#8a6d3b', NULL, 100);

DELETE FROM STATUSACTION WHERE "ACTION"='UserAddNotes' AND WORKFLOWCODE='PAYMENT' AND PROCESSSTATUS='FRAUD_HOLD-WAITFORAPPROVAL';
INSERT INTO STATUSACTION("ACTION", STATUSACTION_PK, WORKFLOWCODE, PROCESSSTATUS, STATUS, EFFECTIVEFROMDATE, EFFECTIVETILLDATE, PROCESSNAME)VALUES('UserAddNotes', SYS_GUID(), 'PAYMENT', 'FRAUD_HOLD-WAITFORAPPROVAL', 'ACTIVE', TO_DATE('2017-01-01','YYYY-MM-DD'), NULL, NULL);


UPDATE INCIDENCEMASTER SET ALLOWEDPARAMETER='msg' WHERE INCIDENCECODE='DPD012';
UPDATE INCIDENCEDEFINITION SET DESCRIPTION='${msg}' WHERE INCIDENCECODE='DPD012';

DELETE FROM INCIDENCEDEFINITION WHERE INCIDENCECODE='CONFCHECKPL001' AND PARTYSERVICEASSOCIATIONCODE IS NULL AND PROCESSNAME IS NULL;
INSERT INTO INCIDENCEDEFINITION (INCIDENCECODE, DESCRIPTION, INCIDENCERESOLUTION, SEVERITY, INCIDENCEORIGIN, CANCLIENTSETPREFERENCE, OPSSEVERITYPREFERENCE, CLIENTSEVERITYPREFERENCE, REPAIRANDMANUALINPUT, PROCESSSTATUS, INCIDENCETYPE, WORKFLOWCODE, INCIDENCEDEFINITION_PK, PROCESSNAME, PARTYSERVICEASSOCIATIONCODE, STATUS, EFFECTIVEFROMDATE, EFFECTIVETILLDATE) VALUES ('CONFCHECKPL001', 'Payment status changed to WAITING_FOR_PL_CONFIRMATION', 'Check the PL payment', 'High', 'User', NULL, NULL, NULL, NULL, 'WAITING_FOR_PL_CONFIRMATION', 'ISSUE', 'PAYMENT', SYS_GUID(), NULL, NULL, 'ACTIVE', TO_DATE('2018-08-01','YYYY-MM-DD'), NULL);

DELETE FROM INCIDENCEMASTER WHERE INCIDENCECODE='CONFCHECKPL001';
INSERT INTO INCIDENCEMASTER (INCIDENCECODE, WORKFLOWCODE, ALLOWEDPROCESSSTATUS, ALLOWEDPARAMETER, ALLOWSTP) VALUES ('CONFCHECKPL001', 'PAYMENT', 'WAITING_FOR_PL_CONFIRMATION', NULL, 1);

COMMIT;
