UPDATE INCIDENCEDEFINITION SET PROCESSNAME = 'All' WHERE PROCESSNAME = 'null';
UPDATE INCIDENCEDEFINITION SET PARTYSERVICEASSOCIATIONCODE = 'All' WHERE PARTYSERVICEASSOCIATIONCODE = 'null';

UPDATE STATUSACTION SET PROCESSNAME = 'All' WHERE PROCESSNAME = 'null';

DELETE FROM RESTRESOURCES WHERE "PATH" = '/v2/volpayconfigurations/code';
INSERT INTO RESTRESOURCES(RESTRESOURCES_PK, "METHOD", APPLICATION, "PATH", RESOURCEID, "OPERATION", DESCRIPTION) VALUES((SELECT max(CAST(RESTRESOURCES_PK AS INTEGER)) + 1 AS RESTRESOURCES_PK FROM RESTRESOURCES), 'GET', 'VolPayHub', '/v2/volpayidconfigurations/code', '010', 'R', 'API for getting VolPayIDConfiguration Code');

DELETE FROM TASKSMASTER WHERE TASKCODE IN ('FundsControlReversal','LiquidityControlReversal','FinalizeStatusForRJCT');
INSERT INTO TASKSMASTER (TASKSMASTER_PK,TASKCODE,TASKNAME,TECHNICALFLOWNAME,TASKDESCRIPTION,WORKFLOWCODE) VALUES((SELECT max(CAST(TASKSMASTER_PK AS INTEGER)) + 1 AS TASKSMASTER_PK FROM TASKSMASTER),'FundsControlReversal','FundsControlReversal','FundsControlReversal',NULL,'CONFIRMATION_TXN');
INSERT INTO TASKSMASTER (TASKSMASTER_PK,TASKCODE,TASKNAME,TECHNICALFLOWNAME,TASKDESCRIPTION,WORKFLOWCODE) VALUES((SELECT max(CAST(TASKSMASTER_PK AS INTEGER)) + 1 AS TASKSMASTER_PK FROM TASKSMASTER),'LiquidityControlReversal','LiquidityControlReversal','LiquidityControlReversal',NULL,'CONFIRMATION_TXN');
INSERT INTO TASKSMASTER (TASKSMASTER_PK,TASKCODE,TASKNAME,TECHNICALFLOWNAME,TASKDESCRIPTION,WORKFLOWCODE) VALUES((SELECT max(CAST(TASKSMASTER_PK AS INTEGER)) + 1 AS TASKSMASTER_PK FROM TASKSMASTER),'FinalizeStatusForRJCT','FinalizeStatusForRJCT','FinalizeStatusForRJCT',NULL,'CONFIRMATION_TXN');

DELETE FROM BUSINESSFUNCTIONMASTER WHERE FUNCTIONCODE IN ('FundsControlReversal','LiquidityControlReversal','FinalizeStatusForRJCT');
INSERT INTO BUSINESSFUNCTIONMASTER (BUSINESSFUNCTIONMASTER_PK,FUNCTIONCODE,FUNCTIONDESCRIPTION,WORKFLOWCODE) VALUES((SELECT max(CAST(BUSINESSFUNCTIONMASTER_PK AS INTEGER)) + 1 AS BUSINESSFUNCTIONMASTER_PK FROM BUSINESSFUNCTIONMASTER),'FundsControlReversal',NULL,'CONFIRMATION_TXN');
INSERT INTO BUSINESSFUNCTIONMASTER (BUSINESSFUNCTIONMASTER_PK,FUNCTIONCODE,FUNCTIONDESCRIPTION,WORKFLOWCODE) VALUES((SELECT max(CAST(BUSINESSFUNCTIONMASTER_PK AS INTEGER)) + 1 AS BUSINESSFUNCTIONMASTER_PK FROM BUSINESSFUNCTIONMASTER),'LiquidityControlReversal',NULL,'CONFIRMATION_TXN');
INSERT INTO BUSINESSFUNCTIONMASTER (BUSINESSFUNCTIONMASTER_PK,FUNCTIONCODE,FUNCTIONDESCRIPTION,WORKFLOWCODE) VALUES((SELECT max(CAST(BUSINESSFUNCTIONMASTER_PK AS INTEGER)) + 1 AS BUSINESSFUNCTIONMASTER_PK FROM BUSINESSFUNCTIONMASTER),'FinalizeStatusForRJCT',NULL,'CONFIRMATION_TXN');

DELETE FROM BUSINESSFUNCTIONWORKFLOW WHERE FUNCTIONCODE IN ('FundsControlReversal','LiquidityControlReversal','FinalizeStatusForRJCT');
INSERT INTO BUSINESSFUNCTIONWORKFLOW (BUSINESSFUNCTIONWORKFLOW_PK,FUNCTIONCODE,TASKCODE,ACTIVITYINDEX,TASKCONFIG,STATUS,EFFECTIVEFROMDATE,EFFECTIVETILLDATE) VALUES((SELECT max(CAST(BUSINESSFUNCTIONWORKFLOW_PK AS INTEGER)) + 1 AS BUSINESSFUNCTIONWORKFLOW_PK FROM BUSINESSFUNCTIONWORKFLOW),'FundsControlReversal','FundsControlReversal',13,'
<TaskConfig><Configs><Name>REQUESTTYPE</Name><Value>3</Value></Configs></TaskConfig>','ACTIVE',TO_DATE('2017-01-01','YYYY-MM-DD'),NULL);
INSERT INTO BUSINESSFUNCTIONWORKFLOW (BUSINESSFUNCTIONWORKFLOW_PK,FUNCTIONCODE,TASKCODE,ACTIVITYINDEX,TASKCONFIG,STATUS,EFFECTIVEFROMDATE,EFFECTIVETILLDATE) VALUES((SELECT max(CAST(BUSINESSFUNCTIONWORKFLOW_PK AS INTEGER)) + 1 AS BUSINESSFUNCTIONWORKFLOW_PK FROM BUSINESSFUNCTIONWORKFLOW),'LiquidityControlReversal','LiquidityControlReversal',12,'
<TaskConfig><Configs><Name>REQUESTTYPE</Name><Value>3</Value></Configs></TaskConfig>','ACTIVE',TO_DATE('2017-01-01','YYYY-MM-DD'),NULL);
INSERT INTO BUSINESSFUNCTIONWORKFLOW (BUSINESSFUNCTIONWORKFLOW_PK,FUNCTIONCODE,TASKCODE,ACTIVITYINDEX,TASKCONFIG,STATUS,EFFECTIVEFROMDATE,EFFECTIVETILLDATE) VALUES((SELECT max(CAST(BUSINESSFUNCTIONWORKFLOW_PK AS INTEGER)) + 1 AS BUSINESSFUNCTIONWORKFLOW_PK FROM BUSINESSFUNCTIONWORKFLOW),'FinalizeStatusForRJCT','FinalizeStatusForRJCT',14,NULL,'ACTIVE',TO_DATE('2017-01-01','YYYY-MM-DD'),NULL);

DELETE FROM BUSINESSPROCESSWORKFLOW WHERE FUNCTIONCODE IN ('FundsControlReversal','LiquidityControlReversal','FinalizeStatusForRJCT');
INSERT INTO BUSINESSPROCESSWORKFLOW (BUSINESSPROCESSWORKFLOW_PK,PROCESSCODE,FUNCTIONCODE,ACTIVITYINDEX,WORKFLOWCODE,STATUS,EFFECTIVEFROMDATE,EFFECTIVETILLDATE,BUSINESSRULEHANDLERFLOW) VALUES((SELECT max(CAST(BUSINESSPROCESSWORKFLOW_PK AS INTEGER)) + 1 AS BUSINESSPROCESSWORKFLOW_PK FROM BUSINESSPROCESSWORKFLOW),'VOLPAY-DEFAULT','FundsControlReversal',13,'CONFIRMATION_TXN','ACTIVE',TO_DATE('2017-01-01','YYYY-MM-DD'),NULL,NULL);
INSERT INTO BUSINESSPROCESSWORKFLOW (BUSINESSPROCESSWORKFLOW_PK,PROCESSCODE,FUNCTIONCODE,ACTIVITYINDEX,WORKFLOWCODE,STATUS,EFFECTIVEFROMDATE,EFFECTIVETILLDATE,BUSINESSRULEHANDLERFLOW) VALUES((SELECT max(CAST(BUSINESSPROCESSWORKFLOW_PK AS INTEGER)) + 1 AS BUSINESSPROCESSWORKFLOW_PK FROM BUSINESSPROCESSWORKFLOW),'VOLPAY-DEFAULT','LiquidityControlReversal',12,'CONFIRMATION_TXN','ACTIVE',TO_DATE('2017-01-01','YYYY-MM-DD'),NULL,NULL);
INSERT INTO BUSINESSPROCESSWORKFLOW (BUSINESSPROCESSWORKFLOW_PK,PROCESSCODE,FUNCTIONCODE,ACTIVITYINDEX,WORKFLOWCODE,STATUS,EFFECTIVEFROMDATE,EFFECTIVETILLDATE,BUSINESSRULEHANDLERFLOW) VALUES((SELECT max(CAST(BUSINESSPROCESSWORKFLOW_PK AS INTEGER)) + 1 AS BUSINESSPROCESSWORKFLOW_PK FROM BUSINESSPROCESSWORKFLOW),'VOLPAY-DEFAULT','FinalizeStatusForRJCT',14,'CONFIRMATION_TXN','ACTIVE',TO_DATE('2017-01-01','YYYY-MM-DD'),NULL,NULL);

DELETE FROM INCIDENCEMASTER WHERE INCIDENCECODE IN ('FSRJCT001','DPD007','RFPRJCT002','DPD006','DPD008','DPD009','DPD010','LPV0001','CPD003','CPD004','DPD011','LQC001','LQC002','FUND001','FUND002','LOGPMNTDUPLICATE','LOGINSTRDUPLICATE','ACCT01','OFAC01');
INSERT INTO INCIDENCEMASTER (INCIDENCECODE,WORKFLOWCODE,ALLOWEDPROCESSSTATUS,ALLOWSTP)  VALUES('FSRJCT001','PAYMENT','REJECTED',1);
INSERT INTO INCIDENCEMASTER (INCIDENCECODE, WORKFLOWCODE, ALLOWEDPROCESSSTATUS, ALLOWEDPARAMETER, ALLOWSTP)  VALUES('DPD007', 'PAYMENT', 'REPAIR', 'msg', 1);
INSERT INTO INCIDENCEMASTER (INCIDENCECODE,WORKFLOWCODE,ALLOWEDPROCESSSTATUS,ALLOWEDPARAMETER,ALLOWSTP)  VALUES('RFPRJCT002','PAYMENT','REJECTED','msg',0);
INSERT INTO INCIDENCEMASTER (INCIDENCECODE, WORKFLOWCODE, ALLOWEDPROCESSSTATUS, ALLOWSTP)  VALUES('DPD006', 'PAYMENT', 'REPAIR', 1);
INSERT INTO INCIDENCEMASTER (INCIDENCECODE, WORKFLOWCODE, ALLOWEDPROCESSSTATUS, ALLOWSTP)  VALUES('DPD008', 'PAYMENT', 'REPAIR', 1);
INSERT INTO INCIDENCEMASTER (INCIDENCECODE,WORKFLOWCODE,ALLOWEDPROCESSSTATUS,ALLOWEDPARAMETER,ALLOWSTP)  VALUES('DPD009','PAYMENT','REPAIR','party',0);
INSERT INTO INCIDENCEMASTER (INCIDENCECODE,WORKFLOWCODE,ALLOWEDPROCESSSTATUS,ALLOWEDPARAMETER,ALLOWSTP)  VALUES('DPD010','PAYMENT','REPAIR','msg',0);
INSERT INTO INCIDENCEMASTER (INCIDENCECODE,WORKFLOWCODE,ALLOWEDPROCESSSTATUS,ALLOWEDPARAMETER,ALLOWSTP)  VALUES('LPV0001','PAYMENT','REJECTED','msg',0);
INSERT INTO INCIDENCEMASTER (INCIDENCECODE, WORKFLOWCODE, ALLOWEDPROCESSSTATUS, ALLOWSTP)  VALUES('CPD003', 'PAYMENT', 'REPAIR', 1);
INSERT INTO INCIDENCEMASTER (INCIDENCECODE, WORKFLOWCODE, ALLOWEDPROCESSSTATUS, ALLOWSTP)  VALUES('CPD004', 'PAYMENT', 'REPAIR', 1);
INSERT INTO INCIDENCEMASTER (INCIDENCECODE, WORKFLOWCODE, ALLOWEDPROCESSSTATUS, ALLOWSTP)  VALUES('DPD011', 'PAYMENT', 'REPAIR', 1);
INSERT INTO INCIDENCEMASTER (INCIDENCECODE, WORKFLOWCODE, ALLOWEDPROCESSSTATUS, ALLOWSTP)  VALUES('LQC001', 'PAYMENT', 'REPAIR', 1);
INSERT INTO INCIDENCEMASTER (INCIDENCECODE, WORKFLOWCODE, ALLOWEDPROCESSSTATUS, ALLOWSTP)  VALUES('LQC002', 'PAYMENT', 'REPAIR', 1);
INSERT INTO INCIDENCEMASTER (INCIDENCECODE, WORKFLOWCODE, ALLOWEDPROCESSSTATUS, ALLOWSTP)  VALUES('FUND001', 'PAYMENT', 'REPAIR', 1);
INSERT INTO INCIDENCEMASTER (INCIDENCECODE, WORKFLOWCODE, ALLOWEDPROCESSSTATUS, ALLOWSTP)  VALUES('FUND002', 'PAYMENT', 'REPAIR', 1);

DELETE FROM INCIDENCEDEFINITION WHERE INCIDENCECODE IN ('FSRJCT001','DPD007','RFPRJCT002','DPD006','DPD008','DPD009','DPD010','LPV0001','CPD003','CPD004','DPD011','LQC001','LQC002','FUND001','FUND002','LOGPMNTDUPLICATE','LOGINSTRDUPLICATE','ACCT01','OFAC01');
INSERT INTO INCIDENCEDEFINITION (INCIDENCECODE,DESCRIPTION,INCIDENCERESOLUTION,SEVERITY,INCIDENCEORIGIN,CANCLIENTSETPREFERENCE,OPSSEVERITYPREFERENCE,CLIENTSEVERITYPREFERENCE,REPAIRANDMANUALINPUT,PROCESSSTATUS,INCIDENCETYPE,WORKFLOWCODE,INCIDENCEDEFINITION_PK,PROCESSNAME,PARTYSERVICEASSOCIATIONCODE,STATUS,EFFECTIVEFROMDATE,EFFECTIVETILLDATE) VALUES('FSRJCT001','Confirmation received for RJCT and payment status has been updated to REJECTED','Error','High','User',NULL,NULL,NULL,NULL,'REJECTED','ISSUE','PAYMENT',(SELECT max(CAST(INCIDENCEDEFINITION_PK AS INTEGER)) + 1 AS INCIDENCEDEFINITION_PK FROM INCIDENCEDEFINITION),'All','All','ACTIVE',TO_DATE('2017-04-25', 'YYYY-MM-DD'),NULL);
INSERT INTO INCIDENCEDEFINITION (INCIDENCECODE,DESCRIPTION,INCIDENCERESOLUTION,SEVERITY,INCIDENCEORIGIN,CANCLIENTSETPREFERENCE,OPSSEVERITYPREFERENCE,CLIENTSEVERITYPREFERENCE,REPAIRANDMANUALINPUT,PROCESSSTATUS,INCIDENCETYPE,WORKFLOWCODE,INCIDENCEDEFINITION_PK,PROCESSNAME,PARTYSERVICEASSOCIATIONCODE,STATUS,EFFECTIVEFROMDATE,EFFECTIVETILLDATE) VALUES('DPD007','Unable to derive debit party because: ${msg}','Error','High','User',NULL,NULL,NULL,NULL,'REPAIR','ISSUE','PAYMENT',(SELECT max(CAST(INCIDENCEDEFINITION_PK AS INTEGER)) + 1 AS INCIDENCEDEFINITION_PK FROM INCIDENCEDEFINITION),'All','All','ACTIVE',TO_DATE('2017-04-25', 'YYYY-MM-DD'),NULL);
INSERT INTO INCIDENCEDEFINITION (INCIDENCECODE,DESCRIPTION,INCIDENCERESOLUTION,SEVERITY,INCIDENCEORIGIN,CANCLIENTSETPREFERENCE,OPSSEVERITYPREFERENCE,CLIENTSEVERITYPREFERENCE,REPAIRANDMANUALINPUT,PROCESSSTATUS,INCIDENCETYPE,WORKFLOWCODE,INCIDENCEDEFINITION_PK,PROCESSNAME,PARTYSERVICEASSOCIATIONCODE,STATUS,EFFECTIVEFROMDATE,EFFECTIVETILLDATE) VALUES('RFPRJCT002','${msg}','Error','High','User',NULL,NULL,NULL,NULL,'REJECTED','ISSUE','PAYMENT',(SELECT max(CAST(INCIDENCEDEFINITION_PK AS INTEGER)) + 1 AS INCIDENCEDEFINITION_PK FROM INCIDENCEDEFINITION),'All','All','ACTIVE',TO_DATE('2017-04-25', 'YYYY-MM-DD'),NULL);
INSERT INTO INCIDENCEDEFINITION (INCIDENCECODE,DESCRIPTION,INCIDENCERESOLUTION,SEVERITY,INCIDENCEORIGIN,CANCLIENTSETPREFERENCE,OPSSEVERITYPREFERENCE,CLIENTSEVERITYPREFERENCE,REPAIRANDMANUALINPUT,PROCESSSTATUS,INCIDENCETYPE,WORKFLOWCODE,INCIDENCEDEFINITION_PK,PROCESSNAME,PARTYSERVICEASSOCIATIONCODE,STATUS,EFFECTIVEFROMDATE,EFFECTIVETILLDATE) VALUES('DPD006','Found more than one record with same currency and account type(DDA) and preferred account is set to false','Error','High','User',NULL,NULL,NULL,NULL,'REPAIR','ISSUE','PAYMENT',(SELECT max(CAST(INCIDENCEDEFINITION_PK AS INTEGER)) + 1 AS INCIDENCEDEFINITION_PK FROM INCIDENCEDEFINITION),'All','All','ACTIVE',TO_DATE('2017-04-25', 'YYYY-MM-DD'),NULL);
INSERT INTO INCIDENCEDEFINITION (INCIDENCECODE,DESCRIPTION,INCIDENCERESOLUTION,SEVERITY,INCIDENCEORIGIN,CANCLIENTSETPREFERENCE,OPSSEVERITYPREFERENCE,CLIENTSEVERITYPREFERENCE,REPAIRANDMANUALINPUT,PROCESSSTATUS,INCIDENCETYPE,WORKFLOWCODE,INCIDENCEDEFINITION_PK,PROCESSNAME,PARTYSERVICEASSOCIATIONCODE,STATUS,EFFECTIVEFROMDATE,EFFECTIVETILLDATE) VALUES('DPD008','Either Debit party is not UNDERLINED_CUSTOMER or UNDERLINED_CUSTOMER parent party code is not matching with Party Service Association party code','Error','High','User',NULL,NULL,NULL,NULL,'REPAIR','ISSUE','PAYMENT',(SELECT max(CAST(INCIDENCEDEFINITION_PK AS INTEGER)) + 1 AS INCIDENCEDEFINITION_PK FROM INCIDENCEDEFINITION),'All','All','ACTIVE',TO_DATE('2017-04-25', 'YYYY-MM-DD'),NULL);
INSERT INTO INCIDENCEDEFINITION (INCIDENCECODE,DESCRIPTION,INCIDENCERESOLUTION,SEVERITY,INCIDENCEORIGIN,CANCLIENTSETPREFERENCE,OPSSEVERITYPREFERENCE,CLIENTSEVERITYPREFERENCE,REPAIRANDMANUALINPUT,PROCESSSTATUS,INCIDENCETYPE,WORKFLOWCODE,INCIDENCEDEFINITION_PK,PROCESSNAME,PARTYSERVICEASSOCIATIONCODE,STATUS,EFFECTIVEFROMDATE,EFFECTIVETILLDATE) VALUES('DPD009','No record found in Account table for party ${party}','Error','High','User',NULL,NULL,NULL,NULL,'REPAIR','ISSUE','PAYMENT',(SELECT max(CAST(INCIDENCEDEFINITION_PK AS INTEGER)) + 1 AS INCIDENCEDEFINITION_PK FROM INCIDENCEDEFINITION),'All','All','ACTIVE',TO_DATE('2017-04-25', 'YYYY-MM-DD'),NULL);
INSERT INTO INCIDENCEDEFINITION (INCIDENCECODE,DESCRIPTION,INCIDENCERESOLUTION,SEVERITY,INCIDENCEORIGIN,CANCLIENTSETPREFERENCE,OPSSEVERITYPREFERENCE,CLIENTSEVERITYPREFERENCE,REPAIRANDMANUALINPUT,PROCESSSTATUS,INCIDENCETYPE,WORKFLOWCODE,INCIDENCEDEFINITION_PK,PROCESSNAME,PARTYSERVICEASSOCIATIONCODE,STATUS,EFFECTIVEFROMDATE,EFFECTIVETILLDATE) VALUES('DPD010','Unable to derive debit party account. Issue is ${msg}','Error','High','User',NULL,NULL,NULL,NULL,'REPAIR','ISSUE','PAYMENT',(SELECT max(CAST(INCIDENCEDEFINITION_PK AS INTEGER)) + 1 AS INCIDENCEDEFINITION_PK FROM INCIDENCEDEFINITION),'All','All','ACTIVE',TO_DATE('2017-04-25', 'YYYY-MM-DD'),NULL);
INSERT INTO INCIDENCEDEFINITION (INCIDENCECODE,DESCRIPTION,INCIDENCERESOLUTION,SEVERITY,INCIDENCEORIGIN,CANCLIENTSETPREFERENCE,OPSSEVERITYPREFERENCE,CLIENTSEVERITYPREFERENCE,REPAIRANDMANUALINPUT,PROCESSSTATUS,INCIDENCETYPE,WORKFLOWCODE,INCIDENCEDEFINITION_PK,PROCESSNAME,PARTYSERVICEASSOCIATIONCODE,STATUS,EFFECTIVEFROMDATE,EFFECTIVETILLDATE) VALUES('LPV0001','${msg}','Error','High','User',NULL,NULL,NULL,NULL,'REJECTED','ISSUE','PAYMENT',(SELECT max(CAST(INCIDENCEDEFINITION_PK AS INTEGER)) + 1 AS INCIDENCEDEFINITION_PK FROM INCIDENCEDEFINITION),'All','All','ACTIVE',TO_DATE('2017-04-25', 'YYYY-MM-DD'),NULL);
INSERT INTO INCIDENCEDEFINITION (INCIDENCECODE,DESCRIPTION,INCIDENCERESOLUTION,SEVERITY,INCIDENCEORIGIN,CANCLIENTSETPREFERENCE,OPSSEVERITYPREFERENCE,CLIENTSEVERITYPREFERENCE,REPAIRANDMANUALINPUT,PROCESSSTATUS,INCIDENCETYPE,WORKFLOWCODE,INCIDENCEDEFINITION_PK,PROCESSNAME,PARTYSERVICEASSOCIATIONCODE,STATUS,EFFECTIVEFROMDATE,EFFECTIVETILLDATE) VALUES('CPD003','Debtor agent details are not present','Error','High','User',NULL,NULL,NULL,NULL,'REPAIR','ISSUE','PAYMENT',(SELECT max(CAST(INCIDENCEDEFINITION_PK AS INTEGER)) + 1 AS INCIDENCEDEFINITION_PK FROM INCIDENCEDEFINITION),'All','All','ACTIVE',TO_DATE('2017-04-25', 'YYYY-MM-DD'),NULL);
INSERT INTO INCIDENCEDEFINITION (INCIDENCECODE,DESCRIPTION,INCIDENCERESOLUTION,SEVERITY,INCIDENCEORIGIN,CANCLIENTSETPREFERENCE,OPSSEVERITYPREFERENCE,CLIENTSEVERITYPREFERENCE,REPAIRANDMANUALINPUT,PROCESSSTATUS,INCIDENCETYPE,WORKFLOWCODE,INCIDENCEDEFINITION_PK,PROCESSNAME,PARTYSERVICEASSOCIATIONCODE,STATUS,EFFECTIVEFROMDATE,EFFECTIVETILLDATE) VALUES('CPD004','In credit party derivation the derived party type is not SELF','Error','High','User',NULL,NULL,NULL,NULL,'REPAIR','ISSUE','PAYMENT',(SELECT max(CAST(INCIDENCEDEFINITION_PK AS INTEGER)) + 1 AS INCIDENCEDEFINITION_PK FROM INCIDENCEDEFINITION),'All','All','ACTIVE',TO_DATE('2017-04-25', 'YYYY-MM-DD'),NULL);
INSERT INTO INCIDENCEDEFINITION (INCIDENCECODE,DESCRIPTION,INCIDENCERESOLUTION,SEVERITY,INCIDENCEORIGIN,CANCLIENTSETPREFERENCE,OPSSEVERITYPREFERENCE,CLIENTSEVERITYPREFERENCE,REPAIRANDMANUALINPUT,PROCESSSTATUS,INCIDENCETYPE,WORKFLOWCODE,INCIDENCEDEFINITION_PK,PROCESSNAME,PARTYSERVICEASSOCIATIONCODE,STATUS,EFFECTIVEFROMDATE,EFFECTIVETILLDATE) VALUES('DPD011','Invalid task configuration done for Debit party derivation','Error','High','User',NULL,NULL,NULL,NULL,'REPAIR','ISSUE','PAYMENT',(SELECT max(CAST(INCIDENCEDEFINITION_PK AS INTEGER)) + 1 AS INCIDENCEDEFINITION_PK FROM INCIDENCEDEFINITION),'All','All','ACTIVE',TO_DATE('2017-04-25', 'YYYY-MM-DD'),NULL);
INSERT INTO INCIDENCEDEFINITION (INCIDENCECODE,DESCRIPTION,INCIDENCERESOLUTION,SEVERITY,INCIDENCEORIGIN,CANCLIENTSETPREFERENCE,OPSSEVERITYPREFERENCE,CLIENTSEVERITYPREFERENCE,REPAIRANDMANUALINPUT,PROCESSSTATUS,INCIDENCETYPE,WORKFLOWCODE,INCIDENCEDEFINITION_PK,PROCESSNAME,PARTYSERVICEASSOCIATIONCODE,STATUS,EFFECTIVEFROMDATE,EFFECTIVETILLDATE) VALUES('LQC001','Liquidity control business failure','Error','High','User',NULL,NULL,NULL,NULL,'REPAIR','ISSUE','PAYMENT',(SELECT max(CAST(INCIDENCEDEFINITION_PK AS INTEGER)) + 1 AS INCIDENCEDEFINITION_PK FROM INCIDENCEDEFINITION),'All','All','ACTIVE',TO_DATE('2017-04-25', 'YYYY-MM-DD'),NULL);
INSERT INTO INCIDENCEDEFINITION (INCIDENCECODE,DESCRIPTION,INCIDENCERESOLUTION,SEVERITY,INCIDENCEORIGIN,CANCLIENTSETPREFERENCE,OPSSEVERITYPREFERENCE,CLIENTSEVERITYPREFERENCE,REPAIRANDMANUALINPUT,PROCESSSTATUS,INCIDENCETYPE,WORKFLOWCODE,INCIDENCEDEFINITION_PK,PROCESSNAME,PARTYSERVICEASSOCIATIONCODE,STATUS,EFFECTIVEFROMDATE,EFFECTIVETILLDATE) VALUES('LQC002','Liquidity control unknown status','Error','High','User',NULL,NULL,NULL,NULL,'REPAIR','ISSUE','PAYMENT',(SELECT max(CAST(INCIDENCEDEFINITION_PK AS INTEGER)) + 1 AS INCIDENCEDEFINITION_PK FROM INCIDENCEDEFINITION),'All','All','ACTIVE',TO_DATE('2017-04-25', 'YYYY-MM-DD'),NULL);
INSERT INTO INCIDENCEDEFINITION (INCIDENCECODE,DESCRIPTION,INCIDENCERESOLUTION,SEVERITY,INCIDENCEORIGIN,CANCLIENTSETPREFERENCE,OPSSEVERITYPREFERENCE,CLIENTSEVERITYPREFERENCE,REPAIRANDMANUALINPUT,PROCESSSTATUS,INCIDENCETYPE,WORKFLOWCODE,INCIDENCEDEFINITION_PK,PROCESSNAME,PARTYSERVICEASSOCIATIONCODE,STATUS,EFFECTIVEFROMDATE,EFFECTIVETILLDATE) VALUES('FUND001','Funds control business failure','Error','High','User',NULL,NULL,NULL,NULL,'REPAIR','ISSUE','PAYMENT',(SELECT max(CAST(INCIDENCEDEFINITION_PK AS INTEGER)) + 1 AS INCIDENCEDEFINITION_PK FROM INCIDENCEDEFINITION),'All','All','ACTIVE',TO_DATE('2017-04-25', 'YYYY-MM-DD'),NULL);
INSERT INTO INCIDENCEDEFINITION (INCIDENCECODE,DESCRIPTION,INCIDENCERESOLUTION,SEVERITY,INCIDENCEORIGIN,CANCLIENTSETPREFERENCE,OPSSEVERITYPREFERENCE,CLIENTSEVERITYPREFERENCE,REPAIRANDMANUALINPUT,PROCESSSTATUS,INCIDENCETYPE,WORKFLOWCODE,INCIDENCEDEFINITION_PK,PROCESSNAME,PARTYSERVICEASSOCIATIONCODE,STATUS,EFFECTIVEFROMDATE,EFFECTIVETILLDATE) VALUES('FUND002','Funds control unknown status','Error','High','User',NULL,NULL,NULL,NULL,'REPAIR','ISSUE','PAYMENT',(SELECT max(CAST(INCIDENCEDEFINITION_PK AS INTEGER)) + 1 AS INCIDENCEDEFINITION_PK FROM INCIDENCEDEFINITION),'All','All','ACTIVE',TO_DATE('2017-04-25', 'YYYY-MM-DD'),NULL);

UPDATE BUSINESSFUNCTIONWORKFLOW SET TASKCONFIG = '<TaskConfig><Configs><Name>TXNHANDLINGSTATUS</Name><Value>AMND,RJCT</Value></Configs><Configs><Name>PCDUPDATESTATUS</Name><Value>ACCP,DELV,PROC,CMPL,RETN,RJCT,PEND,PACP,PCMP</Value></Configs></TaskConfig>'	 WHERE FUNCTIONCODE = 'ValidateAndDebulkResponses';

INSERT INTO INCIDENCEMASTER(INCIDENCECODE, WORKFLOWCODE, ALLOWEDPROCESSSTATUS, ALLOWSTP) VALUES('LOGPMNTDUPLICATE', 'PAYMENT', 'LOG', 1);
INSERT INTO INCIDENCEMASTER(INCIDENCECODE, WORKFLOWCODE, ALLOWEDPROCESSSTATUS, ALLOWSTP) VALUES('LOGINSTRDUPLICATE', 'INSTRUCTION', 'LOG', 1);

INSERT INTO INCIDENCEDEFINITION(INCIDENCECODE, DESCRIPTION, INCIDENCERESOLUTION, SEVERITY, INCIDENCEORIGIN, CANCLIENTSETPREFERENCE, OPSSEVERITYPREFERENCE, CLIENTSEVERITYPREFERENCE, REPAIRANDMANUALINPUT, PROCESSSTATUS, INCIDENCETYPE, WORKFLOWCODE, INCIDENCEDEFINITION_PK, PROCESSNAME, PARTYSERVICEASSOCIATIONCODE, STATUS, EFFECTIVEFROMDATE, EFFECTIVETILLDATE) VALUES('LOGINSTRDUPLICATE', 'File duplicated by ${fileIds}', NULL, 'HIGH', NULL, NULL, NULL, NULL, NULL, 'LOG', 'ISSUE', 'INSTRUCTION', (SELECT max(CAST(INCIDENCEDEFINITION_PK AS INTEGER)) + 1 AS INCIDENCEDEFINITION_PK FROM INCIDENCEDEFINITION), 'All', 'All', 'ACTIVE', TO_DATE('2017-04-25', 'YYYY-MM-DD'), NULL);
INSERT INTO INCIDENCEDEFINITION(INCIDENCECODE, DESCRIPTION, INCIDENCERESOLUTION, SEVERITY, INCIDENCEORIGIN, CANCLIENTSETPREFERENCE, OPSSEVERITYPREFERENCE, CLIENTSEVERITYPREFERENCE, REPAIRANDMANUALINPUT, PROCESSSTATUS, INCIDENCETYPE, WORKFLOWCODE, INCIDENCEDEFINITION_PK, PROCESSNAME, PARTYSERVICEASSOCIATIONCODE, STATUS, EFFECTIVEFROMDATE, EFFECTIVETILLDATE) VALUES('LOGPMNTDUPLICATE', 'Duplicate Payment:  ${paymentIds}', NULL, 'HIGH', NULL, NULL, NULL, NULL, NULL, 'LOG', 'ISSUE', 'PAYMENT', (SELECT max(CAST(INCIDENCEDEFINITION_PK AS INTEGER)) + 1 AS INCIDENCEDEFINITION_PK FROM INCIDENCEDEFINITION), 'All', 'All', 'ACTIVE', TO_DATE('2017-04-25', 'YYYY-MM-DD'), NULL);

DELETE FROM RESTRESOURCES WHERE "PATH" = '/v2/users/profile' AND METHOD = 'PUT';
DELETE FROM RESTRESOURCES WHERE "PATH" = '/v2/users/profile/delete' AND METHOD = 'POST';
DELETE FROM RESTRESOURCES WHERE "PATH" = '/v2/users/password' AND METHOD = 'PUT';
DELETE FROM RESTRESOURCES WHERE "PATH" = '/v2/users/reset' AND METHOD = 'POST';
DELETE FROM RESTRESOURCES WHERE "PATH" = '/v2/users/otp/validate' AND METHOD = 'POST';
DELETE FROM RESTRESOURCES WHERE "PATH" = '/v2/users/password/reset' AND METHOD = 'POST';
DELETE FROM RESTRESOURCES WHERE "PATH" = '/v2/users/profile' AND METHOD = 'POST';
DELETE FROM RESTRESOURCES WHERE "PATH" = '/v2/users/logout' AND METHOD = 'POST';
DELETE FROM RESTRESOURCES WHERE "PATH" = '/v2/users/profile/readall' AND METHOD = 'POST';
DELETE FROM RESTRESOURCES WHERE "PATH" = '/v2/users/me' AND METHOD = 'GET';
DELETE FROM RESTRESOURCES WHERE "PATH" = '/v2/users/login' AND METHOD = 'POST';

DELETE FROM RESTRESOURCES WHERE "PATH" = '/v2/manualpaymentinitiationtemplate/readall' AND METHOD = 'POST';
DELETE FROM RESTRESOURCES WHERE "PATH" = '/v2/manualpaymentinitiationtemplate' AND METHOD = 'POST';
DELETE FROM RESTRESOURCES WHERE "PATH" = '/v2/manualpaymentinitiationtemplate' AND METHOD = 'PUT';
DELETE FROM RESTRESOURCES WHERE "PATH" = '/v2/manualpaymentinitiationtemplate/delete' AND METHOD = 'POST';
DELETE FROM RESTRESOURCES WHERE "PATH" = '/v2/manualpaymentinitiationtemplate/read' AND METHOD = 'POST';

DELETE FROM ATTRIBUTEMASTER WHERE ATTRIBUTEID IN ('071002', '071003', '071004', '071005', '003003', '003004', '003005', '003006', '003007', '003008', '003010', '003012', '003013', '003014', '003015', '003016', '003021', '003023', '003024', '003025', '003026', '003027', '003028', '003029', '003030', '003031', '003032', '003033', '003034', '003035', '003036', '003037', '003038', '003039', '003040', '003041', '003042', '003043', '003044', '003045', '003046', '003047', '003048', '003049', '003050', '003051', '003052', '003053', '003054', '003055', '003056', '003057', '003058', '003059', '003060', '003061', '003062', '003063', '003064', '003065', '003066', '003067', '003068', '003069', '003070', '003071', '003072', '003073', '003074', '003075', '003076', '003077', '003078', '003079', '003080', '003081', '003082', '003083', '003084', '003085', '003086', '003087', '003088', '003089', '003090', '003091', '003092', '003093', '003094', '003095', '003096', '003097', '003098', '003099', '003100', '003101', '003102', '003103', '003104', '003105', '003106', '003107', '003108', '003109', '003110', '003111', '003112', '003113', '003113', '003114', '003115', '003116', '003117', '003118', '003119', '003120', '003121', '003122', '003123', '003124', '003125', '003126', '003127', '003128', '003129', '003130', '003131', '003132', '003133', '003134', '003135', '003136', '003137', '003139', '003140', '003141', '003142', '003143', '003144', '003145', '003146', '003147', '003148', '003149', '003150', '003151', '003152', '003153', '003154');
DELETE FROM ROLERESOURCEPERMISSION WHERE RESOURCEID IN ('071', '072');

DELETE FROM RESOURCEMASTER WHERE RESOURCEID IN ('071', '072');
INSERT INTO RESOURCEMASTER(RESOURCEID, RESOURCENAME, RESOURCEGROUPNAME) VALUES('071', 'Manual Payment Initiation', 'Utility');
INSERT INTO RESOURCEMASTER(RESOURCEID, RESOURCENAME, RESOURCEGROUPNAME) VALUES('072', 'User Profile', 'Utility');

INSERT INTO ROLERESOURCEPERMISSION(ROLEID, RESOURCEID, PERMISSION) VALUES('Super Admin', '071', 'A1');
INSERT INTO ROLERESOURCEPERMISSION(ROLEID, RESOURCEID, PERMISSION) VALUES('Super Admin', '071', 'C');
INSERT INTO ROLERESOURCEPERMISSION(ROLEID, RESOURCEID, PERMISSION) VALUES('Super Admin', '071', 'D');
INSERT INTO ROLERESOURCEPERMISSION(ROLEID, RESOURCEID, PERMISSION) VALUES('Super Admin', '071', 'R');
INSERT INTO ROLERESOURCEPERMISSION(ROLEID, RESOURCEID, PERMISSION) VALUES('Super Admin', '071', 'U');
INSERT INTO ROLERESOURCEPERMISSION(ROLEID, RESOURCEID, PERMISSION) VALUES('Super Admin', '072', 'C');
INSERT INTO ROLERESOURCEPERMISSION(ROLEID, RESOURCEID, PERMISSION) VALUES('Super Admin', '072', 'R');
INSERT INTO ROLERESOURCEPERMISSION(ROLEID, RESOURCEID, PERMISSION) VALUES('Super Admin', '072', 'U');
INSERT INTO ROLERESOURCEPERMISSION(ROLEID, RESOURCEID, PERMISSION) VALUES('Super Admin', '072', 'D');
INSERT INTO ROLERESOURCEPERMISSION(ROLEID, RESOURCEID, PERMISSION) VALUES('Super Admin', '072', 'A1');

INSERT INTO RESTRESOURCES(RESTRESOURCES_PK, "METHOD", APPLICATION, "PATH", RESOURCEID, OPERATION, DESCRIPTION) VALUES((SELECT max(CAST(RESTRESOURCES_PK AS INTEGER)) + 1 AS RESTRESOURCES_PK FROM RESTRESOURCES), 'PUT', 'VolPayHub', '/v2/users/profile', '072', 'U', 'API for updating profile data');
INSERT INTO RESTRESOURCES(RESTRESOURCES_PK, "METHOD", APPLICATION, "PATH", RESOURCEID, OPERATION, DESCRIPTION) VALUES((SELECT max(CAST(RESTRESOURCES_PK AS INTEGER)) + 1 AS RESTRESOURCES_PK FROM RESTRESOURCES), 'POST', 'VolPayHub', '/v2/users/profile/delete', '072', 'D', 'API for deleting profile data');
INSERT INTO RESTRESOURCES(RESTRESOURCES_PK, "METHOD", APPLICATION, "PATH", RESOURCEID, OPERATION, DESCRIPTION) VALUES((SELECT max(CAST(RESTRESOURCES_PK AS INTEGER)) + 1 AS RESTRESOURCES_PK FROM RESTRESOURCES), 'PUT', 'VolPayHub', '/v2/users/password', '072', 'U', 'API for changing the password');
INSERT INTO RESTRESOURCES(RESTRESOURCES_PK, "METHOD", APPLICATION, "PATH", RESOURCEID, OPERATION, DESCRIPTION) VALUES((SELECT max(CAST(RESTRESOURCES_PK AS INTEGER)) + 1 AS RESTRESOURCES_PK FROM RESTRESOURCES), 'POST', 'VolPayHub', '/v2/users/reset', '072', 'U', 'API for reset the forgotten password');
INSERT INTO RESTRESOURCES(RESTRESOURCES_PK, "METHOD", APPLICATION, "PATH", RESOURCEID, OPERATION, DESCRIPTION) VALUES((SELECT max(CAST(RESTRESOURCES_PK AS INTEGER)) + 1 AS RESTRESOURCES_PK FROM RESTRESOURCES), 'POST', 'VolPayHub', '/v2/users/otp/validate', '072', 'R', 'API for validating the user OTP');
INSERT INTO RESTRESOURCES(RESTRESOURCES_PK, "METHOD", APPLICATION, "PATH", RESOURCEID, OPERATION, DESCRIPTION) VALUES((SELECT max(CAST(RESTRESOURCES_PK AS INTEGER)) + 1 AS RESTRESOURCES_PK FROM RESTRESOURCES), 'POST', 'VolPayHub', '/v2/users/password/reset', '072', 'U', 'API for Resetting the profile password');
INSERT INTO RESTRESOURCES(RESTRESOURCES_PK, "METHOD", APPLICATION, "PATH", RESOURCEID, OPERATION, DESCRIPTION) VALUES((SELECT max(CAST(RESTRESOURCES_PK AS INTEGER)) + 1 AS RESTRESOURCES_PK FROM RESTRESOURCES), 'POST', 'VolPayHub', '/v2/users/profile', '072', 'C', 'API for creating profile data');
INSERT INTO RESTRESOURCES(RESTRESOURCES_PK, "METHOD", APPLICATION, "PATH", RESOURCEID, OPERATION, DESCRIPTION) VALUES((SELECT max(CAST(RESTRESOURCES_PK AS INTEGER)) + 1 AS RESTRESOURCES_PK FROM RESTRESOURCES), 'POST', 'VolPayHub', '/v2/users/logout', '072', 'R', 'API for logout from the current session');
INSERT INTO RESTRESOURCES(RESTRESOURCES_PK, "METHOD", APPLICATION, "PATH", RESOURCEID, OPERATION, DESCRIPTION) VALUES((SELECT max(CAST(RESTRESOURCES_PK AS INTEGER)) + 1 AS RESTRESOURCES_PK FROM RESTRESOURCES), 'POST', 'VolPayHub', '/v2/users/profile/readall', '072', 'R', 'API for reading profile data');
INSERT INTO RESTRESOURCES(RESTRESOURCES_PK, "METHOD", APPLICATION, "PATH", RESOURCEID, OPERATION, DESCRIPTION) VALUES((SELECT max(CAST(RESTRESOURCES_PK AS INTEGER)) + 1 AS RESTRESOURCES_PK FROM RESTRESOURCES), 'GET', 'VolPayHub', '/v2/users/me', '072', 'R', 'API for getting specific user information');
INSERT INTO RESTRESOURCES(RESTRESOURCES_PK, "METHOD", APPLICATION, "PATH", RESOURCEID, OPERATION, DESCRIPTION) VALUES((SELECT max(CAST(RESTRESOURCES_PK AS INTEGER)) + 1 AS RESTRESOURCES_PK FROM RESTRESOURCES), 'POST', 'VolPayHub', '/v2/users/login', '072', 'R', 'API for User Login. UserID & Password combinations are authenticated.');

DELETE FROM RESTRESOURCES WHERE "PATH" = '/v2/payments/inputoutputcorrelation/readall' AND METHOD = 'POST';
INSERT INTO RESTRESOURCES(RESTRESOURCES_PK, "METHOD", APPLICATION, "PATH", RESOURCEID, "OPERATION", DESCRIPTION) VALUES((SELECT max(CAST(RESTRESOURCES_PK AS INTEGER)) + 1 AS RESTRESOURCES_PK FROM RESTRESOURCES), 'POST', 'VolPayHub', '/v2/payments/inputoutputcorrelation/readall', '003', 'R', 'API for getting PaymentInputOutputCorrelation Details');

DELETE FROM RESTRESOURCES WHERE "PATH" = '/v2/payments/outputdata/readall' AND METHOD = 'POST';
INSERT INTO RESTRESOURCES(RESTRESOURCES_PK, "METHOD", APPLICATION, "PATH", RESOURCEID, "OPERATION", DESCRIPTION) VALUES((SELECT max(CAST(RESTRESOURCES_PK AS INTEGER)) + 1 AS RESTRESOURCES_PK FROM RESTRESOURCES), 'POST', 'VolPayHub', '/v2/payments/outputdata/readall', '003', 'R', 'API for getting PaymentOutputData Details');

DELETE FROM RESTRESOURCES WHERE "PATH" = '/v2/instructions/interaction/readall' AND METHOD = 'POST';
INSERT INTO RESTRESOURCES(RESTRESOURCES_PK, "METHOD", APPLICATION, "PATH", RESOURCEID, "OPERATION", DESCRIPTION) VALUES((SELECT max(CAST(RESTRESOURCES_PK AS INTEGER)) + 1 AS RESTRESOURCES_PK FROM RESTRESOURCES), 'POST', 'VolPayHub', '/v2/instructions/interaction/readall', '002', 'R', 'API for getting InstrBankInteraction Data  for a specific instruction');

INSERT INTO RESTRESOURCES(RESTRESOURCES_PK, "METHOD", APPLICATION, "PATH", RESOURCEID, "OPERATION", DESCRIPTION) VALUES((SELECT max(CAST(RESTRESOURCES_PK AS INTEGER)) + 1 AS RESTRESOURCES_PK FROM RESTRESOURCES), 'POST', 'VolPayHub', '/v2/manualpaymentinitiationtemplate/readall', '071', 'R', 'API for getting  ManualPaymentInitiationTemplate');

INSERT INTO RESTRESOURCES(RESTRESOURCES_PK, "METHOD", APPLICATION, "PATH", RESOURCEID, "OPERATION", DESCRIPTION) VALUES((SELECT max(CAST(RESTRESOURCES_PK AS INTEGER)) + 1 AS RESTRESOURCES_PK FROM RESTRESOURCES), 'POST', 'VolPayHub', '/v2/manualpaymentinitiationtemplate', '071', 'C', 'API for creating ManualPaymentInitiationTemplate');

INSERT INTO RESTRESOURCES(RESTRESOURCES_PK, "METHOD", APPLICATION, "PATH", RESOURCEID, "OPERATION", DESCRIPTION) VALUES((SELECT max(CAST(RESTRESOURCES_PK AS INTEGER)) + 1 AS RESTRESOURCES_PK FROM RESTRESOURCES), 'PUT', 'VolPayHub', '/v2/manualpaymentinitiationtemplate', '071', 'U', 'API for updating ManualPaymentInitiationTemplate');

INSERT INTO RESTRESOURCES(RESTRESOURCES_PK, "METHOD", APPLICATION, "PATH", RESOURCEID, "OPERATION", DESCRIPTION) VALUES((SELECT max(CAST(RESTRESOURCES_PK AS INTEGER)) + 1 AS RESTRESOURCES_PK FROM RESTRESOURCES), 'POST', 'VolPayHub', '/v2/manualpaymentinitiationtemplate/delete', '071', 'D', 'API for deleting ManualPaymentInitiationTemplate');

DELETE FROM RESTRESOURCES WHERE "PATH" = '/v2/instructions/communication/read' AND METHOD = 'POST';
INSERT INTO RESTRESOURCES(RESTRESOURCES_PK, "METHOD", APPLICATION, "PATH", RESOURCEID, "OPERATION", DESCRIPTION) VALUES((SELECT max(CAST(RESTRESOURCES_PK AS INTEGER)) + 1 AS RESTRESOURCES_PK FROM RESTRESOURCES), 'POST', 'VolPayHub', '/v2/instructions/communication/read', '002', 'R', 'API to getting the Input and Output information for a instruction');

DELETE FROM RESTRESOURCES WHERE "PATH" = '/v2/fxratechart/metainfo' AND METHOD = 'GET';
INSERT INTO RESTRESOURCES(RESTRESOURCES_PK, "METHOD", APPLICATION, "PATH", RESOURCEID, "OPERATION", DESCRIPTION) VALUES((SELECT max(CAST(RESTRESOURCES_PK AS INTEGER)) + 1 AS RESTRESOURCES_PK FROM RESTRESOURCES), 'GET', 'VolPayHub', '/v2/fxratechart/metainfo', '007', 'R', 'API for getting FXRateChart Meta Information');

DELETE FROM RESTRESOURCES WHERE "PATH" = '/v2/businessrules/metainfo' AND METHOD = 'GET';
INSERT INTO RESTRESOURCES(RESTRESOURCES_PK, "METHOD", APPLICATION, "PATH", RESOURCEID, "OPERATION", DESCRIPTION) VALUES((SELECT max(CAST(RESTRESOURCES_PK AS INTEGER)) + 1 AS RESTRESOURCES_PK FROM RESTRESOURCES), 'GET', 'VolPayHub', '/v2/businessrules/metainfo', '007', 'R', 'API for getting BusinessRules Meta Information');

DELETE FROM RESTRESOURCES WHERE "PATH" = '/v2/party/code/{partyCode}' AND METHOD = 'GET';
INSERT INTO RESTRESOURCES(RESTRESOURCES_PK, "METHOD", APPLICATION, "PATH", RESOURCEID, "OPERATION", DESCRIPTION) VALUES((SELECT max(CAST(RESTRESOURCES_PK AS INTEGER)) + 1 AS RESTRESOURCES_PK FROM RESTRESOURCES), 'GET', 'VolPayHub', '/v2/party/code/{partyCode}', '022', 'R', 'API For gettting PartyWithChild Partycode');

INSERT INTO RESTRESOURCES(RESTRESOURCES_PK, "METHOD", APPLICATION, "PATH", RESOURCEID, "OPERATION", DESCRIPTION) VALUES((SELECT max(CAST(RESTRESOURCES_PK AS INTEGER)) + 1 AS RESTRESOURCES_PK FROM RESTRESOURCES), 'POST', 'VolPayHub', '/v2/manualpaymentinitiationtemplate/read', '071', 'R', 'API for getting ManualPaymentInitiationTemplate');

DELETE FROM RESTRESOURCES WHERE "PATH" = '/v2/participant/code/{SchemeCode}/{SchemeParticipantIdentifer}' AND METHOD = 'GET';
INSERT INTO RESTRESOURCES(RESTRESOURCES_PK, "METHOD", APPLICATION, "PATH", RESOURCEID, "OPERATION", DESCRIPTION) VALUES((SELECT max(CAST(RESTRESOURCES_PK AS INTEGER)) + 1 AS RESTRESOURCES_PK FROM RESTRESOURCES), 'GET', 'VolPayHub', '/v2/participant/code/{SchemeCode}/{SchemeParticipantIdentifer}', '036', 'R', 'Api for getting participant id');

DELETE FROM RESTRESOURCES WHERE "PATH" = '/v2/processname/code' AND METHOD = 'GET';
INSERT INTO RESTRESOURCES(RESTRESOURCES_PK, "METHOD", APPLICATION, "PATH", RESOURCEID, "OPERATION", DESCRIPTION) VALUES((SELECT max(CAST(RESTRESOURCES_PK AS INTEGER)) + 1 AS RESTRESOURCES_PK FROM RESTRESOURCES), 'GET', 'VolPayHub', '/v2/processname/code', '023', 'R', 'API to get the Process Name');

DELETE FROM RESTRESOURCES WHERE "PATH" = '/v2/parties/suspend' AND METHOD = 'POST';
INSERT INTO RESTRESOURCES(RESTRESOURCES_PK, "METHOD", APPLICATION, "PATH", RESOURCEID, OPERATION, DESCRIPTION) VALUES((SELECT max(CAST(RESTRESOURCES_PK AS INTEGER)) + 1 AS RESTRESOURCES_PK FROM RESTRESOURCES), 'POST', 'VolPayHub', '/v2/parties/suspend', '022', 'U', 'API for suspending Party');

DELETE FROM RESTRESOURCES WHERE "PATH" = '/v2/parties/activate' AND METHOD = 'POST';
INSERT INTO RESTRESOURCES(RESTRESOURCES_PK, "METHOD", APPLICATION, "PATH", RESOURCEID, OPERATION, DESCRIPTION) VALUES((SELECT max(CAST(RESTRESOURCES_PK AS INTEGER)) + 1 AS RESTRESOURCES_PK FROM RESTRESOURCES), 'POST', 'VolPayHub', '/v2/parties/activate', '022', 'U', 'API for activating Party');

DELETE FROM RESTRESOURCES WHERE "PATH" = '/v2/methodofpayments/suspend' AND METHOD = 'POST';
INSERT INTO RESTRESOURCES(RESTRESOURCES_PK, "METHOD", APPLICATION, "PATH", RESOURCEID, OPERATION, DESCRIPTION) VALUES((SELECT max(CAST(RESTRESOURCES_PK AS INTEGER)) + 1 AS RESTRESOURCES_PK FROM RESTRESOURCES), 'POST', 'VolPayHub', '/v2/methodofpayments/suspend', '014', 'U', 'API for suspending MOP');

DELETE FROM RESTRESOURCES WHERE "PATH" = '/v2/methodofpayments/activate' AND METHOD = 'POST';
INSERT INTO RESTRESOURCES(RESTRESOURCES_PK, "METHOD", APPLICATION, "PATH", RESOURCEID, OPERATION, DESCRIPTION) VALUES((SELECT max(CAST(RESTRESOURCES_PK AS INTEGER)) + 1 AS RESTRESOURCES_PK FROM RESTRESOURCES), 'POST', 'VolPayHub', '/v2/methodofpayments/activate', '014', 'U', 'API for activating MethodOfPayment');

DELETE FROM RESTRESOURCES WHERE "PATH" = '/v2/memberships/suspend' AND METHOD = 'POST';
INSERT INTO RESTRESOURCES(RESTRESOURCES_PK, "METHOD", APPLICATION, "PATH", RESOURCEID, OPERATION, DESCRIPTION) VALUES((SELECT max(CAST(RESTRESOURCES_PK AS INTEGER)) + 1 AS RESTRESOURCES_PK FROM RESTRESOURCES), 'POST', 'VolPayHub', '/v2/memberships/suspend', '036', 'U', 'API for suspending Membership');

DELETE FROM RESTRESOURCES WHERE "PATH" = '/v2/memberships/activate' AND METHOD = 'POST';
INSERT INTO RESTRESOURCES(RESTRESOURCES_PK, "METHOD", APPLICATION, "PATH", RESOURCEID, OPERATION, DESCRIPTION) VALUES((SELECT max(CAST(RESTRESOURCES_PK AS INTEGER)) + 1 AS RESTRESOURCES_PK FROM RESTRESOURCES), 'POST', 'VolPayHub', '/v2/memberships/activate', '036', 'U', 'API for activating Membership');

UPDATE VOLPAYIDCONFIGURATION SET PATTERN='VPE${UIR}${i}${ID}' WHERE IDCODE='VolPayDefault';

INSERT INTO INCIDENCEMASTER (INCIDENCECODE, WORKFLOWCODE, ALLOWEDPROCESSSTATUS, ALLOWSTP)  VALUES('OFAC01', 'PAYMENT', 'REPAIR',  1);
INSERT INTO INCIDENCEDEFINITION (INCIDENCECODE,DESCRIPTION,INCIDENCERESOLUTION,SEVERITY,INCIDENCEORIGIN,CANCLIENTSETPREFERENCE,OPSSEVERITYPREFERENCE,CLIENTSEVERITYPREFERENCE,REPAIRANDMANUALINPUT,PROCESSSTATUS,INCIDENCETYPE,WORKFLOWCODE,INCIDENCEDEFINITION_PK,PROCESSNAME,PARTYSERVICEASSOCIATIONCODE,STATUS,EFFECTIVEFROMDATE,EFFECTIVETILLDATE) VALUES('OFAC01','OFAC Check Failed','Error','High','User',NULL,NULL,NULL,NULL,'REPAIR','ISSUE','PAYMENT',(SELECT max(CAST(INCIDENCEDEFINITION_PK AS INTEGER)) + 1 AS INCIDENCEDEFINITION_PK FROM INCIDENCEDEFINITION),'All','All','ACTIVE',TO_DATE('2017-04-25', 'YYYY-MM-DD'),NULL);

INSERT INTO INCIDENCEMASTER (INCIDENCECODE, WORKFLOWCODE, ALLOWEDPROCESSSTATUS, ALLOWSTP)  VALUES('ACCT01', 'PAYMENT', 'REPAIR',  1);
INSERT INTO INCIDENCEDEFINITION (INCIDENCECODE,DESCRIPTION,INCIDENCERESOLUTION,SEVERITY,INCIDENCEORIGIN,CANCLIENTSETPREFERENCE,OPSSEVERITYPREFERENCE,CLIENTSEVERITYPREFERENCE,REPAIRANDMANUALINPUT,PROCESSSTATUS,INCIDENCETYPE,WORKFLOWCODE,INCIDENCEDEFINITION_PK,PROCESSNAME,PARTYSERVICEASSOCIATIONCODE,STATUS,EFFECTIVEFROMDATE,EFFECTIVETILLDATE) VALUES('ACCT01','Account Posting Interface call Failed Reason : ${msg}','Error','High','User',NULL,NULL,NULL,NULL,'REPAIR','ISSUE','PAYMENT',(SELECT max(CAST(INCIDENCEDEFINITION_PK AS INTEGER)) + 1 AS INCIDENCEDEFINITION_PK FROM INCIDENCEDEFINITION),'All','All','ACTIVE',TO_DATE('2017-04-25', 'YYYY-MM-DD'),NULL);

DELETE FROM VOLPAYIDCONFIGURATION WHERE IDCODE ='ServiceDefault';
INSERT INTO VOLPAYIDCONFIGURATION(IDCODE, PATTERN, MINLEN, MAXLEN, FIXLEN, FLOWNAME, ISDEFAULT)VALUES('ServiceDefault', '${sc}${yymmdd}${n}', 8, 25, 30, NULL, 1);

INSERT INTO ATTRIBUTEMASTER(RESOURCEID, ATTRIBUTEID, ATTRIBUTENAME, ATTRIBUTETYPE) VALUES('071','071002','TemplateName','String');
INSERT INTO ATTRIBUTEMASTER(RESOURCEID, ATTRIBUTEID, ATTRIBUTENAME, ATTRIBUTETYPE) VALUES('071','071003','Template','Binary');
INSERT INTO ATTRIBUTEMASTER(RESOURCEID, ATTRIBUTEID, ATTRIBUTENAME, ATTRIBUTETYPE) VALUES('071','071004','Creator','String');
INSERT INTO ATTRIBUTEMASTER(RESOURCEID, ATTRIBUTEID, ATTRIBUTENAME, ATTRIBUTETYPE) VALUES('071','071005','RolesAccessible','String');
INSERT INTO ATTRIBUTEMASTER(RESOURCEID, ATTRIBUTEID, ATTRIBUTENAME, ATTRIBUTETYPE) VALUES('003','003003','DepartmentCode','String');
INSERT INTO ATTRIBUTEMASTER(RESOURCEID, ATTRIBUTEID, ATTRIBUTENAME, ATTRIBUTETYPE) VALUES('003','003004','InstructionID','String');
INSERT INTO ATTRIBUTEMASTER(RESOURCEID, ATTRIBUTEID, ATTRIBUTENAME, ATTRIBUTETYPE) VALUES('003','003005','BatchID','String');
INSERT INTO ATTRIBUTEMASTER(RESOURCEID, ATTRIBUTEID, ATTRIBUTENAME, ATTRIBUTETYPE) VALUES('003','003006','PaymentID','String');
INSERT INTO ATTRIBUTEMASTER(RESOURCEID, ATTRIBUTEID, ATTRIBUTENAME, ATTRIBUTETYPE) VALUES('003','003007','DistributionID','String');
INSERT INTO ATTRIBUTEMASTER(RESOURCEID, ATTRIBUTEID, ATTRIBUTENAME, ATTRIBUTETYPE) VALUES('003','003008','ServiceID','String');
INSERT INTO ATTRIBUTEMASTER(RESOURCEID, ATTRIBUTEID, ATTRIBUTENAME, ATTRIBUTETYPE) VALUES('003','003010','InstructionType','String');
INSERT INTO ATTRIBUTEMASTER(RESOURCEID, ATTRIBUTEID, ATTRIBUTENAME, ATTRIBUTETYPE) VALUES('003','003012','MultiPaymentInstruction','Boolean');
INSERT INTO ATTRIBUTEMASTER(RESOURCEID, ATTRIBUTEID, ATTRIBUTENAME, ATTRIBUTETYPE) VALUES('003','003013','OriginalPaymentReference','String');
INSERT INTO ATTRIBUTEMASTER(RESOURCEID, ATTRIBUTEID, ATTRIBUTENAME, ATTRIBUTETYPE) VALUES('003','003014','OriginalBatchReference','String');
INSERT INTO ATTRIBUTEMASTER(RESOURCEID, ATTRIBUTEID, ATTRIBUTENAME, ATTRIBUTETYPE) VALUES('003','003015','OriginalFileReference','String');
INSERT INTO ATTRIBUTEMASTER(RESOURCEID, ATTRIBUTEID, ATTRIBUTENAME, ATTRIBUTETYPE) VALUES('003','003016','OriginalPaymentFunction','String');
INSERT INTO ATTRIBUTEMASTER(RESOURCEID, ATTRIBUTEID, ATTRIBUTENAME, ATTRIBUTETYPE) VALUES('003','003021','OriginalValueDate','DateOnly');
INSERT INTO ATTRIBUTEMASTER(RESOURCEID, ATTRIBUTEID, ATTRIBUTENAME, ATTRIBUTETYPE) VALUES('003','003023','ProductSupported','String');
INSERT INTO ATTRIBUTEMASTER(RESOURCEID, ATTRIBUTEID, ATTRIBUTENAME, ATTRIBUTETYPE) VALUES('003','003024','DebitPartyRole','String');
INSERT INTO ATTRIBUTEMASTER(RESOURCEID, ATTRIBUTEID, ATTRIBUTENAME, ATTRIBUTETYPE) VALUES('003','003025','D_Name','String');
INSERT INTO ATTRIBUTEMASTER(RESOURCEID, ATTRIBUTEID, ATTRIBUTENAME, ATTRIBUTETYPE) VALUES('003','003026','D_Address','String');
INSERT INTO ATTRIBUTEMASTER(RESOURCEID, ATTRIBUTEID, ATTRIBUTENAME, ATTRIBUTETYPE) VALUES('003','003027','D_Email','String');
INSERT INTO ATTRIBUTEMASTER(RESOURCEID, ATTRIBUTEID, ATTRIBUTENAME, ATTRIBUTETYPE) VALUES('003','003028','D_Phone','String');
INSERT INTO ATTRIBUTEMASTER(RESOURCEID, ATTRIBUTEID, ATTRIBUTENAME, ATTRIBUTETYPE) VALUES('003','003029','D_PartyID','String');
INSERT INTO ATTRIBUTEMASTER(RESOURCEID, ATTRIBUTEID, ATTRIBUTENAME, ATTRIBUTETYPE) VALUES('003','003030','D_BIC','String');
INSERT INTO ATTRIBUTEMASTER(RESOURCEID, ATTRIBUTEID, ATTRIBUTENAME, ATTRIBUTETYPE) VALUES('003','003031','D_ClearingSchemeID','String');
INSERT INTO ATTRIBUTEMASTER(RESOURCEID, ATTRIBUTEID, ATTRIBUTENAME, ATTRIBUTETYPE) VALUES('003','003032','D_SchemeCode','String');
INSERT INTO ATTRIBUTEMASTER(RESOURCEID, ATTRIBUTEID, ATTRIBUTENAME, ATTRIBUTETYPE) VALUES('003','003033','D_Account','String');
INSERT INTO ATTRIBUTEMASTER(RESOURCEID, ATTRIBUTEID, ATTRIBUTENAME, ATTRIBUTETYPE) VALUES('003','003034','D_AccountType','String');
INSERT INTO ATTRIBUTEMASTER(RESOURCEID, ATTRIBUTEID, ATTRIBUTENAME, ATTRIBUTETYPE) VALUES('003','003035','DA_Name','String');
INSERT INTO ATTRIBUTEMASTER(RESOURCEID, ATTRIBUTEID, ATTRIBUTENAME, ATTRIBUTETYPE) VALUES('003','003036','DA_Address','String');
INSERT INTO ATTRIBUTEMASTER(RESOURCEID, ATTRIBUTEID, ATTRIBUTENAME, ATTRIBUTETYPE) VALUES('003','003037','DA_Email','String');
INSERT INTO ATTRIBUTEMASTER(RESOURCEID, ATTRIBUTEID, ATTRIBUTENAME, ATTRIBUTETYPE) VALUES('003','003038','DA_Phone','String');
INSERT INTO ATTRIBUTEMASTER(RESOURCEID, ATTRIBUTEID, ATTRIBUTENAME, ATTRIBUTETYPE) VALUES('003','003039','DA_PartyID','String');
INSERT INTO ATTRIBUTEMASTER(RESOURCEID, ATTRIBUTEID, ATTRIBUTENAME, ATTRIBUTETYPE) VALUES('003','003040','DA_BIC','String');
INSERT INTO ATTRIBUTEMASTER(RESOURCEID, ATTRIBUTEID, ATTRIBUTENAME, ATTRIBUTETYPE) VALUES('003','003041','DA_ClearingSchemeID','String');
INSERT INTO ATTRIBUTEMASTER(RESOURCEID, ATTRIBUTEID, ATTRIBUTENAME, ATTRIBUTETYPE) VALUES('003','003042','DA_SchemeCode','String');
INSERT INTO ATTRIBUTEMASTER(RESOURCEID, ATTRIBUTEID, ATTRIBUTENAME, ATTRIBUTETYPE) VALUES('003','003043','DA_Account','String');
INSERT INTO ATTRIBUTEMASTER(RESOURCEID, ATTRIBUTEID, ATTRIBUTENAME, ATTRIBUTETYPE) VALUES('003','003044','DA_AccountType','String');
INSERT INTO ATTRIBUTEMASTER(RESOURCEID, ATTRIBUTEID, ATTRIBUTENAME, ATTRIBUTETYPE) VALUES('003','003045','IRA_Name','String');
INSERT INTO ATTRIBUTEMASTER(RESOURCEID, ATTRIBUTEID, ATTRIBUTENAME, ATTRIBUTETYPE) VALUES('003','003046','IRA_Address','String');
INSERT INTO ATTRIBUTEMASTER(RESOURCEID, ATTRIBUTEID, ATTRIBUTENAME, ATTRIBUTETYPE) VALUES('003','003047','IRA_Email','String');
INSERT INTO ATTRIBUTEMASTER(RESOURCEID, ATTRIBUTEID, ATTRIBUTENAME, ATTRIBUTETYPE) VALUES('003','003048','IRA_Phone','String');
INSERT INTO ATTRIBUTEMASTER(RESOURCEID, ATTRIBUTEID, ATTRIBUTENAME, ATTRIBUTETYPE) VALUES('003','003049','IRA_PartyID','String');
INSERT INTO ATTRIBUTEMASTER(RESOURCEID, ATTRIBUTEID, ATTRIBUTENAME, ATTRIBUTETYPE) VALUES('003','003050','IRA_BIC','String');
INSERT INTO ATTRIBUTEMASTER(RESOURCEID, ATTRIBUTEID, ATTRIBUTENAME, ATTRIBUTETYPE) VALUES('003','003051','IRA_ClearingSchemeID','String');
INSERT INTO ATTRIBUTEMASTER(RESOURCEID, ATTRIBUTEID, ATTRIBUTENAME, ATTRIBUTETYPE) VALUES('003','003052','IRA_SchemeCode','String');
INSERT INTO ATTRIBUTEMASTER(RESOURCEID, ATTRIBUTEID, ATTRIBUTENAME, ATTRIBUTETYPE) VALUES('003','003053','IRA_Account','String');
INSERT INTO ATTRIBUTEMASTER(RESOURCEID, ATTRIBUTEID, ATTRIBUTENAME, ATTRIBUTETYPE) VALUES('003','003054','IRA_AccountType','String');
INSERT INTO ATTRIBUTEMASTER(RESOURCEID, ATTRIBUTEID, ATTRIBUTENAME, ATTRIBUTETYPE) VALUES('003','003055','S_Name','String');
INSERT INTO ATTRIBUTEMASTER(RESOURCEID, ATTRIBUTEID, ATTRIBUTENAME, ATTRIBUTETYPE) VALUES('003','003056','S_Address','String');
INSERT INTO ATTRIBUTEMASTER(RESOURCEID, ATTRIBUTEID, ATTRIBUTENAME, ATTRIBUTETYPE) VALUES('003','003057','S_Email','String');
INSERT INTO ATTRIBUTEMASTER(RESOURCEID, ATTRIBUTEID, ATTRIBUTENAME, ATTRIBUTETYPE) VALUES('003','003058','S_Phone','String');
INSERT INTO ATTRIBUTEMASTER(RESOURCEID, ATTRIBUTEID, ATTRIBUTENAME, ATTRIBUTETYPE) VALUES('003','003059','S_PartyID','String');
INSERT INTO ATTRIBUTEMASTER(RESOURCEID, ATTRIBUTEID, ATTRIBUTENAME, ATTRIBUTETYPE) VALUES('003','003060','S_BIC','String');
INSERT INTO ATTRIBUTEMASTER(RESOURCEID, ATTRIBUTEID, ATTRIBUTENAME, ATTRIBUTETYPE) VALUES('003','003061','S_ClearingSchemeID','String');
INSERT INTO ATTRIBUTEMASTER(RESOURCEID, ATTRIBUTEID, ATTRIBUTENAME, ATTRIBUTETYPE) VALUES('003','003062','S_SchemeCode','String');
INSERT INTO ATTRIBUTEMASTER(RESOURCEID, ATTRIBUTEID, ATTRIBUTENAME, ATTRIBUTETYPE) VALUES('003','003063','S_Account','String');
INSERT INTO ATTRIBUTEMASTER(RESOURCEID, ATTRIBUTEID, ATTRIBUTENAME, ATTRIBUTETYPE) VALUES('003','003064','S_AccountType','String');
INSERT INTO ATTRIBUTEMASTER(RESOURCEID, ATTRIBUTEID, ATTRIBUTENAME, ATTRIBUTETYPE) VALUES('003','003065','CreditPartyRole','String');
INSERT INTO ATTRIBUTEMASTER(RESOURCEID, ATTRIBUTEID, ATTRIBUTENAME, ATTRIBUTETYPE) VALUES('003','003066','C_Name','String');
INSERT INTO ATTRIBUTEMASTER(RESOURCEID, ATTRIBUTEID, ATTRIBUTENAME, ATTRIBUTETYPE) VALUES('003','003067','C_Address','String');
INSERT INTO ATTRIBUTEMASTER(RESOURCEID, ATTRIBUTEID, ATTRIBUTENAME, ATTRIBUTETYPE) VALUES('003','003068','C_Email','String');
INSERT INTO ATTRIBUTEMASTER(RESOURCEID, ATTRIBUTEID, ATTRIBUTENAME, ATTRIBUTETYPE) VALUES('003','003069','C_Phone','String');
INSERT INTO ATTRIBUTEMASTER(RESOURCEID, ATTRIBUTEID, ATTRIBUTENAME, ATTRIBUTETYPE) VALUES('003','003070','C_PartyID','String');
INSERT INTO ATTRIBUTEMASTER(RESOURCEID, ATTRIBUTEID, ATTRIBUTENAME, ATTRIBUTETYPE) VALUES('003','003071','C_BIC','String');
INSERT INTO ATTRIBUTEMASTER(RESOURCEID, ATTRIBUTEID, ATTRIBUTENAME, ATTRIBUTETYPE) VALUES('003','003072','C_ClearingSchemeID','String');
INSERT INTO ATTRIBUTEMASTER(RESOURCEID, ATTRIBUTEID, ATTRIBUTENAME, ATTRIBUTETYPE) VALUES('003','003073','C_SchemeCode','String');
INSERT INTO ATTRIBUTEMASTER(RESOURCEID, ATTRIBUTEID, ATTRIBUTENAME, ATTRIBUTETYPE) VALUES('003','003074','C_Account','String');
INSERT INTO ATTRIBUTEMASTER(RESOURCEID, ATTRIBUTEID, ATTRIBUTENAME, ATTRIBUTETYPE) VALUES('003','003075','C_AccountType','String');
INSERT INTO ATTRIBUTEMASTER(RESOURCEID, ATTRIBUTEID, ATTRIBUTENAME, ATTRIBUTETYPE) VALUES('003','003076','CA_Name','String');
INSERT INTO ATTRIBUTEMASTER(RESOURCEID, ATTRIBUTEID, ATTRIBUTENAME, ATTRIBUTETYPE) VALUES('003','003077','CA_Address','String');
INSERT INTO ATTRIBUTEMASTER(RESOURCEID, ATTRIBUTEID, ATTRIBUTENAME, ATTRIBUTETYPE) VALUES('003','003078','CA_Email','String');
INSERT INTO ATTRIBUTEMASTER(RESOURCEID, ATTRIBUTEID, ATTRIBUTENAME, ATTRIBUTETYPE) VALUES('003','003079','CA_Phone','String');
INSERT INTO ATTRIBUTEMASTER(RESOURCEID, ATTRIBUTEID, ATTRIBUTENAME, ATTRIBUTETYPE) VALUES('003','003080','CA_PartyID','String');
INSERT INTO ATTRIBUTEMASTER(RESOURCEID, ATTRIBUTEID, ATTRIBUTENAME, ATTRIBUTETYPE) VALUES('003','003081','CA_BIC','String');
INSERT INTO ATTRIBUTEMASTER(RESOURCEID, ATTRIBUTEID, ATTRIBUTENAME, ATTRIBUTETYPE) VALUES('003','003082','CA_ClearingSchemeID','String');
INSERT INTO ATTRIBUTEMASTER(RESOURCEID, ATTRIBUTEID, ATTRIBUTENAME, ATTRIBUTETYPE) VALUES('003','003083','CA_SchemeCode','String');
INSERT INTO ATTRIBUTEMASTER(RESOURCEID, ATTRIBUTEID, ATTRIBUTENAME, ATTRIBUTETYPE) VALUES('003','003084','CA_Account','String');
INSERT INTO ATTRIBUTEMASTER(RESOURCEID, ATTRIBUTEID, ATTRIBUTENAME, ATTRIBUTETYPE) VALUES('003','003085','CA_AccountType','String');
INSERT INTO ATTRIBUTEMASTER(RESOURCEID, ATTRIBUTEID, ATTRIBUTENAME, ATTRIBUTETYPE) VALUES('003','003086','IA1_Name','String');
INSERT INTO ATTRIBUTEMASTER(RESOURCEID, ATTRIBUTEID, ATTRIBUTENAME, ATTRIBUTETYPE) VALUES('003','003087','IA1_Address','String');
INSERT INTO ATTRIBUTEMASTER(RESOURCEID, ATTRIBUTEID, ATTRIBUTENAME, ATTRIBUTETYPE) VALUES('003','003088','IA1_Email','String');
INSERT INTO ATTRIBUTEMASTER(RESOURCEID, ATTRIBUTEID, ATTRIBUTENAME, ATTRIBUTETYPE) VALUES('003','003089','IA1_Phone','String');
INSERT INTO ATTRIBUTEMASTER(RESOURCEID, ATTRIBUTEID, ATTRIBUTENAME, ATTRIBUTETYPE) VALUES('003','003090','IA1_PartyID','String');
INSERT INTO ATTRIBUTEMASTER(RESOURCEID, ATTRIBUTEID, ATTRIBUTENAME, ATTRIBUTETYPE) VALUES('003','003091','IA1_BIC','String');
INSERT INTO ATTRIBUTEMASTER(RESOURCEID, ATTRIBUTEID, ATTRIBUTENAME, ATTRIBUTETYPE) VALUES('003','003092','IA1_ClearingSchemeID','String');
INSERT INTO ATTRIBUTEMASTER(RESOURCEID, ATTRIBUTEID, ATTRIBUTENAME, ATTRIBUTETYPE) VALUES('003','003093','IA1_SchemeCode','String');
INSERT INTO ATTRIBUTEMASTER(RESOURCEID, ATTRIBUTEID, ATTRIBUTENAME, ATTRIBUTETYPE) VALUES('003','003094','IA1_Account','String');
INSERT INTO ATTRIBUTEMASTER(RESOURCEID, ATTRIBUTEID, ATTRIBUTENAME, ATTRIBUTETYPE) VALUES('003','003095','IA1_AccountType','String');
INSERT INTO ATTRIBUTEMASTER(RESOURCEID, ATTRIBUTEID, ATTRIBUTENAME, ATTRIBUTETYPE) VALUES('003','003096','IA2_Name','String');
INSERT INTO ATTRIBUTEMASTER(RESOURCEID, ATTRIBUTEID, ATTRIBUTENAME, ATTRIBUTETYPE) VALUES('003','003097','IA2_Address','String');
INSERT INTO ATTRIBUTEMASTER(RESOURCEID, ATTRIBUTEID, ATTRIBUTENAME, ATTRIBUTETYPE) VALUES('003','003098','IA2_Email','String');
INSERT INTO ATTRIBUTEMASTER(RESOURCEID, ATTRIBUTEID, ATTRIBUTENAME, ATTRIBUTETYPE) VALUES('003','003099','IA2_Phone','String');
INSERT INTO ATTRIBUTEMASTER(RESOURCEID, ATTRIBUTEID, ATTRIBUTENAME, ATTRIBUTETYPE) VALUES('003','003100','IA2_PartyID','String');
INSERT INTO ATTRIBUTEMASTER(RESOURCEID, ATTRIBUTEID, ATTRIBUTENAME, ATTRIBUTETYPE) VALUES('003','003101','IA2_BIC','String');
INSERT INTO ATTRIBUTEMASTER(RESOURCEID, ATTRIBUTEID, ATTRIBUTENAME, ATTRIBUTETYPE) VALUES('003','003102','IA2_ClearingSchemeID','String');
INSERT INTO ATTRIBUTEMASTER(RESOURCEID, ATTRIBUTEID, ATTRIBUTENAME, ATTRIBUTETYPE) VALUES('003','003103','IA2_SchemeCode','String');
INSERT INTO ATTRIBUTEMASTER(RESOURCEID, ATTRIBUTEID, ATTRIBUTENAME, ATTRIBUTETYPE) VALUES('003','003104','IA2_Account','String');
INSERT INTO ATTRIBUTEMASTER(RESOURCEID, ATTRIBUTEID, ATTRIBUTENAME, ATTRIBUTETYPE) VALUES('003','003105','IA2_AccountType','String');
INSERT INTO ATTRIBUTEMASTER(RESOURCEID, ATTRIBUTEID, ATTRIBUTENAME, ATTRIBUTETYPE) VALUES('003','003106','TRA_Name','String');
INSERT INTO ATTRIBUTEMASTER(RESOURCEID, ATTRIBUTEID, ATTRIBUTENAME, ATTRIBUTETYPE) VALUES('003','003107','TRA_Address','String');
INSERT INTO ATTRIBUTEMASTER(RESOURCEID, ATTRIBUTEID, ATTRIBUTENAME, ATTRIBUTETYPE) VALUES('003','003108','TRA_Email','String');
INSERT INTO ATTRIBUTEMASTER(RESOURCEID, ATTRIBUTEID, ATTRIBUTENAME, ATTRIBUTETYPE) VALUES('003','003109','TRA_Phone','String');
INSERT INTO ATTRIBUTEMASTER(RESOURCEID, ATTRIBUTEID, ATTRIBUTENAME, ATTRIBUTETYPE) VALUES('003','003110','TRA_PartyID','String');
INSERT INTO ATTRIBUTEMASTER(RESOURCEID, ATTRIBUTEID, ATTRIBUTENAME, ATTRIBUTETYPE) VALUES('003','003111','TRA_BIC','String');
INSERT INTO ATTRIBUTEMASTER(RESOURCEID, ATTRIBUTEID, ATTRIBUTENAME, ATTRIBUTETYPE) VALUES('003','003112','TRA_ClearingSchemeID','String');
INSERT INTO ATTRIBUTEMASTER(RESOURCEID, ATTRIBUTEID, ATTRIBUTENAME, ATTRIBUTETYPE) VALUES('003','003113','TRA_SchemeCode','String');
INSERT INTO ATTRIBUTEMASTER(RESOURCEID, ATTRIBUTEID, ATTRIBUTENAME, ATTRIBUTETYPE) VALUES('003','003114','TRA_Account','String');
INSERT INTO ATTRIBUTEMASTER(RESOURCEID, ATTRIBUTEID, ATTRIBUTENAME, ATTRIBUTETYPE) VALUES('003','003115','TRA_AccountType','String');
INSERT INTO ATTRIBUTEMASTER(RESOURCEID, ATTRIBUTEID, ATTRIBUTENAME, ATTRIBUTETYPE) VALUES('003','003116','RC_Name','String');
INSERT INTO ATTRIBUTEMASTER(RESOURCEID, ATTRIBUTEID, ATTRIBUTENAME, ATTRIBUTETYPE) VALUES('003','003117','RC_Address','String');
INSERT INTO ATTRIBUTEMASTER(RESOURCEID, ATTRIBUTEID, ATTRIBUTENAME, ATTRIBUTETYPE) VALUES('003','003118','RC_Email','String');
INSERT INTO ATTRIBUTEMASTER(RESOURCEID, ATTRIBUTEID, ATTRIBUTENAME, ATTRIBUTETYPE) VALUES('003','003119','RC_Phone','String');
INSERT INTO ATTRIBUTEMASTER(RESOURCEID, ATTRIBUTEID, ATTRIBUTENAME, ATTRIBUTETYPE) VALUES('003','003120','RC_PartyID','String');
INSERT INTO ATTRIBUTEMASTER(RESOURCEID, ATTRIBUTEID, ATTRIBUTENAME, ATTRIBUTETYPE) VALUES('003','003121','RC_BIC','String');
INSERT INTO ATTRIBUTEMASTER(RESOURCEID, ATTRIBUTEID, ATTRIBUTENAME, ATTRIBUTETYPE) VALUES('003','003122','RC_ClearingSchemeID','String');
INSERT INTO ATTRIBUTEMASTER(RESOURCEID, ATTRIBUTEID, ATTRIBUTENAME, ATTRIBUTETYPE) VALUES('003','003123','RC_SchemeCode','String');
INSERT INTO ATTRIBUTEMASTER(RESOURCEID, ATTRIBUTEID, ATTRIBUTENAME, ATTRIBUTETYPE) VALUES('003','003124','RC_Account','String');
INSERT INTO ATTRIBUTEMASTER(RESOURCEID, ATTRIBUTEID, ATTRIBUTENAME, ATTRIBUTETYPE) VALUES('003','003125','RC_AccountType','String');
INSERT INTO ATTRIBUTEMASTER(RESOURCEID, ATTRIBUTEID, ATTRIBUTENAME, ATTRIBUTETYPE) VALUES('003','003126','DebitAmount','BigDecimal');
INSERT INTO ATTRIBUTEMASTER(RESOURCEID, ATTRIBUTEID, ATTRIBUTENAME, ATTRIBUTETYPE) VALUES('003','003127','DebitCurrency','String');
INSERT INTO ATTRIBUTEMASTER(RESOURCEID, ATTRIBUTEID, ATTRIBUTENAME, ATTRIBUTETYPE) VALUES('003','003128','DebitValueDate','DateOnly');
INSERT INTO ATTRIBUTEMASTER(RESOURCEID, ATTRIBUTEID, ATTRIBUTENAME, ATTRIBUTETYPE) VALUES('003','003129','DebitFxRate','BigDecimal');
INSERT INTO ATTRIBUTEMASTER(RESOURCEID, ATTRIBUTEID, ATTRIBUTENAME, ATTRIBUTETYPE) VALUES('003','003130','DebitFxDealId','String');
INSERT INTO ATTRIBUTEMASTER(RESOURCEID, ATTRIBUTEID, ATTRIBUTENAME, ATTRIBUTETYPE) VALUES('003','003131','DebitFxTierId','String');
INSERT INTO ATTRIBUTEMASTER(RESOURCEID, ATTRIBUTEID, ATTRIBUTENAME, ATTRIBUTETYPE) VALUES('003','003132','CreditAmount','BigDecimal');
INSERT INTO ATTRIBUTEMASTER(RESOURCEID, ATTRIBUTEID, ATTRIBUTENAME, ATTRIBUTETYPE) VALUES('003','003133','CreditCurrency','String');
INSERT INTO ATTRIBUTEMASTER(RESOURCEID, ATTRIBUTEID, ATTRIBUTENAME, ATTRIBUTETYPE) VALUES('003','003134','CreditValueDate','DateOnly');
INSERT INTO ATTRIBUTEMASTER(RESOURCEID, ATTRIBUTEID, ATTRIBUTENAME, ATTRIBUTETYPE) VALUES('003','003135','CreditFxRate','BigDecimal');
INSERT INTO ATTRIBUTEMASTER(RESOURCEID, ATTRIBUTEID, ATTRIBUTENAME, ATTRIBUTETYPE) VALUES('003','003136','CreditFxDealId','String');
INSERT INTO ATTRIBUTEMASTER(RESOURCEID, ATTRIBUTEID, ATTRIBUTENAME, ATTRIBUTETYPE) VALUES('003','003137','CreditFxTierId','String');
INSERT INTO ATTRIBUTEMASTER(RESOURCEID, ATTRIBUTEID, ATTRIBUTENAME, ATTRIBUTETYPE) VALUES('003','003139','InstrForNxtAgt','String');
INSERT INTO ATTRIBUTEMASTER(RESOURCEID, ATTRIBUTEID, ATTRIBUTENAME, ATTRIBUTETYPE) VALUES('003','003140','RemittanceInformation','String');
INSERT INTO ATTRIBUTEMASTER(RESOURCEID, ATTRIBUTEID, ATTRIBUTENAME, ATTRIBUTETYPE) VALUES('003','003141','MethodOfPayment','String');
INSERT INTO ATTRIBUTEMASTER(RESOURCEID, ATTRIBUTEID, ATTRIBUTENAME, ATTRIBUTETYPE) VALUES('003','003142','DestinationMessageType','String');
INSERT INTO ATTRIBUTEMASTER(RESOURCEID, ATTRIBUTEID, ATTRIBUTENAME, ATTRIBUTETYPE) VALUES('003','003143','Status','String');
INSERT INTO ATTRIBUTEMASTER(RESOURCEID, ATTRIBUTEID, ATTRIBUTENAME, ATTRIBUTETYPE) VALUES('003','003144','ErrorFieldIDList','String');
INSERT INTO ATTRIBUTEMASTER(RESOURCEID, ATTRIBUTEID, ATTRIBUTENAME, ATTRIBUTETYPE) VALUES('003','003145','DetailedStatusInfo','String');
INSERT INTO ATTRIBUTEMASTER(RESOURCEID, ATTRIBUTEID, ATTRIBUTENAME, ATTRIBUTETYPE) VALUES('003','003146','Priority','String');
INSERT INTO ATTRIBUTEMASTER(RESOURCEID, ATTRIBUTEID, ATTRIBUTENAME, ATTRIBUTETYPE) VALUES('003','003147','Hash','String');
INSERT INTO ATTRIBUTEMASTER(RESOURCEID, ATTRIBUTEID, ATTRIBUTENAME, ATTRIBUTETYPE) VALUES('003','003148','RepairID','String');
INSERT INTO ATTRIBUTEMASTER(RESOURCEID, ATTRIBUTEID, ATTRIBUTENAME, ATTRIBUTETYPE) VALUES('003','003149','BatchIndex','Integer');
INSERT INTO ATTRIBUTEMASTER(RESOURCEID, ATTRIBUTEID, ATTRIBUTENAME, ATTRIBUTETYPE) VALUES('003','003150','PaymentIndex','Integer');
INSERT INTO ATTRIBUTEMASTER(RESOURCEID, ATTRIBUTEID, ATTRIBUTENAME, ATTRIBUTETYPE) VALUES('003','003151','TaskStatus','String');
INSERT INTO ATTRIBUTEMASTER(RESOURCEID, ATTRIBUTEID, ATTRIBUTENAME, ATTRIBUTETYPE) VALUES('003','003152','UnstructuredPaymentInfo','String');
INSERT INTO ATTRIBUTEMASTER(RESOURCEID, ATTRIBUTEID, ATTRIBUTENAME, ATTRIBUTETYPE) VALUES('003','003153','OutputInstructionID','String');
INSERT INTO ATTRIBUTEMASTER(RESOURCEID, ATTRIBUTEID, ATTRIBUTENAME, ATTRIBUTETYPE) VALUES('003','003154','OrigMsgSubFunction','String');

UPDATE SERVICECONFIG SET  MSGFORMAT= 'ISOPain013' WHERE MSGNAME = 'Pain013_RFP';
UPDATE BUSINESSFUNCTIONWORKFLOW SET TASKCONFIG = '<TaskConfig><Configs><Name>BNYMSwiftDPD</Name><Value>BNYMSWIFTDPDImpl</Value></Configs><Configs><Name>HANDLEUNDERLYINGCUSTOMER</Name><Value>FALSE</Value></Configs></TaskConfig>' WHERE FUNCTIONCODE = 'DebitPartyDerivation';

--For Patch Release (StatusDefinition Description updates and addition of new ResourceID)
DELETE FROM STATUSDEFINITION WHERE PROCESSSTATUS = 'ACQUIRED' AND WORKFLOWCODE = 'INSTRUCTION';
INSERT INTO STATUSDEFINITION(ALIASNAME, CLIENTALIASNAME, DESCRIPTION, USERCONTROL, PROCESSSTATUS, WORKFLOWCODE, STATUS, EFFECTIVEFROMDATE, EFFECTIVETILLDATE) VALUES('ACQUIRED', NULL, 'Acquired', NULL, 'ACQUIRED', 'INSTRUCTION', 'ACTIVE', TO_DATE('2017-01-01', 'YYYY-MM-DD'), NULL);

DELETE FROM STATUSDEFINITION WHERE PROCESSSTATUS = 'APPROVED' AND WORKFLOWCODE = 'PAYMENT';
INSERT INTO STATUSDEFINITION(ALIASNAME, CLIENTALIASNAME, DESCRIPTION, USERCONTROL, PROCESSSTATUS, WORKFLOWCODE, STATUS, EFFECTIVEFROMDATE, EFFECTIVETILLDATE) VALUES('APPROVED', NULL, 'Transaction Is Approved.', NULL, 'APPROVED', 'PAYMENT', 'ACTIVE', TO_DATE('2017-01-01', 'YYYY-MM-DD'), NULL);

DELETE FROM STATUSDEFINITION WHERE PROCESSSTATUS = 'BULKING_INPROGRESS' AND WORKFLOWCODE = 'PAYMENT';
INSERT INTO STATUSDEFINITION(ALIASNAME, CLIENTALIASNAME, DESCRIPTION, USERCONTROL, PROCESSSTATUS, WORKFLOWCODE, STATUS, EFFECTIVEFROMDATE, EFFECTIVETILLDATE) VALUES('BULKING_INPROGRESS', NULL, 'Payment Has Been Processed, But The Clearing House To Which This Payment Has To Be Sent Requires Bulk Payments. Another Process Will Collect And Bulk All The Payments In This State (And Other Grouping Parameters) That Are Scheduled For The Same Clearing House', NULL, 'BULKING_INPROGRESS', 'PAYMENT', 'ACTIVE', TO_DATE('2017-01-01', 'YYYY-MM-DD'), NULL);

DELETE FROM STATUSDEFINITION WHERE PROCESSSTATUS = 'COMPLETED' AND WORKFLOWCODE = 'INSTRUCTION';
INSERT INTO STATUSDEFINITION(ALIASNAME, CLIENTALIASNAME, DESCRIPTION, USERCONTROL, PROCESSSTATUS, WORKFLOWCODE, STATUS, EFFECTIVEFROMDATE, EFFECTIVETILLDATE) VALUES('COMPLETED', NULL, 'Completed', NULL, 'COMPLETED', 'INSTRUCTION', 'ACTIVE', TO_DATE('2017-01-01', 'YYYY-MM-DD'), NULL);

DELETE FROM STATUSDEFINITION WHERE PROCESSSTATUS = 'COMPLETED' AND WORKFLOWCODE = 'PAYMENT';
INSERT INTO STATUSDEFINITION(ALIASNAME, CLIENTALIASNAME, DESCRIPTION, USERCONTROL, PROCESSSTATUS, WORKFLOWCODE, STATUS, EFFECTIVEFROMDATE, EFFECTIVETILLDATE) VALUES('COMPLETED', NULL, 'The Transaction Is Completely Processed', NULL, 'COMPLETED', 'PAYMENT', 'ACTIVE', TO_DATE('2017-01-01', 'YYYY-MM-DD'), NULL);

DELETE FROM STATUSDEFINITION WHERE PROCESSSTATUS = 'DEBULKED' AND WORKFLOWCODE = 'INSTRUCTION';
INSERT INTO STATUSDEFINITION(ALIASNAME, CLIENTALIASNAME, DESCRIPTION, USERCONTROL, PROCESSSTATUS, WORKFLOWCODE, STATUS, EFFECTIVEFROMDATE, EFFECTIVETILLDATE) VALUES('DEBULKED', NULL, 'Debulked', NULL, 'DEBULKED', 'INSTRUCTION', 'ACTIVE', TO_DATE('2017-01-01', 'YYYY-MM-DD'), NULL);

DELETE FROM STATUSDEFINITION WHERE PROCESSSTATUS = 'DEBULKED' AND WORKFLOWCODE = 'PAYMENT';
INSERT INTO STATUSDEFINITION(ALIASNAME, CLIENTALIASNAME, DESCRIPTION, USERCONTROL, PROCESSSTATUS, WORKFLOWCODE, STATUS, EFFECTIVEFROMDATE, EFFECTIVETILLDATE) VALUES('DEBULKED', NULL, 'Debulked', NULL, 'DEBULKED', 'PAYMENT', 'ACTIVE', TO_DATE('2017-01-01', 'YYYY-MM-DD'), NULL);

DELETE FROM STATUSDEFINITION WHERE PROCESSSTATUS = 'DEBULKING' AND WORKFLOWCODE = 'INSTRUCTION';
INSERT INTO STATUSDEFINITION(ALIASNAME, CLIENTALIASNAME, DESCRIPTION, USERCONTROL, PROCESSSTATUS, WORKFLOWCODE, STATUS, EFFECTIVEFROMDATE, EFFECTIVETILLDATE) VALUES('DEBULKING', NULL, 'Debulking', NULL, 'DEBULKING', 'INSTRUCTION', 'ACTIVE', TO_DATE('2017-01-01', 'YYYY-MM-DD'), NULL);

DELETE FROM STATUSDEFINITION WHERE PROCESSSTATUS = 'DELETED' AND WORKFLOWCODE = 'PAYMENT';
INSERT INTO STATUSDEFINITION(ALIASNAME, CLIENTALIASNAME, DESCRIPTION, USERCONTROL, PROCESSSTATUS, WORKFLOWCODE, STATUS, EFFECTIVEFROMDATE, EFFECTIVETILLDATE) VALUES('DELETED', NULL, 'Deleted', NULL, 'DELETED', 'PAYMENT', 'ACTIVE', TO_DATE('2017-01-01', 'YYYY-MM-DD'), NULL);

DELETE FROM STATUSDEFINITION WHERE PROCESSSTATUS = 'DUPLICATE' AND WORKFLOWCODE = 'INSTRUCTION';
INSERT INTO STATUSDEFINITION(ALIASNAME, CLIENTALIASNAME, DESCRIPTION, USERCONTROL, PROCESSSTATUS, WORKFLOWCODE, STATUS, EFFECTIVEFROMDATE, EFFECTIVETILLDATE) VALUES('DUPLICATE', NULL, 'Duplicate', NULL, 'DUPLICATE', 'INSTRUCTION', 'ACTIVE', TO_DATE('2017-01-01', 'YYYY-MM-DD'), NULL);

DELETE FROM STATUSDEFINITION WHERE PROCESSSTATUS = 'DUPLICATE' AND WORKFLOWCODE = 'PAYMENT';
INSERT INTO STATUSDEFINITION(ALIASNAME, CLIENTALIASNAME, DESCRIPTION, USERCONTROL, PROCESSSTATUS, WORKFLOWCODE, STATUS, EFFECTIVEFROMDATE, EFFECTIVETILLDATE) VALUES('DUPLICATE', NULL, 'When The Transaction Is Duplicate With Earlier Processed Transactions', NULL, 'DUPLICATE', 'PAYMENT', 'ACTIVE', TO_DATE('2017-01-01', 'YYYY-MM-DD'), NULL);

DELETE FROM STATUSDEFINITION WHERE PROCESSSTATUS = 'FOR_BULKING' AND WORKFLOWCODE = 'PAYMENT';
INSERT INTO STATUSDEFINITION(ALIASNAME, CLIENTALIASNAME, DESCRIPTION, USERCONTROL, PROCESSSTATUS, WORKFLOWCODE, STATUS, EFFECTIVEFROMDATE, EFFECTIVETILLDATE) VALUES('FOR_BULKING', NULL, 'For Bulking', NULL, 'FOR_BULKING', 'PAYMENT', 'ACTIVE', TO_DATE('2017-01-01', 'YYYY-MM-DD'), NULL);

DELETE FROM STATUSDEFINITION WHERE PROCESSSTATUS = 'HOLD' AND WORKFLOWCODE = 'INSTRUCTION';
INSERT INTO STATUSDEFINITION(ALIASNAME, CLIENTALIASNAME, DESCRIPTION, USERCONTROL, PROCESSSTATUS, WORKFLOWCODE, STATUS, EFFECTIVEFROMDATE, EFFECTIVETILLDATE) VALUES('HOLD', NULL, 'Hold', NULL, 'HOLD', 'INSTRUCTION', 'ACTIVE', TO_DATE('2017-01-01', 'YYYY-MM-DD'), NULL);

DELETE FROM STATUSDEFINITION WHERE PROCESSSTATUS = 'HOLD' AND WORKFLOWCODE = 'PAYMENT';
INSERT INTO STATUSDEFINITION(ALIASNAME, CLIENTALIASNAME, DESCRIPTION, USERCONTROL, PROCESSSTATUS, WORKFLOWCODE, STATUS, EFFECTIVEFROMDATE, EFFECTIVETILLDATE) VALUES('HOLD', NULL, 'Hold', NULL, 'HOLD', 'PAYMENT', 'ACTIVE', TO_DATE('2017-01-01', 'YYYY-MM-DD'), NULL);

DELETE FROM STATUSDEFINITION WHERE PROCESSSTATUS = 'INVESTIGATION' AND WORKFLOWCODE = 'PAYMENT';
INSERT INTO STATUSDEFINITION(ALIASNAME, CLIENTALIASNAME, DESCRIPTION, USERCONTROL, PROCESSSTATUS, WORKFLOWCODE, STATUS, EFFECTIVEFROMDATE, EFFECTIVETILLDATE) VALUES('INVESTIGATION', NULL, 'Investigation', NULL, 'INVESTIGATION', 'PAYMENT', 'ACTIVE', TO_DATE('2017-01-01', 'YYYY-MM-DD'), NULL);

DELETE FROM STATUSDEFINITION WHERE PROCESSSTATUS = 'IN_PROGRESS' AND WORKFLOWCODE = 'INSTRUCTION';
INSERT INTO STATUSDEFINITION(ALIASNAME, CLIENTALIASNAME, DESCRIPTION, USERCONTROL, PROCESSSTATUS, WORKFLOWCODE, STATUS, EFFECTIVEFROMDATE, EFFECTIVETILLDATE) VALUES('IN_PROGRESS', NULL, 'In Progress', NULL, 'IN_PROGRESS', 'INSTRUCTION', 'ACTIVE', TO_DATE('2017-01-01', 'YYYY-MM-DD'), NULL);

DELETE FROM STATUSDEFINITION WHERE PROCESSSTATUS = 'IN_PROGRESS' AND WORKFLOWCODE = 'PAYMENT';
INSERT INTO STATUSDEFINITION(ALIASNAME, CLIENTALIASNAME, DESCRIPTION, USERCONTROL, PROCESSSTATUS, WORKFLOWCODE, STATUS, EFFECTIVEFROMDATE, EFFECTIVETILLDATE) VALUES('IN_PROGRESS', NULL, 'Payment Is Currently Being Processed By The System', NULL, 'IN_PROGRESS', 'PAYMENT', 'ACTIVE', TO_DATE('2017-01-01', 'YYYY-MM-DD'), NULL);

DELETE FROM STATUSDEFINITION WHERE PROCESSSTATUS = 'PARTIALLYDEBULKED' AND WORKFLOWCODE = 'INSTRUCTION';
INSERT INTO STATUSDEFINITION(ALIASNAME, CLIENTALIASNAME, DESCRIPTION, USERCONTROL, PROCESSSTATUS, WORKFLOWCODE, STATUS, EFFECTIVEFROMDATE, EFFECTIVETILLDATE) VALUES('PARTIALLYDEBULKED', NULL, 'Partially Debulked', NULL, 'PARTIALLYDEBULKED', 'INSTRUCTION', 'ACTIVE', TO_DATE('2017-01-01', 'YYYY-MM-DD'), NULL);

DELETE FROM STATUSDEFINITION WHERE PROCESSSTATUS = 'PENDING' AND WORKFLOWCODE = 'INSTRUCTION';
INSERT INTO STATUSDEFINITION(ALIASNAME, CLIENTALIASNAME, DESCRIPTION, USERCONTROL, PROCESSSTATUS, WORKFLOWCODE, STATUS, EFFECTIVEFROMDATE, EFFECTIVETILLDATE) VALUES('PENDING', NULL, 'System Is Waiting For Some Confirmation', NULL, 'PENDING', 'INSTRUCTION', 'ACTIVE', TO_DATE('2017-01-01', 'YYYY-MM-DD'), NULL);

DELETE FROM STATUSDEFINITION WHERE PROCESSSTATUS = 'RECEIVED' AND WORKFLOWCODE = 'INSTRUCTION';
INSERT INTO STATUSDEFINITION(ALIASNAME, CLIENTALIASNAME, DESCRIPTION, USERCONTROL, PROCESSSTATUS, WORKFLOWCODE, STATUS, EFFECTIVEFROMDATE, EFFECTIVETILLDATE) VALUES('RECEIVED', NULL, 'Transaction Received By The Hub', NULL, 'RECEIVED', 'INSTRUCTION', 'ACTIVE', TO_DATE('2017-01-01', 'YYYY-MM-DD'), NULL);

DELETE FROM STATUSDEFINITION WHERE PROCESSSTATUS = 'RECOVERY' AND WORKFLOWCODE = 'PAYMENT';
INSERT INTO STATUSDEFINITION(ALIASNAME, CLIENTALIASNAME, DESCRIPTION, USERCONTROL, PROCESSSTATUS, WORKFLOWCODE, STATUS, EFFECTIVEFROMDATE, EFFECTIVETILLDATE) VALUES('RECOVERY', NULL, 'Recovery', NULL, 'RECOVERY', 'PAYMENT', 'ACTIVE', TO_DATE('2017-01-01', 'YYYY-MM-DD'), NULL);

DELETE FROM STATUSDEFINITION WHERE PROCESSSTATUS = 'REJECTED' AND WORKFLOWCODE = 'INSTRUCTION';
INSERT INTO STATUSDEFINITION(ALIASNAME, CLIENTALIASNAME, DESCRIPTION, USERCONTROL, PROCESSSTATUS, WORKFLOWCODE, STATUS, EFFECTIVEFROMDATE, EFFECTIVETILLDATE) VALUES('REJECTED', NULL, 'Rejected', NULL, 'REJECTED', 'INSTRUCTION', 'ACTIVE', TO_DATE('2017-01-01', 'YYYY-MM-DD'), NULL);

DELETE FROM STATUSDEFINITION WHERE PROCESSSTATUS = 'REJECTED' AND WORKFLOWCODE = 'PAYMENT';
INSERT INTO STATUSDEFINITION(ALIASNAME, CLIENTALIASNAME, DESCRIPTION, USERCONTROL, PROCESSSTATUS, WORKFLOWCODE, STATUS, EFFECTIVEFROMDATE, EFFECTIVETILLDATE) VALUES('REJECTED', NULL, 'Transaction Rejected By The Hub', NULL, 'REJECTED', 'PAYMENT', 'ACTIVE', TO_DATE('2017-01-01', 'YYYY-MM-DD'), NULL);

DELETE FROM STATUSDEFINITION WHERE PROCESSSTATUS = 'REPAIR' AND WORKFLOWCODE = 'INSTRUCTION';
INSERT INTO STATUSDEFINITION(ALIASNAME, CLIENTALIASNAME, DESCRIPTION, USERCONTROL, PROCESSSTATUS, WORKFLOWCODE, STATUS, EFFECTIVEFROMDATE, EFFECTIVETILLDATE) VALUES('REPAIR', NULL, 'Repair', NULL, 'REPAIR', 'INSTRUCTION', 'ACTIVE', TO_DATE('2017-01-01', 'YYYY-MM-DD'), NULL);

DELETE FROM STATUSDEFINITION WHERE PROCESSSTATUS = 'REPAIR' AND WORKFLOWCODE = 'PAYMENT';
INSERT INTO STATUSDEFINITION(ALIASNAME, CLIENTALIASNAME, DESCRIPTION, USERCONTROL, PROCESSSTATUS, WORKFLOWCODE, STATUS, EFFECTIVEFROMDATE, EFFECTIVETILLDATE) VALUES('REPAIR', NULL, 'Transaction Needs Corrections To Process Futher To Completion', NULL, 'REPAIR', 'PAYMENT', 'ACTIVE', TO_DATE('2017-01-01', 'YYYY-MM-DD'), NULL);

DELETE FROM STATUSDEFINITION WHERE PROCESSSTATUS = 'REPAIRAPPROVED' AND WORKFLOWCODE = 'PAYMENT';
INSERT INTO STATUSDEFINITION(ALIASNAME, CLIENTALIASNAME, DESCRIPTION, USERCONTROL, PROCESSSTATUS, WORKFLOWCODE, STATUS, EFFECTIVEFROMDATE, EFFECTIVETILLDATE) VALUES('REPAIRAPPROVED', NULL, 'Repair Approved', NULL, 'REPAIRAPPROVED', 'PAYMENT', 'ACTIVE', TO_DATE('2017-01-01', 'YYYY-MM-DD'), NULL);

DELETE FROM STATUSDEFINITION WHERE PROCESSSTATUS = 'REPAIRED' AND WORKFLOWCODE = 'PAYMENT';
INSERT INTO STATUSDEFINITION(ALIASNAME, CLIENTALIASNAME, DESCRIPTION, USERCONTROL, PROCESSSTATUS, WORKFLOWCODE, STATUS, EFFECTIVEFROMDATE, EFFECTIVETILLDATE) VALUES('REPAIRED', NULL, 'Repaired', NULL, 'REPAIRED', 'PAYMENT', 'ACTIVE', TO_DATE('2017-01-01', 'YYYY-MM-DD'), NULL);

DELETE FROM STATUSDEFINITION WHERE PROCESSSTATUS = 'RISK_FILTER_HOLD' AND WORKFLOWCODE = 'PAYMENT';
INSERT INTO STATUSDEFINITION(ALIASNAME, CLIENTALIASNAME, DESCRIPTION, USERCONTROL, PROCESSSTATUS, WORKFLOWCODE, STATUS, EFFECTIVEFROMDATE, EFFECTIVETILLDATE) VALUES('RISK_FILTER_HOLD', NULL, 'Too High Amount', NULL, 'RISK_FILTER_HOLD', 'PAYMENT', 'ACTIVE', TO_DATE('2017-01-01', 'YYYY-MM-DD'), NULL);

DELETE FROM STATUSDEFINITION WHERE PROCESSSTATUS = 'TOBEDELETED' AND WORKFLOWCODE = 'PAYMENT';
INSERT INTO STATUSDEFINITION(ALIASNAME, CLIENTALIASNAME, DESCRIPTION, USERCONTROL, PROCESSSTATUS, WORKFLOWCODE, STATUS, EFFECTIVEFROMDATE, EFFECTIVETILLDATE) VALUES('TOBEDELETED', NULL, 'To Be Deleted', NULL, 'TOBEDELETED', 'PAYMENT', 'ACTIVE', TO_DATE('2017-01-01', 'YYYY-MM-DD'), NULL);

DELETE FROM STATUSDEFINITION WHERE PROCESSSTATUS = 'TOBEPROCESSED' AND WORKFLOWCODE = 'PAYMENT';
INSERT INTO STATUSDEFINITION(ALIASNAME, CLIENTALIASNAME, DESCRIPTION, USERCONTROL, PROCESSSTATUS, WORKFLOWCODE, STATUS, EFFECTIVEFROMDATE, EFFECTIVETILLDATE) VALUES('TOBEPROCESSED', NULL, 'To Be Processed', NULL, 'TOBEPROCESSED', 'PAYMENT', 'ACTIVE', TO_DATE('2017-01-01', 'YYYY-MM-DD'), NULL);

DELETE FROM STATUSDEFINITION WHERE PROCESSSTATUS = 'WAITATCHECKPOINT' AND WORKFLOWCODE = 'PAYMENT';
INSERT INTO STATUSDEFINITION(ALIASNAME, CLIENTALIASNAME, DESCRIPTION, USERCONTROL, PROCESSSTATUS, WORKFLOWCODE, STATUS, EFFECTIVEFROMDATE, EFFECTIVETILLDATE) VALUES('WAITATCHECKPOINT', NULL, 'Wait At Check Point', NULL, 'WAITATCHECKPOINT', 'PAYMENT', 'ACTIVE', TO_DATE('2017-01-01', 'YYYY-MM-DD'), NULL);

DELETE FROM STATUSDEFINITION WHERE PROCESSSTATUS = 'WAITFORAPPROVAL' AND WORKFLOWCODE = 'PAYMENT';
INSERT INTO STATUSDEFINITION(ALIASNAME, CLIENTALIASNAME, DESCRIPTION, USERCONTROL, PROCESSSTATUS, WORKFLOWCODE, STATUS, EFFECTIVEFROMDATE, EFFECTIVETILLDATE) VALUES('WAITFORAPPROVAL', NULL, 'Wait For Approval', NULL, 'WAITFORAPPROVAL', 'PAYMENT', 'ACTIVE', TO_DATE('2017-01-01', 'YYYY-MM-DD'), NULL);

DELETE FROM STATUSDEFINITION WHERE PROCESSSTATUS = 'WAITING' AND WORKFLOWCODE = 'PAYMENT';
INSERT INTO STATUSDEFINITION(ALIASNAME, CLIENTALIASNAME, DESCRIPTION, USERCONTROL, PROCESSSTATUS, WORKFLOWCODE, STATUS, EFFECTIVEFROMDATE, EFFECTIVETILLDATE) VALUES('WAITING', NULL, 'Waiting', NULL, 'WAITING', 'PAYMENT', 'ACTIVE', TO_DATE('2017-01-01', 'YYYY-MM-DD'), NULL);

DELETE FROM STATUSDEFINITION WHERE PROCESSSTATUS = 'WAITING_OFACRESPONSE' AND WORKFLOWCODE = 'PAYMENT';
INSERT INTO STATUSDEFINITION(ALIASNAME, CLIENTALIASNAME, DESCRIPTION, USERCONTROL, PROCESSSTATUS, WORKFLOWCODE, STATUS, EFFECTIVEFROMDATE, EFFECTIVETILLDATE) VALUES('WAITING_OFACRESPONSE', NULL, 'Waiting OFAC Response', NULL, 'WAITING_OFACRESPONSE', 'PAYMENT', 'ACTIVE', TO_DATE('2017-01-01', 'YYYY-MM-DD'), NULL);

DELETE FROM STATUSDEFINITION WHERE PROCESSSTATUS = 'WAREHOUSED' AND WORKFLOWCODE = 'PAYMENT';
INSERT INTO STATUSDEFINITION(ALIASNAME, CLIENTALIASNAME, DESCRIPTION, USERCONTROL, PROCESSSTATUS, WORKFLOWCODE, STATUS, EFFECTIVEFROMDATE, EFFECTIVETILLDATE) VALUES('WAREHOUSED', NULL, 'Warehoused', NULL, 'WAREHOUSED', 'PAYMENT', 'ACTIVE', TO_DATE('2017-01-01', 'YYYY-MM-DD'), NULL);

DELETE FROM RESTRESOURCES WHERE "PATH" = '/v2/roles/attributes' AND METHOD = 'POST' AND "OPERATION" = 'R';
DELETE FROM RESTRESOURCES WHERE "PATH" = '/v2/roles' AND METHOD = 'POST';
DELETE FROM RESTRESOURCES WHERE "PATH" = '/v2/roles' AND METHOD = 'PUT';
DELETE FROM RESTRESOURCES WHERE "PATH" = '/v2/roles' AND METHOD = 'GET';
DELETE FROM RESTRESOURCES WHERE "PATH" = '/v2/roles/read' AND METHOD = 'POST';
DELETE FROM RESTRESOURCES WHERE "PATH" = '/v2/roles/delete' AND METHOD = 'POST';
DELETE FROM RESTRESOURCES WHERE "PATH" = '/v2/roles/groupresourcepermission' AND METHOD = 'PUT';
DELETE FROM RESTRESOURCES WHERE "PATH" = '/v2/roles/resetdefaultpermission' AND METHOD = 'POST';
DELETE FROM RESTRESOURCES WHERE "PATH" = '/v2/roles/resourcegroup' AND METHOD = 'GET';
DELETE FROM RESTRESOURCES WHERE "PATH" = '/v2/roles/resourcepermission/readall' AND METHOD = 'POST';
DELETE FROM RESTRESOURCES WHERE "PATH" = '/v2/roles/resourcepermission' AND METHOD = 'POST';

DELETE FROM ATTRIBUTEMASTER WHERE RESOURCEID = '011' AND ATTRIBUTENAME IN('RoleID', 'RoleName', 'RoleType', 'IsSuperAdmin', 'Status');

DELETE FROM RESOURCEMASTER WHERE RESOURCEID = '011';
INSERT INTO RESOURCEMASTER(RESOURCEID, RESOURCENAME, RESOURCEGROUPNAME) VALUES('011', 'Role', 'Admin Panel');
DELETE FROM RESOURCEMASTER WHERE RESOURCEID = '073';
INSERT INTO RESOURCEMASTER(RESOURCEID, RESOURCENAME, RESOURCEGROUPNAME) VALUES('073', 'Role Permissions', 'Admin Panel');

INSERT INTO RESTRESOURCES(RESTRESOURCES_PK, "METHOD", APPLICATION, "PATH", RESOURCEID, "OPERATION", DESCRIPTION) VALUES((SELECT max(CAST(RESTRESOURCES_PK AS INTEGER)) + 1 AS RESTRESOURCES_PK FROM RESTRESOURCES), 'POST', 'VolPayHub', '/v2/roles', '011', 'C', 'API for creating new role');
INSERT INTO RESTRESOURCES(RESTRESOURCES_PK, "METHOD", APPLICATION, "PATH", RESOURCEID, "OPERATION", DESCRIPTION) VALUES((SELECT max(CAST(RESTRESOURCES_PK AS INTEGER)) + 1 AS RESTRESOURCES_PK FROM RESTRESOURCES), 'PUT', 'VolPayHub', '/v2/roles', '011', 'U', 'API for updating role');
INSERT INTO RESTRESOURCES(RESTRESOURCES_PK, "METHOD", APPLICATION, "PATH", RESOURCEID, "OPERATION", DESCRIPTION) VALUES((SELECT max(CAST(RESTRESOURCES_PK AS INTEGER)) + 1 AS RESTRESOURCES_PK FROM RESTRESOURCES), 'GET', 'VolPayHub', '/v2/roles', '011', 'R', 'API for getting all the role list');
INSERT INTO RESTRESOURCES(RESTRESOURCES_PK, "METHOD", APPLICATION, "PATH", RESOURCEID, "OPERATION", DESCRIPTION) VALUES((SELECT max(CAST(RESTRESOURCES_PK AS INTEGER)) + 1 AS RESTRESOURCES_PK FROM RESTRESOURCES), 'POST', 'VolPayHub', '/v2/roles/read', '011', 'R', 'API for Reading specific role');
INSERT INTO RESTRESOURCES(RESTRESOURCES_PK, "METHOD", APPLICATION, "PATH", RESOURCEID, "OPERATION", DESCRIPTION) VALUES((SELECT max(CAST(RESTRESOURCES_PK AS INTEGER)) + 1 AS RESTRESOURCES_PK FROM RESTRESOURCES), 'POST', 'VolPayHub', '/v2/roles/delete', '011', 'D', 'Delete specific Role');
INSERT INTO RESTRESOURCES(RESTRESOURCES_PK, "METHOD", APPLICATION, "PATH", RESOURCEID, "OPERATION", DESCRIPTION) VALUES((SELECT max(CAST(RESTRESOURCES_PK AS INTEGER)) + 1 AS RESTRESOURCES_PK FROM RESTRESOURCES), 'PUT', 'VolPayHub', '/v2/roles/groupresourcepermission', '073', 'U', 'API to update roleresourcepermission table');
INSERT INTO RESTRESOURCES(RESTRESOURCES_PK, "METHOD", APPLICATION, "PATH", RESOURCEID, "OPERATION", DESCRIPTION) VALUES((SELECT max(CAST(RESTRESOURCES_PK AS INTEGER)) + 1 AS RESTRESOURCES_PK FROM RESTRESOURCES), 'POST', 'VolPayHub', '/v2/roles/resetdefaultpermission', '073', 'U', 'API To Reset default permission to given role id');
INSERT INTO RESTRESOURCES(RESTRESOURCES_PK, "METHOD", APPLICATION, "PATH", RESOURCEID, "OPERATION", DESCRIPTION) VALUES((SELECT max(CAST(RESTRESOURCES_PK AS INTEGER)) + 1 AS RESTRESOURCES_PK FROM RESTRESOURCES), 'GET', 'VolPayHub', '/v2/roles/resourcegroup', '073', 'R', 'API for getting resource group names');
INSERT INTO RESTRESOURCES(RESTRESOURCES_PK, "METHOD", APPLICATION, "PATH", RESOURCEID, "OPERATION", DESCRIPTION) VALUES((SELECT max(CAST(RESTRESOURCES_PK AS INTEGER)) + 1 AS RESTRESOURCES_PK FROM RESTRESOURCES), 'POST', 'VolPayHub', '/v2/roles/resourcepermission/readall', '073', 'R', 'API to get resource and permission for given role');
INSERT INTO RESTRESOURCES(RESTRESOURCES_PK, "METHOD", APPLICATION, "PATH", RESOURCEID, "OPERATION", DESCRIPTION) VALUES((SELECT max(CAST(RESTRESOURCES_PK AS INTEGER)) + 1 AS RESTRESOURCES_PK FROM RESTRESOURCES), 'POST', 'VolPayHub', '/v2/roles/resourcepermission', '073', 'R', 'API to get permission for given resource');

DELETE FROM ROLERESOURCEPERMISSION WHERE RESOURCEID = '073';
INSERT INTO ROLERESOURCEPERMISSION(ROLEID, RESOURCEID, PERMISSION) VALUES('Super Admin', '073', 'A1');
INSERT INTO ROLERESOURCEPERMISSION(ROLEID, RESOURCEID, PERMISSION) VALUES('Super Admin', '073', 'C');
INSERT INTO ROLERESOURCEPERMISSION(ROLEID, RESOURCEID, PERMISSION) VALUES('Super Admin', '073', 'D');
INSERT INTO ROLERESOURCEPERMISSION(ROLEID, RESOURCEID, PERMISSION) VALUES('Super Admin', '073', 'R');
INSERT INTO ROLERESOURCEPERMISSION(ROLEID, RESOURCEID, PERMISSION) VALUES('Super Admin', '073', 'U');

DELETE FROM RESOURCEAPPROVALPERMISSION WHERE RESOURCEID = '073';
INSERT INTO RESOURCEAPPROVALPERMISSION(RESOURCEAPPROVALPERMISSION_PK, RESOURCEID, "OPERATION", APPROVALCOUNT, CONDITIONID) VALUES((SELECT max(CAST(RESOURCEAPPROVALPERMISSION_PK AS INTEGER)) + 1 AS RESOURCEAPPROVALPERMISSION_PK FROM RESOURCEAPPROVALPERMISSION), '073', 'C', 1, NULL);
INSERT INTO RESOURCEAPPROVALPERMISSION(RESOURCEAPPROVALPERMISSION_PK, RESOURCEID, "OPERATION", APPROVALCOUNT, CONDITIONID) VALUES((SELECT max(CAST(RESOURCEAPPROVALPERMISSION_PK AS INTEGER)) + 1 AS RESOURCEAPPROVALPERMISSION_PK FROM RESOURCEAPPROVALPERMISSION), '073', 'U', 1, NULL);
INSERT INTO RESOURCEAPPROVALPERMISSION(RESOURCEAPPROVALPERMISSION_PK, RESOURCEID, "OPERATION", APPROVALCOUNT, CONDITIONID) VALUES((SELECT max(CAST(RESOURCEAPPROVALPERMISSION_PK AS INTEGER)) + 1 AS RESOURCEAPPROVALPERMISSION_PK FROM RESOURCEAPPROVALPERMISSION), '073', 'D', 1, NULL);

INSERT INTO ATTRIBUTEMASTER(RESOURCEID, ATTRIBUTEID, ATTRIBUTENAME, ATTRIBUTETYPE) VALUES('011', '011001', 'RoleID', 'String');
INSERT INTO ATTRIBUTEMASTER(RESOURCEID, ATTRIBUTEID, ATTRIBUTENAME, ATTRIBUTETYPE) VALUES('011', '011002', 'RoleName', 'String');
INSERT INTO ATTRIBUTEMASTER(RESOURCEID, ATTRIBUTEID, ATTRIBUTENAME, ATTRIBUTETYPE) VALUES('011', '011003', 'RoleType', 'String');
INSERT INTO ATTRIBUTEMASTER(RESOURCEID, ATTRIBUTEID, ATTRIBUTENAME, ATTRIBUTETYPE) VALUES('011', '011004', 'IsSuperAdmin', 'Boolean');
INSERT INTO ATTRIBUTEMASTER(RESOURCEID, ATTRIBUTEID, ATTRIBUTENAME, ATTRIBUTETYPE) VALUES('011', '011005', 'Status', 'String');

DELETE FROM INCIDENCEDEFINITION WHERE INCIDENCECODE = 'RSKFLT01' AND PARTYSERVICEASSOCIATIONCODE = 'All' AND PROCESSNAME = 'All';
INSERT INTO INCIDENCEDEFINITION(INCIDENCECODE, DESCRIPTION, INCIDENCERESOLUTION, SEVERITY, INCIDENCEORIGIN, CANCLIENTSETPREFERENCE, OPSSEVERITYPREFERENCE, CLIENTSEVERITYPREFERENCE, REPAIRANDMANUALINPUT, PROCESSSTATUS, INCIDENCETYPE, WORKFLOWCODE, INCIDENCEDEFINITION_PK, PROCESSNAME, PARTYSERVICEASSOCIATIONCODE, STATUS, EFFECTIVEFROMDATE, EFFECTIVETILLDATE) VALUES('RSKFLT01', 'Too high amount', 'Check the amount', 'High', 'User', NULL, NULL, NULL, NULL, 'RISK_FILTER_HOLD', 'ISSUE', 'PAYMENT', (SELECT max(CAST(INCIDENCEDEFINITION_PK AS INTEGER)) + 1 AS INCIDENCEDEFINITION_PK FROM INCIDENCEDEFINITION), 'All', 'All', 'ACTIVE', TO_DATE('2017-01-01', 'YYYY-MM-DD'), NULL);

DELETE FROM INCIDENCEMASTER WHERE INCIDENCECODE = 'LOGINSTRDUPLICATE02';
INSERT INTO INCIDENCEMASTER(INCIDENCECODE, WORKFLOWCODE, ALLOWEDPROCESSSTATUS, ALLOWEDPARAMETER, ALLOWSTP) VALUES('LOGINSTRDUPLICATE02', 'INSTRUCTION', 'LOG', 'fieldIds', 1);

DELETE FROM INCIDENCEDEFINITION WHERE INCIDENCECODE = 'LOGINSTRDUPLICATE02' AND PARTYSERVICEASSOCIATIONCODE = 'All' AND PROCESSNAME = 'All';
INSERT INTO INCIDENCEDEFINITION(INCIDENCECODE, DESCRIPTION, INCIDENCERESOLUTION, SEVERITY, INCIDENCEORIGIN, CANCLIENTSETPREFERENCE, OPSSEVERITYPREFERENCE, CLIENTSEVERITYPREFERENCE, REPAIRANDMANUALINPUT, PROCESSSTATUS, INCIDENCETYPE, WORKFLOWCODE, INCIDENCEDEFINITION_PK, PROCESSNAME, PARTYSERVICEASSOCIATIONCODE, STATUS, EFFECTIVEFROMDATE, EFFECTIVETILLDATE) VALUES('LOGINSTRDUPLICATE02', 'File Duplicated By  ${fieldIds} Due To Field Duplicate Failure', 'Remove Duplicate', 'High', 'User', NULL, NULL, NULL, NULL, 'LOG', 'ISSUE', 'INSTRUCTION', (SELECT max(CAST(INCIDENCEDEFINITION_PK AS INTEGER)) + 1 AS INCIDENCEDEFINITION_PK FROM INCIDENCEDEFINITION), 'All', 'All', 'ACTIVE', TO_DATE('2017-01-01', 'YYYY-MM-DD'), NULL);

DELETE FROM RESTRESOURCES WHERE "PATH" = '/v2/manualpaymentinitiationtemplate/readall' AND METHOD = 'POST';
DELETE FROM RESTRESOURCES WHERE "PATH" = '/v2/manualpaymentinitiationtemplate' AND METHOD = 'POST';
DELETE FROM RESTRESOURCES WHERE "PATH" = '/v2/manualpaymentinitiationtemplate' AND METHOD = 'PUT';
DELETE FROM RESTRESOURCES WHERE "PATH" = '/v2/manualpaymentinitiationtemplate/delete' AND METHOD = 'POST';
DELETE FROM RESTRESOURCES WHERE "PATH" = '/v2/manualpaymentinitiationtemplate/read' AND METHOD = 'POST';

DELETE FROM ATTRIBUTEMASTER WHERE ATTRIBUTEID IN ('071002', '071003', '071004', '071005');

DELETE FROM ROLERESOURCEPERMISSION WHERE RESOURCEID = '071';

DELETE FROM MENURESOURCEASSOCIATION WHERE RESOURCEID = '071';

DELETE FROM RESOURCEMASTER WHERE RESOURCEID = '071';
INSERT INTO RESOURCEMASTER(RESOURCEID, RESOURCENAME, RESOURCEGROUPNAME) VALUES('071', 'MPI Template', 'Bank Data');

INSERT INTO MENURESOURCEASSOCIATION(RESOURCEID, MENUID, MENUNAME) VALUES('071', '073', 'MPI Template');

INSERT INTO RESTRESOURCES(RESTRESOURCES_PK, "METHOD", APPLICATION, "PATH", RESOURCEID, "OPERATION", DESCRIPTION) VALUES((SELECT max(CAST(RESTRESOURCES_PK AS INTEGER)) + 1 AS RESTRESOURCES_PK FROM RESTRESOURCES), 'POST', 'VolPayHub', '/v2/manualpaymentinitiationtemplate/readall', '071', 'R', 'API for getting  ManualPaymentInitiationTemplate');
INSERT INTO RESTRESOURCES(RESTRESOURCES_PK, "METHOD", APPLICATION, "PATH", RESOURCEID, "OPERATION", DESCRIPTION) VALUES((SELECT max(CAST(RESTRESOURCES_PK AS INTEGER)) + 1 AS RESTRESOURCES_PK FROM RESTRESOURCES), 'POST', 'VolPayHub', '/v2/manualpaymentinitiationtemplate', '071', 'C', 'API for creating ManualPaymentInitiationTemplate');
INSERT INTO RESTRESOURCES(RESTRESOURCES_PK, "METHOD", APPLICATION, "PATH", RESOURCEID, "OPERATION", DESCRIPTION) VALUES((SELECT max(CAST(RESTRESOURCES_PK AS INTEGER)) + 1 AS RESTRESOURCES_PK FROM RESTRESOURCES), 'PUT', 'VolPayHub', '/v2/manualpaymentinitiationtemplate', '071', 'U', 'API for updating ManualPaymentInitiationTemplate');
INSERT INTO RESTRESOURCES(RESTRESOURCES_PK, "METHOD", APPLICATION, "PATH", RESOURCEID, "OPERATION", DESCRIPTION) VALUES((SELECT max(CAST(RESTRESOURCES_PK AS INTEGER)) + 1 AS RESTRESOURCES_PK FROM RESTRESOURCES), 'POST', 'VolPayHub', '/v2/manualpaymentinitiationtemplate/delete', '071', 'D', 'API for deleting ManualPaymentInitiationTemplate');
INSERT INTO RESTRESOURCES(RESTRESOURCES_PK, "METHOD", APPLICATION, "PATH", RESOURCEID, "OPERATION", DESCRIPTION) VALUES((SELECT max(CAST(RESTRESOURCES_PK AS INTEGER)) + 1 AS RESTRESOURCES_PK FROM RESTRESOURCES), 'POST', 'VolPayHub', '/v2/manualpaymentinitiationtemplate/read', '071', 'R', 'API for getting ManualPaymentInitiationTemplate');

INSERT INTO ROLERESOURCEPERMISSION(ROLEID, RESOURCEID, PERMISSION) VALUES('Super Admin', '071', 'A1');
INSERT INTO ROLERESOURCEPERMISSION(ROLEID, RESOURCEID, PERMISSION) VALUES('Super Admin', '071', 'C');
INSERT INTO ROLERESOURCEPERMISSION(ROLEID, RESOURCEID, PERMISSION) VALUES('Super Admin', '071', 'D');
INSERT INTO ROLERESOURCEPERMISSION(ROLEID, RESOURCEID, PERMISSION) VALUES('Super Admin', '071', 'R');
INSERT INTO ROLERESOURCEPERMISSION(ROLEID, RESOURCEID, PERMISSION) VALUES('Super Admin', '071', 'U');

INSERT INTO ATTRIBUTEMASTER(RESOURCEID, ATTRIBUTEID, ATTRIBUTENAME, ATTRIBUTETYPE) VALUES('071','071002','TemplateName','String');
INSERT INTO ATTRIBUTEMASTER(RESOURCEID, ATTRIBUTEID, ATTRIBUTENAME, ATTRIBUTETYPE) VALUES('071','071003','Template','Binary');
INSERT INTO ATTRIBUTEMASTER(RESOURCEID, ATTRIBUTEID, ATTRIBUTENAME, ATTRIBUTETYPE) VALUES('071','071004','Creator','String');
INSERT INTO ATTRIBUTEMASTER(RESOURCEID, ATTRIBUTEID, ATTRIBUTENAME, ATTRIBUTETYPE) VALUES('071','071005','RolesAccessible','String');

DELETE FROM RESOURCEAPPROVALPERMISSION WHERE RESOURCEID = '071';
INSERT INTO RESOURCEAPPROVALPERMISSION(RESOURCEAPPROVALPERMISSION_PK, RESOURCEID, OPERATION, APPROVALCOUNT, CONDITIONID) VALUES((SELECT max(CAST(RESOURCEAPPROVALPERMISSION_PK AS INTEGER)) + 1 AS RESOURCEAPPROVALPERMISSION_PK FROM RESOURCEAPPROVALPERMISSION), '071', 'C', 1, NULL);
INSERT INTO RESOURCEAPPROVALPERMISSION(RESOURCEAPPROVALPERMISSION_PK, RESOURCEID, OPERATION, APPROVALCOUNT, CONDITIONID) VALUES((SELECT max(CAST(RESOURCEAPPROVALPERMISSION_PK AS INTEGER)) + 1 AS RESOURCEAPPROVALPERMISSION_PK FROM RESOURCEAPPROVALPERMISSION), '071', 'U', 1, NULL);
INSERT INTO RESOURCEAPPROVALPERMISSION(RESOURCEAPPROVALPERMISSION_PK, RESOURCEID, OPERATION, APPROVALCOUNT, CONDITIONID) VALUES((SELECT max(CAST(RESOURCEAPPROVALPERMISSION_PK AS INTEGER)) + 1 AS RESOURCEAPPROVALPERMISSION_PK FROM RESOURCEAPPROVALPERMISSION), '071', 'D', 1, NULL);

COMMIT;