DELETE FROM INCIDENCEMASTER WHERE INCIDENCECODE IN ('OFAC_TECH_FAIL','ACCT_TECH_FAIL');
DELETE FROM INCIDENCEDEFINITION WHERE INCIDENCECODE IN ('OFAC_TECH_FAIL','ACCT_TECH_FAIL');

INSERT INTO INCIDENCEMASTER (INCIDENCECODE, WORKFLOWCODE, ALLOWEDPROCESSSTATUS, ALLOWSTP)  VALUES('OFAC_TECH_FAIL', 'PAYMENT', 'TECHNICALFAILURE_OFAC',  1);
INSERT INTO INCIDENCEMASTER (INCIDENCECODE, WORKFLOWCODE, ALLOWEDPROCESSSTATUS, ALLOWSTP)  VALUES('ACCT_TECH_FAIL', 'PAYMENT', 'TECHNICALFAILURE_ACCOUNTPOSTING',  1);
INSERT INTO INCIDENCEDEFINITION (INCIDENCECODE,DESCRIPTION,INCIDENCERESOLUTION,SEVERITY,INCIDENCEORIGIN,CANCLIENTSETPREFERENCE,OPSSEVERITYPREFERENCE,CLIENTSEVERITYPREFERENCE,REPAIRANDMANUALINPUT,PROCESSSTATUS,INCIDENCETYPE,WORKFLOWCODE,INCIDENCEDEFINITION_PK,PROCESSNAME,PARTYSERVICEASSOCIATIONCODE,STATUS,EFFECTIVEFROMDATE,EFFECTIVETILLDATE) VALUES('OFAC_TECH_FAIL','Technical Failure in OFAC ','Error',':Low','User',NULL,NULL,NULL,NULL,'TECHNICALFAILURE_OFAC','ISSUE','PAYMENT',(SELECT max(CAST(INCIDENCEDEFINITION_PK AS INTEGER)) + 1 AS INCIDENCEDEFINITION_PK FROM INCIDENCEDEFINITION),'All','All','ACTIVE',TO_DATE('2017-04-25', 'YYYY-MM-DD'),NULL);

INSERT INTO INCIDENCEDEFINITION (INCIDENCECODE,DESCRIPTION,INCIDENCERESOLUTION,SEVERITY,INCIDENCEORIGIN,CANCLIENTSETPREFERENCE,OPSSEVERITYPREFERENCE,CLIENTSEVERITYPREFERENCE,REPAIRANDMANUALINPUT,PROCESSSTATUS,INCIDENCETYPE,WORKFLOWCODE,INCIDENCEDEFINITION_PK,PROCESSNAME,PARTYSERVICEASSOCIATIONCODE,STATUS,EFFECTIVEFROMDATE,EFFECTIVETILLDATE) VALUES('ACCT_TECH_FAIL','Technical Failure in Account Posting ','Error','Low','User',NULL,NULL,NULL,NULL,'TECHNICALFAILURE_ACCOUNTPOSTING' ,'ISSUE','PAYMENT',(SELECT max(CAST(INCIDENCEDEFINITION_PK AS INTEGER)) + 1 AS INCIDENCEDEFINITION_PK FROM INCIDENCEDEFINITION),'All','All','ACTIVE',TO_DATE('2017-04-25', 'YYYY-MM-DD'),NULL);

UPDATE INCIDENCEDEFINITION SET PROCESSSTATUS='TECHNICALFAILURE_LIQUIDITYCONTROL',DESCRIPTION='Technical Failure' WHERE INCIDENCECODE IN('LQC002');
UPDATE INCIDENCEDEFINITION SET PROCESSSTATUS='TECHNICALFAILURE_FUNDSCONTROL',DESCRIPTION='Technical Failure' WHERE INCIDENCECODE IN('FUND002');
UPDATE INCIDENCEMASTER SET ALLOWEDPROCESSSTATUS='TECHNICALFAILURE_LIQUIDITYCONTROL' WHERE INCIDENCECODE IN('LQC002');
UPDATE INCIDENCEMASTER SET ALLOWEDPROCESSSTATUS='TECHNICALFAILURE_FUNDSCONTROL' WHERE INCIDENCECODE IN('FUND002');

DELETE FROM INCIDENCEDEFINITION WHERE INCIDENCECODE IN ('CONFH011');
INSERT INTO INCIDENCEDEFINITION (INCIDENCECODE,DESCRIPTION,INCIDENCERESOLUTION,SEVERITY,INCIDENCEORIGIN,CANCLIENTSETPREFERENCE,OPSSEVERITYPREFERENCE,CLIENTSEVERITYPREFERENCE,REPAIRANDMANUALINPUT,PROCESSSTATUS,INCIDENCETYPE,WORKFLOWCODE,INCIDENCEDEFINITION_PK,PROCESSNAME,PARTYSERVICEASSOCIATIONCODE,STATUS,EFFECTIVEFROMDATE,EFFECTIVETILLDATE) VALUES('CONFH011','Status changed to refused','Received Confirmation','High','User',NULL,NULL,NULL,NULL,'REFUSED','ISSUE','CONFIRMATION_TXN',(SELECT max(CAST(INCIDENCEDEFINITION_PK AS INTEGER)) + 1 AS INCIDENCEDEFINITION_PK FROM INCIDENCEDEFINITION),'All','All','ACTIVE',TO_DATE('2017-04-25', 'YYYY-MM-DD'),NULL);

DELETE FROM INCIDENCEMASTER WHERE INCIDENCECODE IN ('CONFH011');
INSERT INTO INCIDENCEMASTER (INCIDENCECODE,WORKFLOWCODE,ALLOWEDPROCESSSTATUS,ALLOWSTP)  VALUES('CONFH011','CONFIRMATION_TXN','REFUSED',0);

UPDATE BUSINESSFUNCTIONWORKFLOW SET TASKCONFIG = '<TaskConfig><Configs><Name>TXNHANDLINGSTATUS</Name><Value>AMND</Value></Configs><Configs><Name>PCDUPDATESTATUS</Name><Value>ACCP,DELV,PROC,CMPL,RETN,RJCT,PEND,PACP,PCMP,RFSD</Value></Configs></TaskConfig>' WHERE FUNCTIONCODE = 'ValidateAndDebulkResponses';

DELETE FROM RESTRESOURCES WHERE "PATH" = '/v2/payments/code' AND METHOD = 'GET';
INSERT INTO RESTRESOURCES(RESTRESOURCES_PK, "METHOD", APPLICATION, "PATH", RESOURCEID, OPERATION, DESCRIPTION) VALUES((SELECT max(CAST(RESTRESOURCES_PK AS INTEGER)) + 1 AS RESTRESOURCES_PK FROM RESTRESOURCES), 'GET', 'VolPayHub', '/v2/payments/code', '003', 'R', 'API for getting PCD Fields');

DELETE FROM RESTRESOURCES WHERE "PATH" = '/v2/paymentduplicatecheckconfig/metainfo' AND METHOD = 'GET';
INSERT INTO RESTRESOURCES(RESTRESOURCES_PK, "METHOD", APPLICATION, "PATH", RESOURCEID, OPERATION, DESCRIPTION) VALUES((SELECT max(CAST(RESTRESOURCES_PK AS INTEGER)) + 1 AS RESTRESOURCES_PK FROM RESTRESOURCES), 'GET', 'VolPayHub', '/v2/paymentduplicatecheckconfig/metainfo', '007', 'R', 'API for getting PaymentDuplicateCheckConfig Meta Information');

DELETE FROM RESTRESOURCES WHERE "PATH" = '/v2/fileduplicatecheckconfig/metainfo' AND METHOD = 'GET';
INSERT INTO RESTRESOURCES(RESTRESOURCES_PK, "METHOD", APPLICATION, "PATH", RESOURCEID, OPERATION, DESCRIPTION) VALUES((SELECT max(CAST(RESTRESOURCES_PK AS INTEGER)) + 1 AS RESTRESOURCES_PK FROM RESTRESOURCES), 'GET', 'VolPayHub', '/v2/fileduplicatecheckconfig/metainfo', '007', 'R', 'API for getting FileDuplicateCheckConfig Meta Information');

DELETE FROM RESTRESOURCES WHERE "PATH" = '/v2/branches/suspend' AND METHOD = 'POST';
INSERT INTO RESTRESOURCES(RESTRESOURCES_PK, "METHOD", APPLICATION, "PATH", RESOURCEID, OPERATION, DESCRIPTION) VALUES((SELECT max(CAST(RESTRESOURCES_PK AS INTEGER)) + 1 AS RESTRESOURCES_PK FROM RESTRESOURCES), 'POST', 'VolPayHub', '/v2/branches/suspend', '013', 'U', 'API for suspending Branch');

DELETE FROM RESTRESOURCES WHERE "PATH" = '/v2/branches/activate' AND METHOD = 'POST';
INSERT INTO RESTRESOURCES(RESTRESOURCES_PK, "METHOD", APPLICATION, "PATH", RESOURCEID, OPERATION, DESCRIPTION) VALUES((SELECT max(CAST(RESTRESOURCES_PK AS INTEGER)) + 1 AS RESTRESOURCES_PK FROM RESTRESOURCES), 'POST', 'VolPayHub', '/v2/branches/activate', '013', 'U', 'API for activating Branch');

DELETE FROM RESTRESOURCES WHERE "PATH" = '/v2/currencycorrespondents/suspend' AND METHOD = 'POST';
INSERT INTO RESTRESOURCES(RESTRESOURCES_PK, "METHOD", APPLICATION, "PATH", RESOURCEID, OPERATION, DESCRIPTION) VALUES((SELECT max(CAST(RESTRESOURCES_PK AS INTEGER)) + 1 AS RESTRESOURCES_PK FROM RESTRESOURCES), 'POST', 'VolPayHub', '/v2/currencycorrespondents/suspend', '016', 'U', 'API for suspending CurrencyCorrespondent');

DELETE FROM RESTRESOURCES WHERE "PATH" = '/v2/currencycorrespondents/activate' AND METHOD = 'POST';
INSERT INTO RESTRESOURCES(RESTRESOURCES_PK, "METHOD", APPLICATION, "PATH", RESOURCEID, OPERATION, DESCRIPTION) VALUES((SELECT max(CAST(RESTRESOURCES_PK AS INTEGER)) + 1 AS RESTRESOURCES_PK FROM RESTRESOURCES), 'POST', 'VolPayHub', '/v2/currencycorrespondents/activate', '016', 'U', 'API for activating CurrencyCorrespondent');

DELETE FROM RESTRESOURCES WHERE "PATH" = '/v2/businessrules/suspend' AND METHOD = 'POST';
INSERT INTO RESTRESOURCES(RESTRESOURCES_PK, "METHOD", APPLICATION, "PATH", RESOURCEID, OPERATION, DESCRIPTION) VALUES((SELECT max(CAST(RESTRESOURCES_PK AS INTEGER)) + 1 AS RESTRESOURCES_PK FROM RESTRESOURCES), 'POST', 'VolPayHub', '/v2/businessrules/suspend', '017', 'U', 'API for suspending BusinessRules');

DELETE FROM RESTRESOURCES WHERE "PATH" = '/v2/businessrules/activate' AND METHOD = 'POST';
INSERT INTO RESTRESOURCES(RESTRESOURCES_PK, "METHOD", APPLICATION, "PATH", RESOURCEID, OPERATION, DESCRIPTION) VALUES((SELECT max(CAST(RESTRESOURCES_PK AS INTEGER)) + 1 AS RESTRESOURCES_PK FROM RESTRESOURCES), 'POST', 'VolPayHub', '/v2/businessrules/activate', '017', 'U', 'API for activating BusinessRules');

DELETE FROM RESTRESOURCES WHERE "PATH" = '/v2/fxratecharts/suspend' AND METHOD = 'POST';
INSERT INTO RESTRESOURCES(RESTRESOURCES_PK, "METHOD", APPLICATION, "PATH", RESOURCEID, OPERATION, DESCRIPTION) VALUES((SELECT max(CAST(RESTRESOURCES_PK AS INTEGER)) + 1 AS RESTRESOURCES_PK FROM RESTRESOURCES), 'POST', 'VolPayHub', '/v2/fxratecharts/suspend', '018', 'U', 'API for suspending FXRateChart');

DELETE FROM RESTRESOURCES WHERE "PATH" = '/v2/fxratecharts/activate' AND METHOD = 'POST';
INSERT INTO RESTRESOURCES(RESTRESOURCES_PK, "METHOD", APPLICATION, "PATH", RESOURCEID, OPERATION, DESCRIPTION) VALUES((SELECT max(CAST(RESTRESOURCES_PK AS INTEGER)) + 1 AS RESTRESOURCES_PK FROM RESTRESOURCES), 'POST', 'VolPayHub', '/v2/fxratecharts/activate', '018', 'U', 'API for activating FXRateChart');

DELETE FROM RESTRESOURCES WHERE "PATH" = '/v2/offices/suspend' AND METHOD = 'POST';
INSERT INTO RESTRESOURCES(RESTRESOURCES_PK, "METHOD", APPLICATION, "PATH", RESOURCEID, OPERATION, DESCRIPTION) VALUES((SELECT max(CAST(RESTRESOURCES_PK AS INTEGER)) + 1 AS RESTRESOURCES_PK FROM RESTRESOURCES), 'POST', 'VolPayHub', '/v2/offices/suspend', '019', 'U', 'API for suspending Office');

DELETE FROM RESTRESOURCES WHERE "PATH" = '/v2/offices/activate' AND METHOD = 'POST';
INSERT INTO RESTRESOURCES(RESTRESOURCES_PK, "METHOD", APPLICATION, "PATH", RESOURCEID, OPERATION, DESCRIPTION) VALUES((SELECT max(CAST(RESTRESOURCES_PK AS INTEGER)) + 1 AS RESTRESOURCES_PK FROM RESTRESOURCES), 'POST', 'VolPayHub', '/v2/offices/activate', '019', 'U', 'API for activating Office');

DELETE FROM RESTRESOURCES WHERE "PATH" = '/v2/partyserviceassociations/suspend' AND METHOD = 'POST';
INSERT INTO RESTRESOURCES(RESTRESOURCES_PK, "METHOD", APPLICATION, "PATH", RESOURCEID, OPERATION, DESCRIPTION) VALUES((SELECT max(CAST(RESTRESOURCES_PK AS INTEGER)) + 1 AS RESTRESOURCES_PK FROM RESTRESOURCES), 'POST', 'VolPayHub', '/v2/partyserviceassociations/suspend', '023', 'U', 'API for suspending PartyServiceAssociation');

DELETE FROM RESTRESOURCES WHERE "PATH" = '/v2/partyserviceassociations/activate' AND METHOD = 'POST';
INSERT INTO RESTRESOURCES(RESTRESOURCES_PK, "METHOD", APPLICATION, "PATH", RESOURCEID, OPERATION, DESCRIPTION) VALUES((SELECT max(CAST(RESTRESOURCES_PK AS INTEGER)) + 1 AS RESTRESOURCES_PK FROM RESTRESOURCES), 'POST', 'VolPayHub', '/v2/partyserviceassociations/activate', '023', 'U', 'API for activating PartyServiceAssociation');

DELETE FROM RESTRESOURCES WHERE "PATH" = '/v2/transports/suspend' AND METHOD = 'POST';
INSERT INTO RESTRESOURCES(RESTRESOURCES_PK, "METHOD", APPLICATION, "PATH", RESOURCEID, OPERATION, DESCRIPTION) VALUES((SELECT max(CAST(RESTRESOURCES_PK AS INTEGER)) + 1 AS RESTRESOURCES_PK FROM RESTRESOURCES), 'POST', 'VolPayHub', '/v2/transports/suspend', '024', 'U', 'API for suspending Transport');

DELETE FROM RESTRESOURCES WHERE "PATH" = '/v2/transports/activate' AND METHOD = 'POST';
INSERT INTO RESTRESOURCES(RESTRESOURCES_PK, "METHOD", APPLICATION, "PATH", RESOURCEID, OPERATION, DESCRIPTION) VALUES((SELECT max(CAST(RESTRESOURCES_PK AS INTEGER)) + 1 AS RESTRESOURCES_PK FROM RESTRESOURCES), 'POST', 'VolPayHub', '/v2/transports/activate', '024', 'U', 'API for activating Transport');

DELETE FROM RESTRESOURCES WHERE "PATH" = '/v2/services/suspend' AND METHOD = 'POST';
INSERT INTO RESTRESOURCES(RESTRESOURCES_PK, "METHOD", APPLICATION, "PATH", RESOURCEID, OPERATION, DESCRIPTION) VALUES((SELECT max(CAST(RESTRESOURCES_PK AS INTEGER)) + 1 AS RESTRESOURCES_PK FROM RESTRESOURCES), 'POST', 'VolPayHub', '/v2/services/suspend', '026', 'U', 'API for suspending Service');

DELETE FROM RESTRESOURCES WHERE "PATH" = '/v2/services/activate' AND METHOD = 'POST';
INSERT INTO RESTRESOURCES(RESTRESOURCES_PK, "METHOD", APPLICATION, "PATH", RESOURCEID, OPERATION, DESCRIPTION) VALUES((SELECT max(CAST(RESTRESOURCES_PK AS INTEGER)) + 1 AS RESTRESOURCES_PK FROM RESTRESOURCES), 'POST', 'VolPayHub', '/v2/services/activate', '026', 'U', 'API for activating Service');

DELETE FROM RESTRESOURCES WHERE "PATH" = '/v2/servicegroups/suspend' AND METHOD = 'POST';
INSERT INTO RESTRESOURCES(RESTRESOURCES_PK, "METHOD", APPLICATION, "PATH", RESOURCEID, OPERATION, DESCRIPTION) VALUES((SELECT max(CAST(RESTRESOURCES_PK AS INTEGER)) + 1 AS RESTRESOURCES_PK FROM RESTRESOURCES), 'POST', 'VolPayHub', '/v2/servicegroups/suspend', '027', 'U', 'API for suspending ServiceGroup');

DELETE FROM RESTRESOURCES WHERE "PATH" = '/v2/servicegroups/activate' AND METHOD = 'POST';
INSERT INTO RESTRESOURCES(RESTRESOURCES_PK, "METHOD", APPLICATION, "PATH", RESOURCEID, OPERATION, DESCRIPTION) VALUES((SELECT max(CAST(RESTRESOURCES_PK AS INTEGER)) + 1 AS RESTRESOURCES_PK FROM RESTRESOURCES), 'POST', 'VolPayHub', '/v2/servicegroups/activate', '027', 'U', 'API for activating ServiceGroup');

DELETE FROM RESTRESOURCES WHERE "PATH" = '/v2/accounts/suspend' AND METHOD = 'POST';
INSERT INTO RESTRESOURCES(RESTRESOURCES_PK, "METHOD", APPLICATION, "PATH", RESOURCEID, OPERATION, DESCRIPTION) VALUES((SELECT max(CAST(RESTRESOURCES_PK AS INTEGER)) + 1 AS RESTRESOURCES_PK FROM RESTRESOURCES), 'POST', 'VolPayHub', '/v2/accounts/suspend', '028', 'U', 'API for suspending Account');

DELETE FROM RESTRESOURCES WHERE "PATH" = '/v2/accounts/activate' AND METHOD = 'POST';
INSERT INTO RESTRESOURCES(RESTRESOURCES_PK, "METHOD", APPLICATION, "PATH", RESOURCEID, OPERATION, DESCRIPTION) VALUES((SELECT max(CAST(RESTRESOURCES_PK AS INTEGER)) + 1 AS RESTRESOURCES_PK FROM RESTRESOURCES), 'POST', 'VolPayHub', '/v2/accounts/activate', '028', 'U', 'API for activating Account');

DELETE FROM RESTRESOURCES WHERE "PATH" = '/v2/products/suspend' AND METHOD = 'POST';
INSERT INTO RESTRESOURCES(RESTRESOURCES_PK, "METHOD", APPLICATION, "PATH", RESOURCEID, OPERATION, DESCRIPTION) VALUES((SELECT max(CAST(RESTRESOURCES_PK AS INTEGER)) + 1 AS RESTRESOURCES_PK FROM RESTRESOURCES), 'POST', 'VolPayHub', '/v2/products/suspend', '029', 'U', 'API for suspending Product');

DELETE FROM RESTRESOURCES WHERE "PATH" = '/v2/products/activate' AND METHOD = 'POST';
INSERT INTO RESTRESOURCES(RESTRESOURCES_PK, "METHOD", APPLICATION, "PATH", RESOURCEID, OPERATION, DESCRIPTION) VALUES((SELECT max(CAST(RESTRESOURCES_PK AS INTEGER)) + 1 AS RESTRESOURCES_PK FROM RESTRESOURCES), 'POST', 'VolPayHub', '/v2/products/activate', '029', 'U', 'API for activating Product');

DELETE FROM RESTRESOURCES WHERE "PATH" = '/v2/routingagents/suspend' AND METHOD = 'POST';
INSERT INTO RESTRESOURCES(RESTRESOURCES_PK, "METHOD", APPLICATION, "PATH", RESOURCEID, OPERATION, DESCRIPTION) VALUES((SELECT max(CAST(RESTRESOURCES_PK AS INTEGER)) + 1 AS RESTRESOURCES_PK FROM RESTRESOURCES), 'POST', 'VolPayHub', '/v2/routingagents/suspend', '030', 'U', 'API for suspending RoutingAgent');

DELETE FROM RESTRESOURCES WHERE "PATH" = '/v2/routingagents/activate' AND METHOD = 'POST';
INSERT INTO RESTRESOURCES(RESTRESOURCES_PK, "METHOD", APPLICATION, "PATH", RESOURCEID, OPERATION, DESCRIPTION) VALUES((SELECT max(CAST(RESTRESOURCES_PK AS INTEGER)) + 1 AS RESTRESOURCES_PK FROM RESTRESOURCES), 'POST', 'VolPayHub', '/v2/routingagents/activate', '030', 'U', 'API for activating RoutingAgent');

DELETE FROM RESTRESOURCES WHERE "PATH" = '/v2/calendars/suspend' AND METHOD = 'POST';
INSERT INTO RESTRESOURCES(RESTRESOURCES_PK, "METHOD", APPLICATION, "PATH", RESOURCEID, OPERATION, DESCRIPTION) VALUES((SELECT max(CAST(RESTRESOURCES_PK AS INTEGER)) + 1 AS RESTRESOURCES_PK FROM RESTRESOURCES), 'POST', 'VolPayHub', '/v2/calendars/suspend', '031', 'U', 'API for suspending Calendar');

DELETE FROM RESTRESOURCES WHERE "PATH" = '/v2/calendars/activate' AND METHOD = 'POST';
INSERT INTO RESTRESOURCES(RESTRESOURCES_PK, "METHOD", APPLICATION, "PATH", RESOURCEID, OPERATION, DESCRIPTION) VALUES((SELECT max(CAST(RESTRESOURCES_PK AS INTEGER)) + 1 AS RESTRESOURCES_PK FROM RESTRESOURCES), 'POST', 'VolPayHub', '/v2/calendars/activate', '031', 'U', 'API for activating  Calendar');

DELETE FROM RESTRESOURCES WHERE "PATH" = '/v2/countries/suspend' AND METHOD = 'POST';
INSERT INTO RESTRESOURCES(RESTRESOURCES_PK, "METHOD", APPLICATION, "PATH", RESOURCEID, OPERATION, DESCRIPTION) VALUES((SELECT max(CAST(RESTRESOURCES_PK AS INTEGER)) + 1 AS RESTRESOURCES_PK FROM RESTRESOURCES), 'POST', 'VolPayHub', '/v2/countries/suspend', '032', 'U', 'API for suspending Country');

DELETE FROM RESTRESOURCES WHERE "PATH" = '/v2/countries/activate' AND METHOD = 'POST';
INSERT INTO RESTRESOURCES(RESTRESOURCES_PK, "METHOD", APPLICATION, "PATH", RESOURCEID, OPERATION, DESCRIPTION) VALUES((SELECT max(CAST(RESTRESOURCES_PK AS INTEGER)) + 1 AS RESTRESOURCES_PK FROM RESTRESOURCES), 'POST', 'VolPayHub', '/v2/countries/activate', '032', 'U', 'API for activating Country');

DELETE FROM RESTRESOURCES WHERE "PATH" = '/v2/currencies/suspend' AND METHOD = 'POST';
INSERT INTO RESTRESOURCES(RESTRESOURCES_PK, "METHOD", APPLICATION, "PATH", RESOURCEID, OPERATION, DESCRIPTION) VALUES((SELECT max(CAST(RESTRESOURCES_PK AS INTEGER)) + 1 AS RESTRESOURCES_PK FROM RESTRESOURCES), 'POST', 'VolPayHub', '/v2/currencies/suspend', '033', 'U', 'API for suspending Currency');

DELETE FROM RESTRESOURCES WHERE "PATH" = '/v2/currencies/activate' AND METHOD = 'POST';
INSERT INTO RESTRESOURCES(RESTRESOURCES_PK, "METHOD", APPLICATION, "PATH", RESOURCEID, OPERATION, DESCRIPTION) VALUES((SELECT max(CAST(RESTRESOURCES_PK AS INTEGER)) + 1 AS RESTRESOURCES_PK FROM RESTRESOURCES), 'POST', 'VolPayHub', '/v2/currencies/activate', '033', 'U', 'API for activating Currency');

DELETE FROM RESTRESOURCES WHERE "PATH" = '/v2/countrycorrespondents/suspend' AND METHOD = 'POST';
INSERT INTO RESTRESOURCES(RESTRESOURCES_PK, "METHOD", APPLICATION, "PATH", RESOURCEID, OPERATION, DESCRIPTION) VALUES((SELECT max(CAST(RESTRESOURCES_PK AS INTEGER)) + 1 AS RESTRESOURCES_PK FROM RESTRESOURCES), 'POST', 'VolPayHub', '/v2/countrycorrespondents/suspend', '034', 'U', 'API for suspending CountryCorrespondent');

DELETE FROM RESTRESOURCES WHERE "PATH" = '/v2/countrycorrespondents/activate' AND METHOD = 'POST';
INSERT INTO RESTRESOURCES(RESTRESOURCES_PK, "METHOD", APPLICATION, "PATH", RESOURCEID, OPERATION, DESCRIPTION) VALUES((SELECT max(CAST(RESTRESOURCES_PK AS INTEGER)) + 1 AS RESTRESOURCES_PK FROM RESTRESOURCES), 'POST', 'VolPayHub', '/v2/countrycorrespondents/activate', '034', 'U', 'API for activating CountryCorrespondent');

DELETE FROM RESTRESOURCES WHERE "PATH" = '/v2/cutoffs/suspend' AND METHOD = 'POST';
INSERT INTO RESTRESOURCES(RESTRESOURCES_PK, "METHOD", APPLICATION, "PATH", RESOURCEID, OPERATION, DESCRIPTION) VALUES((SELECT max(CAST(RESTRESOURCES_PK AS INTEGER)) + 1 AS RESTRESOURCES_PK FROM RESTRESOURCES), 'POST', 'VolPayHub', '/v2/cutoffs/suspend', '035', 'U', 'API for suspending CutOff');

DELETE FROM RESTRESOURCES WHERE "PATH" = '/v2/cutoffs/activate' AND METHOD = 'POST';
INSERT INTO RESTRESOURCES(RESTRESOURCES_PK, "METHOD", APPLICATION, "PATH", RESOURCEID, OPERATION, DESCRIPTION) VALUES((SELECT max(CAST(RESTRESOURCES_PK AS INTEGER)) + 1 AS RESTRESOURCES_PK FROM RESTRESOURCES), 'POST', 'VolPayHub', '/v2/cutoffs/activate', '035', 'U', 'API for activating CutOff');

DELETE FROM RESTRESOURCES WHERE "PATH" = '/v2/departments/suspend' AND METHOD = 'POST';
INSERT INTO RESTRESOURCES(RESTRESOURCES_PK, "METHOD", APPLICATION, "PATH", RESOURCEID, OPERATION, DESCRIPTION) VALUES((SELECT max(CAST(RESTRESOURCES_PK AS INTEGER)) + 1 AS RESTRESOURCES_PK FROM RESTRESOURCES), 'POST', 'VolPayHub', '/v2/departments/suspend', '037', 'U', 'API for suspending Department');

DELETE FROM RESTRESOURCES WHERE "PATH" = '/v2/departments/activate' AND METHOD = 'POST';
INSERT INTO RESTRESOURCES(RESTRESOURCES_PK, "METHOD", APPLICATION, "PATH", RESOURCEID, OPERATION, DESCRIPTION) VALUES((SELECT max(CAST(RESTRESOURCES_PK AS INTEGER)) + 1 AS RESTRESOURCES_PK FROM RESTRESOURCES), 'POST', 'VolPayHub', '/v2/departments/activate', '037', 'U', 'API for activating Department');

DELETE FROM RESTRESOURCES WHERE "PATH" = '/v2/regions/suspend' AND METHOD = 'POST';
INSERT INTO RESTRESOURCES(RESTRESOURCES_PK, "METHOD", APPLICATION, "PATH", RESOURCEID, OPERATION, DESCRIPTION) VALUES((SELECT max(CAST(RESTRESOURCES_PK AS INTEGER)) + 1 AS RESTRESOURCES_PK FROM RESTRESOURCES), 'POST', 'VolPayHub', '/v2/regions/suspend', '038', 'U', 'API for suspending Region');

DELETE FROM RESTRESOURCES WHERE "PATH" = '/v2/regions/activate' AND METHOD = 'POST';
INSERT INTO RESTRESOURCES(RESTRESOURCES_PK, "METHOD", APPLICATION, "PATH", RESOURCEID, OPERATION, DESCRIPTION) VALUES((SELECT max(CAST(RESTRESOURCES_PK AS INTEGER)) + 1 AS RESTRESOURCES_PK FROM RESTRESOURCES), 'POST', 'VolPayHub', '/v2/regions/activate', '038', 'U', 'API for activating Region');

DELETE FROM RESTRESOURCES WHERE "PATH" = '/v2/businessfunctions/suspend' AND METHOD = 'POST';
INSERT INTO RESTRESOURCES(RESTRESOURCES_PK, "METHOD", APPLICATION, "PATH", RESOURCEID, OPERATION, DESCRIPTION) VALUES((SELECT max(CAST(RESTRESOURCES_PK AS INTEGER)) + 1 AS RESTRESOURCES_PK FROM RESTRESOURCES), 'POST', 'VolPayHub', '/v2/businessfunctions/suspend', '053', 'U', 'API for suspending BusinessFunctionWorkflow');

DELETE FROM RESTRESOURCES WHERE "PATH" = '/v2/businessfunctions/activate' AND METHOD = 'POST';
INSERT INTO RESTRESOURCES(RESTRESOURCES_PK, "METHOD", APPLICATION, "PATH", RESOURCEID, OPERATION, DESCRIPTION) VALUES((SELECT max(CAST(RESTRESOURCES_PK AS INTEGER)) + 1 AS RESTRESOURCES_PK FROM RESTRESOURCES), 'POST', 'VolPayHub', '/v2/businessfunctions/activate', '053', 'U', 'API for activating BusinessFunctionWorkflow');

DELETE FROM RESTRESOURCES WHERE "PATH" = '/v2/businessprocesses/suspend' AND METHOD = 'POST';
INSERT INTO RESTRESOURCES(RESTRESOURCES_PK, "METHOD", APPLICATION, "PATH", RESOURCEID, OPERATION, DESCRIPTION) VALUES((SELECT max(CAST(RESTRESOURCES_PK AS INTEGER)) + 1 AS RESTRESOURCES_PK FROM RESTRESOURCES), 'POST', 'VolPayHub', '/v2/businessprocesses/suspend', '054', 'U', 'API for suspending BusinessProcessWorkflow');

DELETE FROM RESTRESOURCES WHERE "PATH" = '/v2/businessprocesses/activate' AND METHOD = 'POST';
INSERT INTO RESTRESOURCES(RESTRESOURCES_PK, "METHOD", APPLICATION, "PATH", RESOURCEID, OPERATION, DESCRIPTION) VALUES((SELECT max(CAST(RESTRESOURCES_PK AS INTEGER)) + 1 AS RESTRESOURCES_PK FROM RESTRESOURCES), 'POST', 'VolPayHub', '/v2/businessprocesses/activate', '054', 'U', 'API for activating BusinessProcessWorkflow');

DELETE FROM RESTRESOURCES WHERE "PATH" = '/v2/methodofpaymentpriorities/suspend' AND METHOD = 'POST';
INSERT INTO RESTRESOURCES(RESTRESOURCES_PK, "METHOD", APPLICATION, "PATH", RESOURCEID, OPERATION, DESCRIPTION) VALUES((SELECT max(CAST(RESTRESOURCES_PK AS INTEGER)) + 1 AS RESTRESOURCES_PK FROM RESTRESOURCES), 'POST', 'VolPayHub', '/v2/methodofpaymentpriorities/suspend', '039', 'U', 'API for suspending MOPPriority');

DELETE FROM RESTRESOURCES WHERE "PATH" = '/v2/methodofpaymentpriorities/activate' AND METHOD = 'POST';
INSERT INTO RESTRESOURCES(RESTRESOURCES_PK, "METHOD", APPLICATION, "PATH", RESOURCEID, OPERATION, DESCRIPTION) VALUES((SELECT max(CAST(RESTRESOURCES_PK AS INTEGER)) + 1 AS RESTRESOURCES_PK FROM RESTRESOURCES), 'POST', 'VolPayHub', '/v2/methodofpaymentpriorities/activate', '039', 'U', 'API for activating MOPPriority');

DELETE FROM RESTRESOURCES WHERE "PATH" = '/v2/bulkprofiles/suspend' AND METHOD = 'POST';
INSERT INTO RESTRESOURCES(RESTRESOURCES_PK, "METHOD", APPLICATION, "PATH", RESOURCEID, OPERATION, DESCRIPTION) VALUES((SELECT max(CAST(RESTRESOURCES_PK AS INTEGER)) + 1 AS RESTRESOURCES_PK FROM RESTRESOURCES), 'POST', 'VolPayHub', '/v2/bulkprofiles/suspend', '069', 'U', 'API for suspending BulkProfile');

DELETE FROM RESTRESOURCES WHERE "PATH" = '/v2/bulkprofiles/activate' AND METHOD = 'POST';
INSERT INTO RESTRESOURCES(RESTRESOURCES_PK, "METHOD", APPLICATION, "PATH", RESOURCEID, OPERATION, DESCRIPTION) VALUES((SELECT max(CAST(RESTRESOURCES_PK AS INTEGER)) + 1 AS RESTRESOURCES_PK FROM RESTRESOURCES), 'POST', 'VolPayHub', '/v2/bulkprofiles/activate', '069', 'U', 'API for activating BulkProfile');

DELETE FROM RESTRESOURCES WHERE "PATH" = '/v2/bulkprofileoverrides/suspend' AND METHOD = 'POST';
INSERT INTO RESTRESOURCES(RESTRESOURCES_PK, "METHOD", APPLICATION, "PATH", RESOURCEID, OPERATION, DESCRIPTION) VALUES((SELECT max(CAST(RESTRESOURCES_PK AS INTEGER)) + 1 AS RESTRESOURCES_PK FROM RESTRESOURCES), 'POST', 'VolPayHub', '/v2/bulkprofileoverrides/suspend', '070', 'U', 'API for suspending BulkProfileOverride');

DELETE FROM RESTRESOURCES WHERE "PATH" = '/v2/bulkprofileoverrides/activate' AND METHOD = 'POST';
INSERT INTO RESTRESOURCES(RESTRESOURCES_PK, "METHOD", APPLICATION, "PATH", RESOURCEID, OPERATION, DESCRIPTION) VALUES((SELECT max(CAST(RESTRESOURCES_PK AS INTEGER)) + 1 AS RESTRESOURCES_PK FROM RESTRESOURCES), 'POST', 'VolPayHub', '/v2/bulkprofileoverrides/activate', '070', 'U', 'API for activating BulkProfileOverride');

DELETE FROM RESTRESOURCES WHERE "PATH" = '/v2/actiondefinitions/suspend' AND METHOD = 'POST';
INSERT INTO RESTRESOURCES(RESTRESOURCES_PK, "METHOD", APPLICATION, "PATH", RESOURCEID, OPERATION, DESCRIPTION) VALUES((SELECT max(CAST(RESTRESOURCES_PK AS INTEGER)) + 1 AS RESTRESOURCES_PK FROM RESTRESOURCES), 'POST', 'VolPayHub', '/v2/actiondefinitions/suspend', '060', 'U', 'API for Suspending Action Definition');

DELETE FROM RESTRESOURCES WHERE "PATH" = '/v2/actiondefinitions/activate' AND METHOD = 'POST';
INSERT INTO RESTRESOURCES(RESTRESOURCES_PK, "METHOD", APPLICATION, "PATH", RESOURCEID, OPERATION, DESCRIPTION) VALUES((SELECT max(CAST(RESTRESOURCES_PK AS INTEGER)) + 1 AS RESTRESOURCES_PK FROM RESTRESOURCES), 'POST', 'VolPayHub', '/v2/actiondefinitions/activate', '060', 'U', 'API for Activating Action Definition');

DELETE FROM RESTRESOURCES WHERE "PATH" = '/v2/incidencedefinitions/suspend' AND METHOD = 'POST';
INSERT INTO RESTRESOURCES(RESTRESOURCES_PK, "METHOD", APPLICATION, "PATH", RESOURCEID, OPERATION, DESCRIPTION) VALUES((SELECT max(CAST(RESTRESOURCES_PK AS INTEGER)) + 1 AS RESTRESOURCES_PK FROM RESTRESOURCES), 'POST', 'VolPayHub', '/v2/incidencedefinitions/suspend', '062', 'U', 'API for Suspending Incidence Definition');

DELETE FROM RESTRESOURCES WHERE "PATH" = '/v2/incidencedefinitions/activate' AND METHOD = 'POST';
INSERT INTO RESTRESOURCES(RESTRESOURCES_PK, "METHOD", APPLICATION, "PATH", RESOURCEID, OPERATION, DESCRIPTION) VALUES((SELECT max(CAST(RESTRESOURCES_PK AS INTEGER)) + 1 AS RESTRESOURCES_PK FROM RESTRESOURCES), 'POST', 'VolPayHub', '/v2/incidencedefinitions/activate', '062', 'U', 'API for Activating Incidence Definition');

DELETE FROM RESTRESOURCES WHERE "PATH" = '/v2/statusactions/suspend' AND METHOD = 'POST';
INSERT INTO RESTRESOURCES(RESTRESOURCES_PK, "METHOD", APPLICATION, "PATH", RESOURCEID, OPERATION, DESCRIPTION) VALUES((SELECT max(CAST(RESTRESOURCES_PK AS INTEGER)) + 1 AS RESTRESOURCES_PK FROM RESTRESOURCES), 'POST', 'VolPayHub', '/v2/statusactions/suspend', '063', 'U', 'API for Suspending Status Action');

DELETE FROM RESTRESOURCES WHERE "PATH" = '/v2/statusactions/activate' AND METHOD = 'POST';
INSERT INTO RESTRESOURCES(RESTRESOURCES_PK, "METHOD", APPLICATION, "PATH", RESOURCEID, OPERATION, DESCRIPTION) VALUES((SELECT max(CAST(RESTRESOURCES_PK AS INTEGER)) + 1 AS RESTRESOURCES_PK FROM RESTRESOURCES), 'POST', 'VolPayHub', '/v2/statusactions/activate', '063', 'U', 'API for Activating Status Action');

DELETE FROM RESTRESOURCES WHERE "PATH" = '/v2/statusdefinitions/suspend' AND METHOD = 'POST';
INSERT INTO RESTRESOURCES(RESTRESOURCES_PK, "METHOD", APPLICATION, "PATH", RESOURCEID, OPERATION, DESCRIPTION) VALUES((SELECT max(CAST(RESTRESOURCES_PK AS INTEGER)) + 1 AS RESTRESOURCES_PK FROM RESTRESOURCES), 'POST', 'VolPayHub', '/v2/statusdefinitions/suspend', '064', 'U', 'API for Suspending Status Definition');

DELETE FROM RESTRESOURCES WHERE "PATH" = '/v2/statusdefinitions/activate' AND METHOD = 'POST';
INSERT INTO RESTRESOURCES(RESTRESOURCES_PK, "METHOD", APPLICATION, "PATH", RESOURCEID, OPERATION, DESCRIPTION) VALUES((SELECT max(CAST(RESTRESOURCES_PK AS INTEGER)) + 1 AS RESTRESOURCES_PK FROM RESTRESOURCES), 'POST', 'VolPayHub', '/v2/statusdefinitions/activate', '064', 'U', 'API for Activating Status Definition');

UPDATE BUSINESSFUNCTIONWORKFLOW SET TASKCONFIG = '<TaskConfig><Configs><Name>HANDLEUNDERLYINGCUSTOMER</Name><Value>FALSE</Value></Configs></TaskConfig>' WHERE FUNCTIONCODE IN ('DebitPartyDerivation-GLV','DebitPartyDerivation');

INSERT INTO VOLPAYCONFIGURATION(NAME, VALUE, "TYPE") VALUES('RFPExpiryNumberOfDays', '3', NULL);

DELETE FROM RESTRESOURCES WHERE "PATH" = '/v2/levelofapprovals' AND METHOD = 'POST';
DELETE FROM RESTRESOURCES WHERE "PATH" = '/v2/levelofapprovals' AND METHOD = 'PUT';
DELETE FROM RESTRESOURCES WHERE "PATH" = '/v2/levelofapprovals/readall' AND METHOD = 'GET';
DELETE FROM RESTRESOURCES WHERE "PATH" = '/v2/levelofapprovals/read' AND METHOD = 'POST';
DELETE FROM RESTRESOURCES WHERE "PATH" = '/v2/levelofapprovals/delete' AND METHOD = 'POST';

DELETE FROM RESTRESOURCES WHERE "PATH" = '/v2/approvalcondition' AND METHOD = 'POST';
DELETE FROM RESTRESOURCES WHERE "PATH" = '/v2/approvalcondition' AND METHOD = 'PUT';
DELETE FROM RESTRESOURCES WHERE "PATH" = '/v2/approvalcondition/readall' AND METHOD = 'POST';
DELETE FROM RESTRESOURCES WHERE "PATH" = '/v2/approvalcondition/read' AND METHOD = 'POST';
DELETE FROM RESTRESOURCES WHERE "PATH" = '/v2/approvalcondition/delete' AND METHOD = 'POST';
DELETE FROM RESTRESOURCES WHERE "PATH" = '/v2/approvalcondition/metainfo' AND METHOD = 'GET';
DELETE FROM RESTRESOURCES WHERE "PATH" = '/v2/approvalcondition/audit/readall' AND METHOD = 'POST';

DELETE FROM ROLERESOURCEPERMISSION WHERE RESOURCEID = '068';

DELETE FROM MENURESOURCEASSOCIATION WHERE RESOURCEID = '068';

DELETE FROM ATTRIBUTEMASTER WHERE ATTRIBUTEID IN ('068002', '068003', '068004');

DELETE FROM RESOURCEMASTER WHERE RESOURCEID = '068';
INSERT INTO RESOURCEMASTER(RESOURCEID, RESOURCENAME, RESOURCEGROUPNAME) VALUES('068', 'Approval Condition', 'System Data');

INSERT INTO MENURESOURCEASSOCIATION(RESOURCEID, MENUID, MENUNAME) VALUES('068', '074', 'Approval Condition');

INSERT INTO RESTRESOURCES(RESTRESOURCES_PK, "METHOD", APPLICATION, "PATH", RESOURCEID, "OPERATION", DESCRIPTION) VALUES((SELECT max(CAST(RESTRESOURCES_PK AS INTEGER)) + 1 AS RESTRESOURCES_PK FROM RESTRESOURCES), 'POST', 'VolPayHub', '/v2/approvalcondition', '068', 'C', 'API to Persist Level Of Approval');
INSERT INTO RESTRESOURCES(RESTRESOURCES_PK, "METHOD", APPLICATION, "PATH", RESOURCEID, "OPERATION", DESCRIPTION) VALUES((SELECT max(CAST(RESTRESOURCES_PK AS INTEGER)) + 1 AS RESTRESOURCES_PK FROM RESTRESOURCES), 'PUT', 'VolPayHub', '/v2/approvalcondition', '068', 'U', 'API to Update Level Of Approval');
INSERT INTO RESTRESOURCES(RESTRESOURCES_PK, "METHOD", APPLICATION, "PATH", RESOURCEID, "OPERATION", DESCRIPTION) VALUES((SELECT max(CAST(RESTRESOURCES_PK AS INTEGER)) + 1 AS RESTRESOURCES_PK FROM RESTRESOURCES), 'POST', 'VolPayHub', '/v2/approvalcondition/readall', '068', 'R', 'API to Read All Level Of Approval');
INSERT INTO RESTRESOURCES(RESTRESOURCES_PK, "METHOD", APPLICATION, "PATH", RESOURCEID, "OPERATION", DESCRIPTION) VALUES((SELECT max(CAST(RESTRESOURCES_PK AS INTEGER)) + 1 AS RESTRESOURCES_PK FROM RESTRESOURCES), 'POST', 'VolPayHub', '/v2/approvalcondition/read', '068', 'R', 'API to Read Specific Level Of Approval');
INSERT INTO RESTRESOURCES(RESTRESOURCES_PK, "METHOD", APPLICATION, "PATH", RESOURCEID, "OPERATION", DESCRIPTION) VALUES((SELECT max(CAST(RESTRESOURCES_PK AS INTEGER)) + 1 AS RESTRESOURCES_PK FROM RESTRESOURCES), 'POST', 'VolPayHub', '/v2/approvalcondition/delete', '068', 'D', 'API to Delete Level Of Approval');

DELETE FROM RESTRESOURCES WHERE "PATH" = '/v2/roles/resourcename' AND METHOD = 'GET';
INSERT INTO RESTRESOURCES(RESTRESOURCES_PK, "METHOD", APPLICATION, "PATH", RESOURCEID, OPERATION, DESCRIPTION) VALUES((SELECT max(CAST(RESTRESOURCES_PK AS INTEGER)) + 1 AS RESTRESOURCES_PK FROM RESTRESOURCES), 'GET', 'VolPayHub', '/v2/roles/resourcename', '042', 'R', 'API to get the Resource Name');

DELETE FROM RESTRESOURCES WHERE "PATH" = '/v2/roles/operationlist/{ResourceName}' AND METHOD = 'GET';
INSERT INTO RESTRESOURCES(RESTRESOURCES_PK, "METHOD", APPLICATION, "PATH", RESOURCEID, OPERATION, DESCRIPTION) VALUES((SELECT max(CAST(RESTRESOURCES_PK AS INTEGER)) + 1 AS RESTRESOURCES_PK FROM RESTRESOURCES), 'GET', 'VolPayHub', '/v2/roles/operationlist/{ResourceName}', '042', 'R', 'API to get the Operation List Based on the Resource Name');

INSERT INTO RESTRESOURCES(RESTRESOURCES_PK, "METHOD", APPLICATION, "PATH", RESOURCEID, OPERATION, DESCRIPTION) VALUES((SELECT max(CAST(RESTRESOURCES_PK AS INTEGER)) + 1 AS RESTRESOURCES_PK FROM RESTRESOURCES), 'GET', 'VolPayHub', '/v2/approvalcondition/metainfo', '007', 'R', 'API to get the Approval Condition Meta info');

INSERT INTO ROLERESOURCEPERMISSION(ROLEID, RESOURCEID, PERMISSION) VALUES('Super Admin', '068', 'A1');
INSERT INTO ROLERESOURCEPERMISSION(ROLEID, RESOURCEID, PERMISSION) VALUES('Super Admin', '068', 'C');
INSERT INTO ROLERESOURCEPERMISSION(ROLEID, RESOURCEID, PERMISSION) VALUES('Super Admin', '068', 'D');
INSERT INTO ROLERESOURCEPERMISSION(ROLEID, RESOURCEID, PERMISSION) VALUES('Super Admin', '068', 'R');
INSERT INTO ROLERESOURCEPERMISSION(ROLEID, RESOURCEID, PERMISSION) VALUES('Super Admin', '068', 'U');

DELETE FROM ENTITYKEYLIST WHERE TABLENAME = 'APPROVALCONDITION';
INSERT INTO ENTITYKEYLIST(ENTITYKEYLIST_PK, TABLENAME, UNIQUEKEYS) VALUES((SELECT max(CAST(ENTITYKEYLIST_PK AS INTEGER)) + 1 AS ENTITYKEYLIST_PK FROM ENTITYKEYLIST), 'APPROVALCONDITION', 'ResourceApprovalPermission_PK');

DELETE FROM ENTITYRESOURCELIST WHERE ACTUALENTITY = 'approvalcondition';
INSERT INTO ENTITYRESOURCELIST(ENTITYRESOURCELIST_PK, ACTUALENTITY, RESTENTITY) VALUES((SELECT max(CAST(ENTITYRESOURCELIST_PK AS INTEGER)) + 1 AS ENTITYRESOURCELIST_PK FROM ENTITYRESOURCELIST), 'approvalcondition', 'approvalcondition');

DELETE FROM RESTRESOURCES WHERE "PATH" = '/v2/processname/code' AND METHOD = 'GET';
DELETE FROM RESTRESOURCES WHERE "PATH" = '/v2/fxratechart/metainfo' AND METHOD = 'GET';
DELETE FROM RESTRESOURCES WHERE "PATH" = '/v2/fxratecharts/metainfo' AND METHOD = 'GET';
INSERT INTO RESTRESOURCES(RESTRESOURCES_PK, "METHOD", APPLICATION, "PATH", RESOURCEID, OPERATION, DESCRIPTION) VALUES((SELECT max(CAST(RESTRESOURCES_PK AS INTEGER)) + 1 AS RESTRESOURCES_PK FROM RESTRESOURCES), 'GET', 'VolPayHub', '/v2/fxratecharts/metainfo', '007', 'R', 'API for getting FXRateChart Meta Information');

DELETE FROM ATTRIBUTEMASTER WHERE ATTRIBUTEID IN ('071006', '071007', '071008');
INSERT INTO ATTRIBUTEMASTER(RESOURCEID, ATTRIBUTEID, ATTRIBUTENAME, ATTRIBUTETYPE) VALUES('071','071006','Status','String');
INSERT INTO ATTRIBUTEMASTER(RESOURCEID, ATTRIBUTEID, ATTRIBUTENAME, ATTRIBUTETYPE) VALUES('071','071007','EffectiveFromDate','DateOnly');
INSERT INTO ATTRIBUTEMASTER(RESOURCEID, ATTRIBUTEID, ATTRIBUTENAME, ATTRIBUTETYPE) VALUES('071','071008','EffectiveTillDate','DateOnly');

UPDATE INTERFACE SET OVERRIDEFLOW='OFACResponseOverrideFlow' WHERE INVOCATIONPOINTIDENTIFIER='OFAC';

DELETE FROM INCIDENCEMASTER WHERE INCIDENCECODE IN ('TRSATTMSG002','TRSATTMSG004','TRSATTMSG005','TRSATTMSG006','TRSATTMSG007','TRSATTMSG008');
INSERT INTO INCIDENCEMASTER (INCIDENCECODE,WORKFLOWCODE,ALLOWEDPROCESSSTATUS,ALLOWEDPARAMETER,ALLOWSTP)  VALUES('TRSATTMSG002','PAYMENT','REPAIR','attchMsgID',0);
INSERT INTO INCIDENCEMASTER (INCIDENCECODE,WORKFLOWCODE,ALLOWEDPROCESSSTATUS,ALLOWSTP)  VALUES('TRSATTMSG004','PAYMENT','REPAIR',0);
INSERT INTO INCIDENCEMASTER (INCIDENCECODE,WORKFLOWCODE,ALLOWEDPROCESSSTATUS,ALLOWEDPARAMETER,ALLOWSTP)  VALUES('TRSATTMSG005','PAYMENT','REPAIR','psaCode',0);
INSERT INTO INCIDENCEMASTER (INCIDENCECODE,WORKFLOWCODE,ALLOWEDPROCESSSTATUS,ALLOWEDPARAMETER,ALLOWSTP)  VALUES('TRSATTMSG006','PAYMENT','REPAIR','recipPartyCode,PSAserviceCode',0);
INSERT INTO INCIDENCEMASTER (INCIDENCECODE,WORKFLOWCODE,ALLOWEDPROCESSSTATUS,ALLOWEDPARAMETER,ALLOWSTP)  VALUES('TRSATTMSG007','PAYMENT','REPAIR','psaCode',0);
INSERT INTO INCIDENCEMASTER (INCIDENCECODE,WORKFLOWCODE,ALLOWEDPROCESSSTATUS,ALLOWEDPARAMETER,ALLOWSTP)  VALUES('TRSATTMSG008','PAYMENT','REPAIR','psaCode',0);

DELETE FROM INCIDENCEDEFINITION WHERE INCIDENCECODE IN ('TRSATTMSG002','TRSATTMSG004','TRSATTMSG005','TRSATTMSG006','TRSATTMSG007','TRSATTMSG008');
INSERT INTO INCIDENCEDEFINITION (INCIDENCECODE,DESCRIPTION,INCIDENCERESOLUTION,SEVERITY,INCIDENCEORIGIN,CANCLIENTSETPREFERENCE,OPSSEVERITYPREFERENCE,CLIENTSEVERITYPREFERENCE,REPAIRANDMANUALINPUT,PROCESSSTATUS,INCIDENCETYPE,WORKFLOWCODE,INCIDENCEDEFINITION_PK,PROCESSNAME,PARTYSERVICEASSOCIATIONCODE,STATUS,EFFECTIVEFROMDATE,EFFECTIVETILLDATE) VALUES('TRSATTMSG002','No record found in AttachedMessage table for attachedMsgID ${attchMsgID}','Error','High','User',NULL,NULL,NULL,NULL,'REPAIR','ISSUE','PAYMENT',(SELECT max(CAST(INCIDENCEDEFINITION_PK AS INTEGER)) + 1 AS INCIDENCEDEFINITION_PK FROM INCIDENCEDEFINITION),'All','All','ACTIVE',TO_DATE('2017-04-25', 'YYYY-MM-DD'),NULL);
INSERT INTO INCIDENCEDEFINITION (INCIDENCECODE,DESCRIPTION,INCIDENCERESOLUTION,SEVERITY,INCIDENCEORIGIN,CANCLIENTSETPREFERENCE,OPSSEVERITYPREFERENCE,CLIENTSEVERITYPREFERENCE,REPAIRANDMANUALINPUT,PROCESSSTATUS,INCIDENCETYPE,WORKFLOWCODE,INCIDENCEDEFINITION_PK,PROCESSNAME,PARTYSERVICEASSOCIATIONCODE,STATUS,EFFECTIVEFROMDATE,EFFECTIVETILLDATE) VALUES('TRSATTMSG004','Unable to identify the recipient PSA, no Recipient party found','Error','High','User',NULL,NULL,NULL,NULL,'REPAIR','ISSUE','PAYMENT',(SELECT max(CAST(INCIDENCEDEFINITION_PK AS INTEGER)) + 1 AS INCIDENCEDEFINITION_PK FROM INCIDENCEDEFINITION),'All','All','ACTIVE',TO_DATE('2017-04-25', 'YYYY-MM-DD'),NULL);
INSERT INTO INCIDENCEDEFINITION (INCIDENCECODE,DESCRIPTION,INCIDENCERESOLUTION,SEVERITY,INCIDENCEORIGIN,CANCLIENTSETPREFERENCE,OPSSEVERITYPREFERENCE,CLIENTSEVERITYPREFERENCE,REPAIRANDMANUALINPUT,PROCESSSTATUS,INCIDENCETYPE,WORKFLOWCODE,INCIDENCEDEFINITION_PK,PROCESSNAME,PARTYSERVICEASSOCIATIONCODE,STATUS,EFFECTIVEFROMDATE,EFFECTIVETILLDATE) VALUES('TRSATTMSG005','For PSA ${psaCode} service code is empty','Error','High','User',NULL,NULL,NULL,NULL,'REPAIR','ISSUE','PAYMENT',(SELECT max(CAST(INCIDENCEDEFINITION_PK AS INTEGER)) + 1 AS INCIDENCEDEFINITION_PK FROM INCIDENCEDEFINITION),'All','All','ACTIVE',TO_DATE('2017-04-25', 'YYYY-MM-DD'),NULL);
INSERT INTO INCIDENCEDEFINITION (INCIDENCECODE,DESCRIPTION,INCIDENCERESOLUTION,SEVERITY,INCIDENCEORIGIN,CANCLIENTSETPREFERENCE,OPSSEVERITYPREFERENCE,CLIENTSEVERITYPREFERENCE,REPAIRANDMANUALINPUT,PROCESSSTATUS,INCIDENCETYPE,WORKFLOWCODE,INCIDENCEDEFINITION_PK,PROCESSNAME,PARTYSERVICEASSOCIATIONCODE,STATUS,EFFECTIVEFROMDATE,EFFECTIVETILLDATE) VALUES('TRSATTMSG006','No PSA entry found with party code as ${recipPartyCode} and service code as ${PSAserviceCode}','Error','High','User',NULL,NULL,NULL,NULL,'REPAIR','ISSUE','PAYMENT',(SELECT max(CAST(INCIDENCEDEFINITION_PK AS INTEGER)) + 1 AS INCIDENCEDEFINITION_PK FROM INCIDENCEDEFINITION),'All','All','ACTIVE',TO_DATE('2017-04-25', 'YYYY-MM-DD'),NULL);
INSERT INTO INCIDENCEDEFINITION (INCIDENCECODE,DESCRIPTION,INCIDENCERESOLUTION,SEVERITY,INCIDENCEORIGIN,CANCLIENTSETPREFERENCE,OPSSEVERITYPREFERENCE,CLIENTSEVERITYPREFERENCE,REPAIRANDMANUALINPUT,PROCESSSTATUS,INCIDENCETYPE,WORKFLOWCODE,INCIDENCEDEFINITION_PK,PROCESSNAME,PARTYSERVICEASSOCIATIONCODE,STATUS,EFFECTIVEFROMDATE,EFFECTIVETILLDATE) VALUES('TRSATTMSG007','For PSA ${psaCode} more than one transport record found in transport table with direction as ACK','Error','High','User',NULL,NULL,NULL,NULL,'REPAIR','ISSUE','PAYMENT',(SELECT max(CAST(INCIDENCEDEFINITION_PK AS INTEGER)) + 1 AS INCIDENCEDEFINITION_PK FROM INCIDENCEDEFINITION),'All','All','ACTIVE',TO_DATE('2017-04-25', 'YYYY-MM-DD'),NULL);
INSERT INTO INCIDENCEDEFINITION (INCIDENCECODE,DESCRIPTION,INCIDENCERESOLUTION,SEVERITY,INCIDENCEORIGIN,CANCLIENTSETPREFERENCE,OPSSEVERITYPREFERENCE,CLIENTSEVERITYPREFERENCE,REPAIRANDMANUALINPUT,PROCESSSTATUS,INCIDENCETYPE,WORKFLOWCODE,INCIDENCEDEFINITION_PK,PROCESSNAME,PARTYSERVICEASSOCIATIONCODE,STATUS,EFFECTIVEFROMDATE,EFFECTIVETILLDATE) VALUES('TRSATTMSG008','For PSA ${psaCode} there is no transport record found in transport table with direction as ACK','Error','High','User',NULL,NULL,NULL,NULL,'REPAIR','ISSUE','PAYMENT',(SELECT max(CAST(INCIDENCEDEFINITION_PK AS INTEGER)) + 1 AS INCIDENCEDEFINITION_PK FROM INCIDENCEDEFINITION),'All','All','ACTIVE',TO_DATE('2017-04-25', 'YYYY-MM-DD'),NULL);

INSERT INTO RESTRESOURCES(RESTRESOURCES_PK, "METHOD", APPLICATION, "PATH", RESOURCEID, OPERATION, DESCRIPTION) VALUES((SELECT max(CAST(RESTRESOURCES_PK AS INTEGER)) + 1 AS RESTRESOURCES_PK FROM RESTRESOURCES), 'POST', 'VolPayHub', '/v2/approvalcondition/audit/readall', '068', 'R', 'API to get the Approval Condition Log Audit');

DELETE FROM RESTRESOURCES WHERE "PATH" = '/v2/roles/attributename/{ResourceName}' AND METHOD = 'GET';
INSERT INTO RESTRESOURCES(RESTRESOURCES_PK, "METHOD", APPLICATION, "PATH", RESOURCEID, OPERATION, DESCRIPTION) VALUES((SELECT max(CAST(RESTRESOURCES_PK AS INTEGER)) + 1 AS RESTRESOURCES_PK FROM RESTRESOURCES), 'GET', 'VolPayHub', '/v2/roles/attributename/{ResourceName}', '042', 'R', 'API to get the Attribute Names based on the Resource Name');

DELETE FROM RESTRESOURCES WHERE "PATH" = '/v2/interface/override' AND METHOD = 'POST';
INSERT INTO RESTRESOURCES(RESTRESOURCES_PK, "METHOD", APPLICATION, "PATH", RESOURCEID, OPERATION, DESCRIPTION) VALUES((SELECT max(CAST(RESTRESOURCES_PK AS INTEGER)) + 1 AS RESTRESOURCES_PK FROM RESTRESOURCES), 'POST', 'VolPayHub', '/v2/interface/override', '065', 'R', 'API for Interface Override');

DELETE FROM RESTRESOURCES WHERE "PATH" = '/v2/interface/override/response' AND METHOD = 'POST';
INSERT INTO RESTRESOURCES(RESTRESOURCES_PK, "METHOD", APPLICATION, "PATH", RESOURCEID, OPERATION, DESCRIPTION) VALUES((SELECT max(CAST(RESTRESOURCES_PK AS INTEGER)) + 1 AS RESTRESOURCES_PK FROM RESTRESOURCES), 'POST', 'VolPayHub', '/v2/interface/override/response', '065', 'R', 'API for Interface Override Response');

DELETE FROM RESTRESOURCES WHERE "PATH" = '/v2/transports/reload' AND METHOD = 'POST';
DELETE FROM RESTRESOURCES WHERE "PATH" = '/v2/transports/routeregistry/readall' AND METHOD = 'POST';

DELETE FROM ROLERESOURCEPERMISSION WHERE RESOURCEID = '074';

DELETE FROM MENURESOURCEASSOCIATION WHERE RESOURCEID = '074';

DELETE FROM RESOURCEMASTER WHERE RESOURCEID = '074';
INSERT INTO RESOURCEMASTER(RESOURCEID, RESOURCENAME, RESOURCEGROUPNAME) VALUES('074', 'Route Registry', 'System Data');

INSERT INTO MENURESOURCEASSOCIATION(RESOURCEID, MENUID, MENUNAME) VALUES('074', '075', 'Route Registry');

INSERT INTO RESTRESOURCES(RESTRESOURCES_PK, "METHOD", APPLICATION, "PATH", RESOURCEID, "OPERATION", DESCRIPTION) VALUES((SELECT max(CAST(RESTRESOURCES_PK AS INTEGER)) + 1 AS RESTRESOURCES_PK FROM RESTRESOURCES), 'POST', 'VolPayHub', '/v2/transports/reload', '074', 'R', 'API for Reloading Transport by Application Name (VolPayChannel/ VolPayHub)');

INSERT INTO RESTRESOURCES(RESTRESOURCES_PK, "METHOD", APPLICATION, "PATH", RESOURCEID, OPERATION, DESCRIPTION) VALUES((SELECT max(CAST(RESTRESOURCES_PK AS INTEGER)) + 1 AS RESTRESOURCES_PK FROM RESTRESOURCES), 'POST', 'VolPayHub', '/v2/transports/routeregistry/readall', '074', 'R', 'API for getting active entries from Transport Route Registry');

INSERT INTO ROLERESOURCEPERMISSION(ROLEID, RESOURCEID, PERMISSION) VALUES('Super Admin', '074', 'A1');
INSERT INTO ROLERESOURCEPERMISSION(ROLEID, RESOURCEID, PERMISSION) VALUES('Super Admin', '074', 'C');
INSERT INTO ROLERESOURCEPERMISSION(ROLEID, RESOURCEID, PERMISSION) VALUES('Super Admin', '074', 'D');
INSERT INTO ROLERESOURCEPERMISSION(ROLEID, RESOURCEID, PERMISSION) VALUES('Super Admin', '074', 'R');
INSERT INTO ROLERESOURCEPERMISSION(ROLEID, RESOURCEID, PERMISSION) VALUES('Super Admin', '074', 'U');

DELETE FROM WORKFLOWMASTER WHERE WORKFLOWCODE = 'ATTCHMSG_TXN';
INSERT INTO WORKFLOWMASTER (WORKFLOWMASTER_PK, WORKFLOWCODE, WORKFLOWNAME, WORKFLOWDESCRIPTION) VALUES('7', 'ATTCHMSG_TXN', 'Attached Message Transaction', NULL);

DELETE FROM TASKSMASTER WHERE TASKCODE = 'SendSelectedAttchMsgToTxProcess' AND WORKFLOWCODE = 'INSTRUCTION';
INSERT INTO TASKSMASTER (TASKSMASTER_PK, TASKCODE, TASKNAME, TECHNICALFLOWNAME, TASKDESCRIPTION, WORKFLOWCODE) VALUES('35', 'SendSelectedAttchMsgToTxProcess', 'SendSelectedAttchMsgToTxProcess', 'SendSelectedAttchMsgToTxProcess', NULL, 'INSTRUCTION');

DELETE FROM BUSINESSFUNCTIONMASTER WHERE FUNCTIONCODE = 'SendSelectedAttchMsgToTxProcess';
DELETE FROM BUSINESSFUNCTIONMASTER WHERE FUNCTIONCODE = 'TransmitAttachedMessage';
INSERT INTO BUSINESSFUNCTIONMASTER (BUSINESSFUNCTIONMASTER_PK, FUNCTIONCODE, FUNCTIONDESCRIPTION, WORKFLOWCODE) VALUES('35', 'SendSelectedAttchMsgToTxProcess', NULL, 'INSTRUCTION');
INSERT INTO BUSINESSFUNCTIONMASTER (BUSINESSFUNCTIONMASTER_PK, FUNCTIONCODE, FUNCTIONDESCRIPTION, WORKFLOWCODE) VALUES('36', 'TransmitAttachedMessage', NULL, 'ATTCHMSG_TXN');

DELETE FROM BUSINESSFUNCTIONWORKFLOW WHERE FUNCTIONCODE = 'SendSelectedAttchMsgToTxProcess' AND TASKCODE = 'SendSelectedAttchMsgToTxProcess' AND ACTIVITYINDEX = 25;
DELETE FROM BUSINESSFUNCTIONWORKFLOW WHERE FUNCTIONCODE = 'TransmitAttachedMessage' AND TASKCODE = 'TransmitAttachedMessage' AND ACTIVITYINDEX = 20;
INSERT INTO BUSINESSFUNCTIONWORKFLOW (BUSINESSFUNCTIONWORKFLOW_PK, FUNCTIONCODE, TASKCODE, ACTIVITYINDEX, TASKCONFIG, STATUS, EFFECTIVEFROMDATE, EFFECTIVETILLDATE) VALUES('35', 'SendSelectedAttchMsgToTxProcess', 'SendSelectedAttchMsgToTxProcess', 25, NULL, 'ACTIVE', TO_DATE('2017-01-01', 'YYYY-MM-DD'), NULL);
INSERT INTO BUSINESSFUNCTIONWORKFLOW (BUSINESSFUNCTIONWORKFLOW_PK, FUNCTIONCODE, TASKCODE, ACTIVITYINDEX, TASKCONFIG, STATUS, EFFECTIVEFROMDATE, EFFECTIVETILLDATE) VALUES('36', 'TransmitAttachedMessage', 'TransmitAttachedMessage', 20, '<TaskConfig><Configs><Name>RPX</Name><Value>US-RTPG-PACS008</Value></Configs></TaskConfig>', 'ACTIVE', TO_DATE('2016-01-01 00:00:00','YYYY-MM-DD HH24:MI:SS'), NULL);

DELETE FROM BUSINESSPROCESSMASTER WHERE PROCESSCODE = 'REMT-DEFAULT';
INSERT INTO BUSINESSPROCESSMASTER (BUSINESSPROCESSMASTER_PK, PROCESSCODE, PROCESSNAME, PROCESSDESCRIPTION) VALUES('3', 'REMT-DEFAULT', 'Remit configuration', NULL);

DELETE FROM BUSINESSPROCESSWORKFLOW WHERE PROCESSCODE = 'REMT-DEFAULT' AND FUNCTIONCODE = 'ValidateAndDebulkProcessor' AND WORKFLOWCODE = 'INSTRUCTION';
DELETE FROM BUSINESSPROCESSWORKFLOW WHERE PROCESSCODE = 'REMT-DEFAULT' AND FUNCTIONCODE = 'SendSelectedAttchMsgToTxProcess' AND WORKFLOWCODE = 'INSTRUCTION';
DELETE FROM BUSINESSPROCESSWORKFLOW WHERE PROCESSCODE = 'REMT-DEFAULT' AND FUNCTIONCODE = 'TransmitAttachedMessage' AND WORKFLOWCODE = 'ATTCHMSG_TXN';
INSERT INTO BUSINESSPROCESSWORKFLOW (BUSINESSPROCESSWORKFLOW_PK, PROCESSCODE, FUNCTIONCODE, ACTIVITYINDEX, WORKFLOWCODE, STATUS, EFFECTIVEFROMDATE, EFFECTIVETILLDATE, BUSINESSRULEHANDLERFLOW) VALUES('35', 'REMT-DEFAULT', 'ValidateAndDebulkProcessor', 10, 'INSTRUCTION', 'ACTIVE', TO_DATE('2016-01-01 00:00:00','YYYY-MM-DD HH24:MI:SS'), NULL, NULL);
INSERT INTO BUSINESSPROCESSWORKFLOW (BUSINESSPROCESSWORKFLOW_PK, PROCESSCODE, FUNCTIONCODE, ACTIVITYINDEX, WORKFLOWCODE, STATUS, EFFECTIVEFROMDATE, EFFECTIVETILLDATE, BUSINESSRULEHANDLERFLOW) VALUES('36', 'REMT-DEFAULT', 'SendSelectedAttchMsgToTxProcess', 20, 'INSTRUCTION', 'ACTIVE', TO_DATE('2016-01-01 00:00:00','YYYY-MM-DD HH24:MI:SS'), NULL, NULL);
INSERT INTO BUSINESSPROCESSWORKFLOW (BUSINESSPROCESSWORKFLOW_PK, PROCESSCODE, FUNCTIONCODE, ACTIVITYINDEX, WORKFLOWCODE, STATUS, EFFECTIVEFROMDATE, EFFECTIVETILLDATE, BUSINESSRULEHANDLERFLOW) VALUES('37', 'REMT-DEFAULT', 'TransmitAttachedMessage', 50, 'ATTCHMSG_TXN', 'ACTIVE', TO_DATE('2016-01-01 00:00:00','YYYY-MM-DD HH24:MI:SS'), NULL, NULL);

UPDATE BUSINESSFUNCTIONWORKFLOW SET TASKCONFIG='<TaskConfig><Configs><Name>UPDATENEEDED</Name><Value>TRUE</Value></Configs><Configs><Name>UPDATEPFDOVERRIDEFLOW</Name><Value>UpdateTransformAndTransmit</Value></Configs><Configs><Name>POSTTRANSFORMTRANSMITCALLBACK</Name><Value>CheckAndHandleRmtInfo</Value></Configs></TaskConfig>' WHERE FUNCTIONCODE='TransformAndTransmit' AND TASKCODE='TransformAndTransmit';

DELETE FROM SERVICECONFIG WHERE MSGFORMAT = 'ISOREMT001';
INSERT INTO SERVICECONFIG (MSGNAME, MSGFORMAT, MSGDESCRIPTION, ISMAPPINGAFLOW, REJECTIONLEVEL, ISINMEMORYPARSING, MSGTYPE, MSGGROUP, IDENTIFYPARENTCALLBACK) VALUES('ISOREMT001', 'ISOREMT001', 'ISO REMT Mesage', 0, 'TRANSACTION', 1, 'REMT', 'REMT', 'IdentifyREMTParentCallBack');

UPDATE SERVICECONFIG SET PREPARSINGCALLBACKFLOWNAME = 'MsgTypeIdentificationForRFP:FormatIdentifier' WHERE MSGFORMAT = 'Pain001_SEPA';

INSERT INTO ATTRIBUTEMASTER(RESOURCEID, ATTRIBUTEID, ATTRIBUTENAME, ATTRIBUTETYPE) VALUES('068', '068002', 'ResourceName', 'String');
INSERT INTO ATTRIBUTEMASTER(RESOURCEID, ATTRIBUTEID, ATTRIBUTENAME, ATTRIBUTETYPE) VALUES('068', '068003', 'Operation', 'String');
INSERT INTO ATTRIBUTEMASTER(RESOURCEID, ATTRIBUTEID, ATTRIBUTENAME, ATTRIBUTETYPE) VALUES('068', '068004', 'ApprovalCount', 'Integer');

DELETE FROM RESOURCEAPPROVALPERMISSION WHERE RESOURCEID = '068' AND "OPERATION" = 'C';
DELETE FROM RESOURCEAPPROVALPERMISSION WHERE RESOURCEID = '068' AND "OPERATION" = 'U';
DELETE FROM RESOURCEAPPROVALPERMISSION WHERE RESOURCEID = '068' AND "OPERATION" = 'D';
INSERT INTO RESOURCEAPPROVALPERMISSION(RESOURCEAPPROVALPERMISSION_PK, RESOURCEID, "OPERATION", APPROVALCOUNT, CONDITIONID) VALUES(SYS_GUID(), '068', 'C', 1, NULL);
INSERT INTO RESOURCEAPPROVALPERMISSION(RESOURCEAPPROVALPERMISSION_PK, RESOURCEID, "OPERATION", APPROVALCOUNT, CONDITIONID) VALUES(SYS_GUID(), '068', 'U', 1, NULL);
INSERT INTO RESOURCEAPPROVALPERMISSION(RESOURCEAPPROVALPERMISSION_PK, RESOURCEID, "OPERATION", APPROVALCOUNT, CONDITIONID) VALUES(SYS_GUID(), '068', 'D', 1, NULL);

DELETE FROM TASKSMASTER WHERE TASKCODE = 'TransmitAttachedMessage' AND WORKFLOWCODE = 'ATTCHMSG_TXN';
INSERT INTO TASKSMASTER (TASKSMASTER_PK, TASKCODE, TASKNAME, TECHNICALFLOWNAME, TASKDESCRIPTION, WORKFLOWCODE) VALUES('36', 'TransmitAttachedMessage', 'TransmitAttachedMessage', 'TransmitAttachedMessage', NULL, 'ATTCHMSG_TXN');

UPDATE MEMBERSHIP SET PARTICIPANTCONNECTIONID ='990000001S1' WHERE SCHEMECODE ='USRTP';

DELETE FROM RESTRESOURCES WHERE "PATH" = '/v2/manualpaymentinitiationtemplate/rolesaccessible/readall' AND METHOD = 'POST'; 
INSERT INTO RESTRESOURCES(RESTRESOURCES_PK, "METHOD", APPLICATION, "PATH", RESOURCEID, OPERATION, DESCRIPTION) VALUES((SELECT max(CAST(RESTRESOURCES_PK AS INTEGER)) + 1 AS RESTRESOURCES_PK FROM RESTRESOURCES), 'POST', 'VolPayHub', '/v2/manualpaymentinitiationtemplate/rolesaccessible/readall', '071', 'R', 'API for getting  ManualPaymentInitiationTemplate');

UPDATE STATUSACTION SET PROCESSNAME = NULL WHERE PROCESSNAME = 'All';

UPDATE INCIDENCEDEFINITION SET PROCESSNAME = NULL WHERE PROCESSNAME = 'All';
UPDATE INCIDENCEDEFINITION SET PARTYSERVICEASSOCIATIONCODE = NULL WHERE PARTYSERVICEASSOCIATIONCODE = 'All';

DELETE FROM ENTITYKEYLIST WHERE TABLENAME IN ('INCIDENCEDEFINITION', 'STATUSACTION');
INSERT INTO ENTITYKEYLIST(ENTITYKEYLIST_PK, TABLENAME, UNIQUEKEYS) VALUES((SELECT max(CAST(ENTITYKEYLIST_PK AS INTEGER)) + 1 AS ENTITYKEYLIST_PK FROM ENTITYKEYLIST), 'INCIDENCEDEFINITION', 'IncidenceDefinition_PK');
INSERT INTO ENTITYKEYLIST(ENTITYKEYLIST_PK, TABLENAME, UNIQUEKEYS) VALUES((SELECT max(CAST(ENTITYKEYLIST_PK AS INTEGER)) + 1 AS ENTITYKEYLIST_PK FROM ENTITYKEYLIST), 'STATUSACTION', 'StatusAction_PK');

DELETE FROM ACTIONDEFINITION WHERE ACTIONNAME = 'Accept' AND WORKFLOWCODE = 'INSTRUCTION';
INSERT INTO ACTIONDEFINITION(ACTIONNAME, DESCRIPTION, ACTIONDEFINITION_PK, WORKFLOWCODE, ALIASNAME, CLIENTALIASNAME, DUALCONTROLREQUIRED, MANDATENOTE, GROUPACTIONALLOWED, RESTURL, RESTMETHOD, SUCCESSURL, FAILUREURL, FLOWNAME, STATUS, EFFECTIVEFROMDATE, EFFECTIVETILLDATE) VALUES('Accept', 'Resending already sent file Only transfer file from file system. No changes to be done in payload.', (SELECT max(CAST(ACTIONDEFINITION_PK AS INTEGER)) + 1 AS ACTIONDEFINITION_PK FROM ACTIONDEFINITION), 'INSTRUCTION', 'Accept', NULL, NULL, NULL, NULL, '/v2/instructions/duplicate/accept', 'PUT', NULL, NULL, NULL, 'ACTIVE', TO_DATE('2017-01-01', 'YYYY-MM-DD'), NULL);

DELETE FROM ACTIONDEFINITION WHERE ACTIONNAME = 'Reject' AND WORKFLOWCODE = 'INSTRUCTION';
INSERT INTO ACTIONDEFINITION(ACTIONNAME, DESCRIPTION, ACTIONDEFINITION_PK, WORKFLOWCODE, ALIASNAME, CLIENTALIASNAME, DUALCONTROLREQUIRED, MANDATENOTE, GROUPACTIONALLOWED, RESTURL, RESTMETHOD, SUCCESSURL, FAILUREURL, FLOWNAME, STATUS, EFFECTIVEFROMDATE, EFFECTIVETILLDATE) VALUES('Reject', 'Move transaction to REPAIR for edit', (SELECT max(CAST(ACTIONDEFINITION_PK AS INTEGER)) + 1 AS ACTIONDEFINITION_PK FROM ACTIONDEFINITION), 'INSTRUCTION', 'Reject', NULL, NULL, NULL, NULL, '/v2/instructions/reject', 'PUT', NULL, NULL, NULL, 'ACTIVE', TO_DATE('2017-01-01', 'YYYY-MM-DD'), NULL);

DELETE FROM ACTIONDEFINITION WHERE ACTIONNAME = 'Accept-hold' AND WORKFLOWCODE = 'INSTRUCTION';
INSERT INTO ACTIONDEFINITION(ACTIONNAME, DESCRIPTION, ACTIONDEFINITION_PK, WORKFLOWCODE, ALIASNAME, CLIENTALIASNAME, DUALCONTROLREQUIRED, MANDATENOTE, GROUPACTIONALLOWED, RESTURL, RESTMETHOD, SUCCESSURL, FAILUREURL, FLOWNAME, STATUS, EFFECTIVEFROMDATE, EFFECTIVETILLDATE) VALUES('Accept-hold', 'Accepting the file which has more invalid payments than referel threshold configuration in PSA', '13', 'INSTRUCTION', 'Accept', NULL, NULL, NULL, NULL, '/v2/instructions/hold/accept', 'PUT', NULL, NULL, NULL, 'ACTIVE', TO_DATE('2017-01-01', 'YYYY-MM-DD'), NULL);

DELETE FROM ACTIONDEFINITION WHERE ACTIONNAME = 'Reject-hold' AND WORKFLOWCODE = 'INSTRUCTION';
INSERT INTO ACTIONDEFINITION(ACTIONNAME, DESCRIPTION, ACTIONDEFINITION_PK, WORKFLOWCODE, ALIASNAME, CLIENTALIASNAME, DUALCONTROLREQUIRED, MANDATENOTE, GROUPACTIONALLOWED, RESTURL, RESTMETHOD, SUCCESSURL, FAILUREURL, FLOWNAME, STATUS, EFFECTIVEFROMDATE, EFFECTIVETILLDATE) VALUES('Reject-hold', 'Move file to REJECT', (SELECT max(CAST(ACTIONDEFINITION_PK AS INTEGER)) + 1 AS ACTIONDEFINITION_PK FROM ACTIONDEFINITION), 'INSTRUCTION', 'Reject', NULL, NULL, NULL, NULL, '/v2/instructions/reject', 'PUT', NULL, NULL, NULL, 'ACTIVE', TO_DATE('2017-01-01', 'YYYY-MM-DD'), NULL);

DELETE FROM STATUSACTION WHERE "ACTION" = 'Accept-hold' AND WORKFLOWCODE = 'INSTRUCTION';
INSERT INTO STATUSACTION("ACTION", STATUSACTION_PK, WORKFLOWCODE, PROCESSSTATUS, STATUS, EFFECTIVEFROMDATE, EFFECTIVETILLDATE, PROCESSNAME) VALUES('Accept-hold', SYS_GUID(), 'INSTRUCTION', 'HOLD', 'ACTIVE', TO_DATE('2017-01-01', 'YYYY-MM-DD'), NULL, NULL);

DELETE FROM STATUSACTION WHERE "ACTION" = 'Reject-hold' AND WORKFLOWCODE = 'INSTRUCTION';
INSERT INTO STATUSACTION("ACTION", STATUSACTION_PK, WORKFLOWCODE, PROCESSSTATUS, STATUS, EFFECTIVEFROMDATE, EFFECTIVETILLDATE, PROCESSNAME) VALUES('Reject-hold', SYS_GUID(), 'INSTRUCTION', 'HOLD', 'ACTIVE', TO_DATE('2017-01-01', 'YYYY-MM-DD'), NULL, NULL);

UPDATE PARTYSERVICEASSOCIATION SET ADDITIONALCONFIG = '{"AcceptAll":false,"RejectAll":false,"RejectionParams":[{"ID":"1","MinAmount":5000,"Currency":"USD"}],"AcceptParams":[{"ID":"2","BankID":"CITIUS33XXX","BankIdQualifier":"USPID","AccountNum":"1045640407","Currency":"USD"}]}' WHERE PARTYSERVICEASSOCIATIONCODE = 'AUSRTPREQ_RTPPACS008';

UPDATE PARTYSERVICEASSOCIATION SET ADDITIONALCONFIG = '{"AcceptAll":false,"RejectAll":false,"RejectionParams":[{"ID":"1","MinAmount":5000,"Currency":"USD"}],"AcceptParams":[{"ID":"2","BankID":"CITIUS33XXX","BankIdQualifier":"USPID","AccountNum":"1045640407","Currency":"USD"}]}' WHERE PARTYSERVICEASSOCIATIONCODE = 'ESPARTY_DemoCHANNELInput';

DELETE FROM VOLPAYCONFIGURATION WHERE NAME = 'RFPExpiryNumberOfDays';
INSERT INTO VOLPAYCONFIGURATION(NAME, VALUE, "TYPE") VALUES('RFPExpiryNumberOfDays', '3', NULL);

UPDATE INTERFACE SET OVERRIDEFLOW='FundsCheckResponseOverrideFlow' WHERE INVOCATIONPOINTIDENTIFIER='FUNDSCONTROL';
UPDATE INTERFACE SET OVERRIDEFLOW='LiquidityCheckResponseOverrideFlow' WHERE INVOCATIONPOINTIDENTIFIER='LIQUIDITYCONTROL';

COMMIT;
