
INSERT INTO TASKSMASTER (TASKSMASTER_PK, TASKCODE, TASKNAME, TECHNICALFLOWNAME, TASKDESCRIPTION, WORKFLOWCODE) VALUES ('67454ae867454ae86476201564762045', 'CHQHandleSpecialFiles', 'CHQHandleSpecialFiles', 'CHQHandleSpecialFiles', null, 'INSTRUCTION');
INSERT INTO TASKSMASTER (TASKSMASTER_PK, TASKCODE, TASKNAME, TECHNICALFLOWNAME, TASKDESCRIPTION, WORKFLOWCODE) VALUES ('67454ae867454ae86476201564762044', 'CHQCheckValidSession', 'CHQCheckValidSession', 'CHQCheckValidSession', null, 'INSTRUCTION');
INSERT INTO TASKSMASTER (TASKSMASTER_PK, TASKCODE, TASKNAME, TECHNICALFLOWNAME, TASKDESCRIPTION, WORKFLOWCODE) VALUES ('67454ae867454ae86476201564762046', 'CHQPendingSequenceCreation', 'CHQPendingSequenceCreation', 'CHQPendingSequenceCreation', null, 'INSTRUCTION');
INSERT INTO TASKSMASTER (TASKSMASTER_PK, TASKCODE, TASKNAME, TECHNICALFLOWNAME, TASKDESCRIPTION, WORKFLOWCODE) VALUES ('67454ae867454ae86476201564762047', 'CHQDebulkPhysicalFile', 'CHQDebulkPhysicalFile', 'CHQDebulkPhysicalFile', null, 'INSTRUCTION');
INSERT INTO TASKSMASTER (TASKSMASTER_PK, TASKCODE, TASKNAME, TECHNICALFLOWNAME, TASKDESCRIPTION, WORKFLOWCODE) VALUES ('BCC0FFF6C521487AB693A351A941EAB9', 'CHQPCDEnrichment', 'CHQPCDEnrichment', 'CHQPCDEnrichment', null, 'PAYMENT');
INSERT INTO TASKSMASTER (TASKSMASTER_PK, TASKCODE, TASKNAME, TECHNICALFLOWNAME, TASKDESCRIPTION, WORKFLOWCODE) VALUES ('BCC0FFF6C521487AB693A351A941EAC0', 'CHQGetReadyForPresented', 'CHQGetReadyForPresented', 'CHQGetReadyForPresented', null, 'PAYMENT');
INSERT INTO TASKSMASTER (TASKSMASTER_PK, TASKCODE, TASKNAME, TECHNICALFLOWNAME, TASKDESCRIPTION, WORKFLOWCODE) VALUES ('BCC0FFF6C521487AB693A351A941EAC1', 'CHQGetReadyForPermitted', 'CHQGetReadyForPermitted', 'CHQGetReadyForPermitted', null, 'PAYMENT');
INSERT INTO TASKSMASTER (TASKSMASTER_PK, TASKCODE, TASKNAME, TECHNICALFLOWNAME, TASKDESCRIPTION, WORKFLOWCODE) VALUES ('BCC0FFF6C521487AB693A351A941EAC2', 'CHQGetReadyForGlobalClearing', 'CHQGetReadyForGlobalClearing', 'CHQGetReadyForGlobalClearing', null, 'PAYMENT');
INSERT INTO TASKSMASTER (TASKSMASTER_PK, TASKCODE, TASKNAME, TECHNICALFLOWNAME, TASKDESCRIPTION, WORKFLOWCODE) VALUES ('BCC0FFF6C521487AB693A351A941EAC3', 'CHQAMNMatchWithOriginalCheque', 'CHQAMNMatchWithOriginalCheque', 'CHQAMNMatchWithOriginalCheque', null, 'PAYMENT');
INSERT INTO TASKSMASTER (TASKSMASTER_PK, TASKCODE, TASKNAME, TECHNICALFLOWNAME, TASKDESCRIPTION, WORKFLOWCODE) VALUES ('BCC0FFF6C521487AB693A351A941EAC4', 'CHQAMNAmendHandler', 'CHQAMNAmendHandler', 'CHQAMNAmendHandler', null, 'PAYMENT');
INSERT INTO TASKSMASTER (TASKSMASTER_PK, TASKCODE, TASKNAME, TECHNICALFLOWNAME, TASKDESCRIPTION, WORKFLOWCODE) VALUES ('BCC0FFF6C521487AB693A351A941EAC5', 'CHQChequesAdditionalInfo', 'CHQChequesAdditionalInfo', 'CHQChequesAdditionalInfo', null, 'PAYMENT');
INSERT INTO TASKSMASTER (TASKSMASTER_PK, TASKCODE, TASKNAME, TECHNICALFLOWNAME, TASKDESCRIPTION, WORKFLOWCODE) VALUES ('BCC0FFF6C521487AB693A351A941EAC6', 'CHQBatchValidations', 'CHQBatchValidations', 'CHQBatchValidations', null, 'PAYMENT');
INSERT INTO TASKSMASTER (TASKSMASTER_PK, TASKCODE, TASKNAME, TECHNICALFLOWNAME, TASKDESCRIPTION, WORKFLOWCODE) VALUES ('BCC0FFF6C521487AB693A351A941EAC7', 'CHQEntryValidations', 'CHQEntryValidations', 'CHQEntryValidations', null, 'PAYMENT');
INSERT INTO TASKSMASTER (TASKSMASTER_PK, TASKCODE, TASKNAME, TECHNICALFLOWNAME, TASKDESCRIPTION, WORKFLOWCODE) VALUES ('67454ae867454ae86476201564762048', 'CHQFileValidations', 'CHQFileValidations', 'CHQFileValidations', null, 'INSTRUCTION');

INSERT INTO BUSINESSFUNCTIONMASTER (BUSINESSFUNCTIONMASTER_PK, FUNCTIONCODE, FUNCTIONDESCRIPTION, WORKFLOWCODE) VALUES ('0771408f0771408f12f0ee5912f0ee48', 'CHQDebulkPhysicalFile', null, 'INSTRUCTION');
INSERT INTO BUSINESSFUNCTIONMASTER (BUSINESSFUNCTIONMASTER_PK, FUNCTIONCODE, FUNCTIONDESCRIPTION, WORKFLOWCODE) VALUES ('0771408f0771408f12f0ee5912f0ee49', 'CHQCheckValidSession', null, 'INSTRUCTION');
INSERT INTO BUSINESSFUNCTIONMASTER (BUSINESSFUNCTIONMASTER_PK, FUNCTIONCODE, FUNCTIONDESCRIPTION, WORKFLOWCODE) VALUES ('0771408f0771408f12f0ee5912f0ee50', 'CHQHandleSpecialFiles', null, 'INSTRUCTION');
INSERT INTO BUSINESSFUNCTIONMASTER (BUSINESSFUNCTIONMASTER_PK, FUNCTIONCODE, FUNCTIONDESCRIPTION, WORKFLOWCODE) VALUES ('0771408f0771408f12f0ee5912f0ee51', 'CHQPendingSequenceCreation', null, 'INSTRUCTION');
INSERT INTO BUSINESSFUNCTIONMASTER (BUSINESSFUNCTIONMASTER_PK, FUNCTIONCODE, FUNCTIONDESCRIPTION, WORKFLOWCODE) VALUES ('0771408f0771408f12f0ee5912f0ee62', 'CHQPCDEnrichment', null, 'PAYMENT');
INSERT INTO BUSINESSFUNCTIONMASTER (BUSINESSFUNCTIONMASTER_PK, FUNCTIONCODE, FUNCTIONDESCRIPTION, WORKFLOWCODE) VALUES ('0771408f0771408f12f0ee5912f0ee63', 'CHQGetReadyForPresented', null, 'PAYMENT');
INSERT INTO BUSINESSFUNCTIONMASTER (BUSINESSFUNCTIONMASTER_PK, FUNCTIONCODE, FUNCTIONDESCRIPTION, WORKFLOWCODE) VALUES ('0771408f0771408f12f0ee5912f0ee64', 'CHQGetReadyForPermitted', null, 'PAYMENT');
INSERT INTO BUSINESSFUNCTIONMASTER (BUSINESSFUNCTIONMASTER_PK, FUNCTIONCODE, FUNCTIONDESCRIPTION, WORKFLOWCODE) VALUES ('0771408f0771408f12f0ee5912f0ee65', 'CHQGetReadyForGlobalClearing', null, 'PAYMENT');
INSERT INTO BUSINESSFUNCTIONMASTER (BUSINESSFUNCTIONMASTER_PK, FUNCTIONCODE, FUNCTIONDESCRIPTION, WORKFLOWCODE) VALUES ('0771408f0771408f12f0ee5912f0ee66', 'CHQAMNMatchWithOriginalCheque', null, 'PAYMENT');
INSERT INTO BUSINESSFUNCTIONMASTER (BUSINESSFUNCTIONMASTER_PK, FUNCTIONCODE, FUNCTIONDESCRIPTION, WORKFLOWCODE) VALUES ('0771408f0771408f12f0ee5912f0ee67', 'CHQAMNRAmendHandler', null, 'PAYMENT');
INSERT INTO BUSINESSFUNCTIONMASTER (BUSINESSFUNCTIONMASTER_PK, FUNCTIONCODE, FUNCTIONDESCRIPTION, WORKFLOWCODE) VALUES ('0771408f0771408f12f0ee5912f0ee68', 'CHQAMNPendingSequenceCreation', null, 'INSTRUCTION');
INSERT INTO BUSINESSFUNCTIONMASTER (BUSINESSFUNCTIONMASTER_PK, FUNCTIONCODE, FUNCTIONDESCRIPTION, WORKFLOWCODE) VALUES ('0771408f0771408f12f0ee5912f0ee69', 'CHQChequesAdditionalInfo', null, 'PAYMENT');
INSERT INTO BUSINESSFUNCTIONMASTER (BUSINESSFUNCTIONMASTER_PK, FUNCTIONCODE, FUNCTIONDESCRIPTION, WORKFLOWCODE) VALUES ('0771408f0771408f12f0ee5912f0ee70', 'CHQValidations', null, 'PAYMENT');
INSERT INTO BUSINESSFUNCTIONMASTER (BUSINESSFUNCTIONMASTER_PK, FUNCTIONCODE, FUNCTIONDESCRIPTION, WORKFLOWCODE) VALUES ('0771408f0771408f12f0ee5912f0ee52', 'CHQFileValidations', null, 'INSTRUCTION');

INSERT INTO BUSINESSFUNCTIONWORKFLOW (BUSINESSFUNCTIONWORKFLOW_PK, FUNCTIONCODE, TASKCODE, ACTIVITYINDEX, TASKCONFIG, STATUS, EFFECTIVEFROMDATE, EFFECTIVETILLDATE) VALUES ('0f9449e60f9449e61f0817571f081726', 'CHQDebulkPhysicalFile', 'CHQDebulkPhysicalFile', 10, null, 'ACTIVE', TIMESTAMP '2018-09-15 00:00:00', null);
INSERT INTO BUSINESSFUNCTIONWORKFLOW (BUSINESSFUNCTIONWORKFLOW_PK, FUNCTIONCODE, TASKCODE, ACTIVITYINDEX, TASKCONFIG, STATUS, EFFECTIVEFROMDATE, EFFECTIVETILLDATE) VALUES ('0f9449e60f9449e61f0817571f081727', 'CHQCheckValidSession', 'CHQCheckValidSession', 20, '<TaskConfig><Configs><Name>SESSION</Name><Value>PRESENTED</Value></Configs></TaskConfig>', 'ACTIVE', TIMESTAMP '2018-09-15 00:00:00', null);
INSERT INTO BUSINESSFUNCTIONWORKFLOW (BUSINESSFUNCTIONWORKFLOW_PK, FUNCTIONCODE, TASKCODE, ACTIVITYINDEX, TASKCONFIG, STATUS, EFFECTIVEFROMDATE, EFFECTIVETILLDATE) VALUES ('0f9449e60f9449e61f0817571f081728', 'CHQHandleSpecialFiles', 'CHQHandleSpecialFiles', 30, null, 'ACTIVE', TIMESTAMP '2018-09-15 00:00:00', null);
INSERT INTO BUSINESSFUNCTIONWORKFLOW (BUSINESSFUNCTIONWORKFLOW_PK, FUNCTIONCODE, TASKCODE, ACTIVITYINDEX, TASKCONFIG, STATUS, EFFECTIVEFROMDATE, EFFECTIVETILLDATE) VALUES ('0f9449e60f9449e61f0817571f081729', 'CHQPendingSequenceCreation', 'CHQPendingSequenceCreation', 5, null, 'ACTIVE', TIMESTAMP '2018-09-15 00:00:00', null);
INSERT INTO BUSINESSFUNCTIONWORKFLOW (BUSINESSFUNCTIONWORKFLOW_PK, FUNCTIONCODE, TASKCODE, ACTIVITYINDEX, TASKCONFIG, STATUS, EFFECTIVEFROMDATE, EFFECTIVETILLDATE) VALUES ('0f9449e60f9449e61f0817571f081730', 'CHQPCDEnrichment', 'CHQPCDEnrichment', 10, null, 'ACTIVE', TIMESTAMP '2018-09-15 00:00:00', null);
INSERT INTO BUSINESSFUNCTIONWORKFLOW (BUSINESSFUNCTIONWORKFLOW_PK, FUNCTIONCODE, TASKCODE, ACTIVITYINDEX, TASKCONFIG, STATUS, EFFECTIVEFROMDATE, EFFECTIVETILLDATE) VALUES ('0f9449e60f9449e61f0817571f081731', 'CHQGetReadyForPresented', 'CHQGetReadyForPresented', 20, null, 'ACTIVE', TIMESTAMP '2018-09-15 00:00:00', null);
INSERT INTO BUSINESSFUNCTIONWORKFLOW (BUSINESSFUNCTIONWORKFLOW_PK, FUNCTIONCODE, TASKCODE, ACTIVITYINDEX, TASKCONFIG, STATUS, EFFECTIVEFROMDATE, EFFECTIVETILLDATE) VALUES ('0f9449e60f9449e61f0817571f081732', 'CHQGetReadyForPermitted', 'CHQGetReadyForPermitted', 30, null, 'ACTIVE', TIMESTAMP '2018-09-15 00:00:00', null);
INSERT INTO BUSINESSFUNCTIONWORKFLOW (BUSINESSFUNCTIONWORKFLOW_PK, FUNCTIONCODE, TASKCODE, ACTIVITYINDEX, TASKCONFIG, STATUS, EFFECTIVEFROMDATE, EFFECTIVETILLDATE) VALUES ('0f9449e60f9449e61f0817571f081733', 'CHQGetReadyForGlobalClearing', 'CHQGetReadyForGlobalClearing', 40, null, 'ACTIVE', TIMESTAMP '2018-09-15 00:00:00', null);
INSERT INTO BUSINESSFUNCTIONWORKFLOW (BUSINESSFUNCTIONWORKFLOW_PK, FUNCTIONCODE, TASKCODE, ACTIVITYINDEX, TASKCONFIG, STATUS, EFFECTIVEFROMDATE, EFFECTIVETILLDATE) VALUES ('0f9449e60f9449e61f0817571f081734', 'CHQAMNMatchWithOriginalCheque', 'CHQAMNMatchWithOriginalCheque', 20, null, 'ACTIVE', TIMESTAMP '2018-09-15 00:00:00', null);
INSERT INTO BUSINESSFUNCTIONWORKFLOW (BUSINESSFUNCTIONWORKFLOW_PK, FUNCTIONCODE, TASKCODE, ACTIVITYINDEX, TASKCONFIG, STATUS, EFFECTIVEFROMDATE, EFFECTIVETILLDATE) VALUES ('0f9449e60f9449e61f0817571f081735', 'CHQAMNAmendHandler', 'CHQAMNAmendHandler', 30, null, 'ACTIVE', TIMESTAMP '2018-09-15 00:00:00', null);
INSERT INTO BUSINESSFUNCTIONWORKFLOW (BUSINESSFUNCTIONWORKFLOW_PK, FUNCTIONCODE, TASKCODE, ACTIVITYINDEX, TASKCONFIG, STATUS, EFFECTIVEFROMDATE, EFFECTIVETILLDATE) VALUES ('0f9449e60f9449e61f0817571f081736', 'CHQAMNCheckValidSession', 'CHQCheckValidSession', 20, '<TaskConfig><Configs><Name>SESSION</Name><Value>PERMITTED</Value></Configs></TaskConfig>', 'ACTIVE', TIMESTAMP '2018-09-15 00:00:00', null);
INSERT INTO BUSINESSFUNCTIONWORKFLOW (BUSINESSFUNCTIONWORKFLOW_PK, FUNCTIONCODE, TASKCODE, ACTIVITYINDEX, TASKCONFIG, STATUS, EFFECTIVEFROMDATE, EFFECTIVETILLDATE) VALUES ('0f9449e60f9449e61f0817571f081737', 'CHQAMNPendingSequenceCreation', 'CHQPendingSequenceCreation', 40, null, 'ACTIVE', TIMESTAMP '2018-09-15 00:00:00', null);
INSERT INTO BUSINESSFUNCTIONWORKFLOW (BUSINESSFUNCTIONWORKFLOW_PK, FUNCTIONCODE, TASKCODE, ACTIVITYINDEX, TASKCONFIG, STATUS, EFFECTIVEFROMDATE, EFFECTIVETILLDATE) VALUES ('0f9449e60f9449e61f0817571f081738', 'CHQChequesAdditionalInfo', 'CHQChequesAdditionalInfo', 40, null, 'ACTIVE', TIMESTAMP '2018-09-15 00:00:00', null);
INSERT INTO BUSINESSFUNCTIONWORKFLOW (BUSINESSFUNCTIONWORKFLOW_PK, FUNCTIONCODE, TASKCODE, ACTIVITYINDEX, TASKCONFIG, STATUS, EFFECTIVEFROMDATE, EFFECTIVETILLDATE) VALUES ('0f9449e60f9449e61f0817571f081739', 'CHQValidations', 'CHQBatchValidations', 15, null, 'ACTIVE', TIMESTAMP '2018-09-15 00:00:00', null);
INSERT INTO BUSINESSFUNCTIONWORKFLOW (BUSINESSFUNCTIONWORKFLOW_PK, FUNCTIONCODE, TASKCODE, ACTIVITYINDEX, TASKCONFIG, STATUS, EFFECTIVEFROMDATE, EFFECTIVETILLDATE) VALUES ('0f9449e60f9449e61f0817571f081740', 'CHQValidations', 'CHQEntryValidations', 16, null, 'ACTIVE', TIMESTAMP '2018-09-15 00:00:00', null);
INSERT INTO BUSINESSFUNCTIONWORKFLOW (BUSINESSFUNCTIONWORKFLOW_PK, FUNCTIONCODE, TASKCODE, ACTIVITYINDEX, TASKCONFIG, STATUS, EFFECTIVEFROMDATE, EFFECTIVETILLDATE) VALUES ('0f9449e60f9449e61f0817571f081741', 'CHQFileValidations', 'CHQFileValidations', 4, null, 'ACTIVE', TIMESTAMP '2018-09-15 00:00:00', null);

INSERT INTO BUSINESSPROCESSMASTER (BUSINESSPROCESSMASTER_PK, PROCESSCODE, PROCESSNAME, PROCESSDESCRIPTION) VALUES ('1df0498c1df0498c0f38f1f30f38f1f5', 'VOCALINK-CPS', 'VOCALINK-CHEQUEPROCESSINGSYSTEM', null);
INSERT INTO BUSINESSPROCESSMASTER (BUSINESSPROCESSMASTER_PK, PROCESSCODE, PROCESSNAME, PROCESSDESCRIPTION) VALUES ('1df0498c1df0498c0f38f1f30f38f1f6', 'VOCALINK-CAPS', 'VOCALINK-CHEQUEAMENDPROCESSINGSYSTEM', null);


INSERT INTO BUSINESSPROCESSWORKFLOW (BUSINESSPROCESSWORKFLOW_PK, PROCESSCODE, FUNCTIONCODE, ACTIVITYINDEX, WORKFLOWCODE, STATUS, EFFECTIVEFROMDATE, EFFECTIVETILLDATE, BUSINESSRULEHANDLERFLOW) VALUES ('a1694ae5a1694ae5d3421b77d3421b80', 'VOCALINK-CPS', 'CHQDebulkPhysicalFile', 10, 'INSTRUCTION', 'ACTIVE', TIMESTAMP '2018-09-15 00:00:00', null, null);
INSERT INTO BUSINESSPROCESSWORKFLOW (BUSINESSPROCESSWORKFLOW_PK, PROCESSCODE, FUNCTIONCODE, ACTIVITYINDEX, WORKFLOWCODE, STATUS, EFFECTIVEFROMDATE, EFFECTIVETILLDATE, BUSINESSRULEHANDLERFLOW) VALUES ('a1694ae5a1694ae5d3421b77d3421b81', 'VOCALINK-CPS', 'InstructionDuplicateCheck', 20, 'INSTRUCTION', 'ACTIVE', TIMESTAMP '2018-09-15 00:00:00', null, null);
INSERT INTO BUSINESSPROCESSWORKFLOW (BUSINESSPROCESSWORKFLOW_PK, PROCESSCODE, FUNCTIONCODE, ACTIVITYINDEX, WORKFLOWCODE, STATUS, EFFECTIVEFROMDATE, EFFECTIVETILLDATE, BUSINESSRULEHANDLERFLOW) VALUES ('a1694ae5a1694ae5d3421b77d3421b82', 'VOCALINK-CPS', 'CHQCheckValidSession', 30, 'INSTRUCTION', 'ACTIVE', TIMESTAMP '2018-09-15 00:00:00', null, null);
INSERT INTO BUSINESSPROCESSWORKFLOW (BUSINESSPROCESSWORKFLOW_PK, PROCESSCODE, FUNCTIONCODE, ACTIVITYINDEX, WORKFLOWCODE, STATUS, EFFECTIVEFROMDATE, EFFECTIVETILLDATE, BUSINESSRULEHANDLERFLOW) VALUES ('a1694ae5a1694ae5d3421b77d3421b83', 'VOCALINK-CPS', 'CHQHandleSpecialFiles', 40, 'INSTRUCTION', 'ACTIVE', TIMESTAMP '2018-09-15 00:00:00', null, null);
INSERT INTO BUSINESSPROCESSWORKFLOW (BUSINESSPROCESSWORKFLOW_PK, PROCESSCODE, FUNCTIONCODE, ACTIVITYINDEX, WORKFLOWCODE, STATUS, EFFECTIVEFROMDATE, EFFECTIVETILLDATE, BUSINESSRULEHANDLERFLOW) VALUES ('a1694ae5a1694ae5d3421b77d3421b84', 'VOCALINK-CPS', 'CHQPendingSequenceCreation', 5, 'INSTRUCTION', 'SUSPENDED', TIMESTAMP '2018-09-15 00:00:00', null, null);
INSERT INTO BUSINESSPROCESSWORKFLOW (BUSINESSPROCESSWORKFLOW_PK, PROCESSCODE, FUNCTIONCODE, ACTIVITYINDEX, WORKFLOWCODE, STATUS, EFFECTIVEFROMDATE, EFFECTIVETILLDATE, BUSINESSRULEHANDLERFLOW) VALUES ('a1694ae5a1694ae5d3421b77d3421b85', 'VOCALINK-CPS', 'ValidateAndDebulkProcessor', 60, 'INSTRUCTION', 'ACTIVE', TIMESTAMP '2018-09-15 00:00:00', null, null);
INSERT INTO BUSINESSPROCESSWORKFLOW (BUSINESSPROCESSWORKFLOW_PK, PROCESSCODE, FUNCTIONCODE, ACTIVITYINDEX, WORKFLOWCODE, STATUS, EFFECTIVEFROMDATE, EFFECTIVETILLDATE, BUSINESSRULEHANDLERFLOW) VALUES ('a1694ae5a1694ae5d3421b77d3421b86', 'VOCALINK-CPS', 'CheckThresholds', 70, 'INSTRUCTION', 'ACTIVE', TIMESTAMP '2018-09-15 00:00:00', null, null);
INSERT INTO BUSINESSPROCESSWORKFLOW (BUSINESSPROCESSWORKFLOW_PK, PROCESSCODE, FUNCTIONCODE, ACTIVITYINDEX, WORKFLOWCODE, STATUS, EFFECTIVEFROMDATE, EFFECTIVETILLDATE, BUSINESSRULEHANDLERFLOW) VALUES ('a1694ae5a1694ae5d3421b77d3421b90', 'VOCALINK-CPS', 'CHQPCDEnrichment', 10, 'PAYMENT', 'ACTIVE', TIMESTAMP '2018-09-15 00:00:00', null, null);
INSERT INTO BUSINESSPROCESSWORKFLOW (BUSINESSPROCESSWORKFLOW_PK, PROCESSCODE, FUNCTIONCODE, ACTIVITYINDEX, WORKFLOWCODE, STATUS, EFFECTIVEFROMDATE, EFFECTIVETILLDATE, BUSINESSRULEHANDLERFLOW) VALUES ('a1694ae5a1694ae5d3421b77d3421b91', 'VOCALINK-CPS', 'MOPDerivation', 20, 'PAYMENT', 'SUSPENDED', TIMESTAMP '2018-09-15 00:00:00', null, null);
INSERT INTO BUSINESSPROCESSWORKFLOW (BUSINESSPROCESSWORKFLOW_PK, PROCESSCODE, FUNCTIONCODE, ACTIVITYINDEX, WORKFLOWCODE, STATUS, EFFECTIVEFROMDATE, EFFECTIVETILLDATE, BUSINESSRULEHANDLERFLOW) VALUES ('a1694ae5a1694ae5d3421b77d3421b92', 'VOCALINK-CPS', 'CHQGetReadyForPresented', 30, 'PAYMENT', 'ACTIVE', TIMESTAMP '2018-09-15 00:00:00', null, null);
INSERT INTO BUSINESSPROCESSWORKFLOW (BUSINESSPROCESSWORKFLOW_PK, PROCESSCODE, FUNCTIONCODE, ACTIVITYINDEX, WORKFLOWCODE, STATUS, EFFECTIVEFROMDATE, EFFECTIVETILLDATE, BUSINESSRULEHANDLERFLOW) VALUES ('a1694ae5a1694ae5d3421b77d3421b93', 'VOCALINK-CPS', 'CHQGetReadyForPermitted', 40, 'PAYMENT', 'ACTIVE', TIMESTAMP '2018-09-15 00:00:00', null, null);
INSERT INTO BUSINESSPROCESSWORKFLOW (BUSINESSPROCESSWORKFLOW_PK, PROCESSCODE, FUNCTIONCODE, ACTIVITYINDEX, WORKFLOWCODE, STATUS, EFFECTIVEFROMDATE, EFFECTIVETILLDATE, BUSINESSRULEHANDLERFLOW) VALUES ('a1694ae5a1694ae5d3421b77d3421b94', 'VOCALINK-CPS', 'CHQGetReadyForGlobalClearing', 50, 'PAYMENT', 'ACTIVE', TIMESTAMP '2018-09-15 00:00:00', null, null);
INSERT INTO BUSINESSPROCESSWORKFLOW (BUSINESSPROCESSWORKFLOW_PK, PROCESSCODE, FUNCTIONCODE, ACTIVITYINDEX, WORKFLOWCODE, STATUS, EFFECTIVEFROMDATE, EFFECTIVETILLDATE, BUSINESSRULEHANDLERFLOW) VALUES ('a1694ae5a1694ae5d3421b77d3421c93', 'VOCALINK-CPS', 'CHQChequesAdditionalInfo', 11, 'PAYMENT', 'ACTIVE', TIMESTAMP '2018-09-15 00:00:00', null, null);
INSERT INTO BUSINESSPROCESSWORKFLOW (BUSINESSPROCESSWORKFLOW_PK, PROCESSCODE, FUNCTIONCODE, ACTIVITYINDEX, WORKFLOWCODE, STATUS, EFFECTIVEFROMDATE, EFFECTIVETILLDATE, BUSINESSRULEHANDLERFLOW) VALUES ('a1694ae5a1694ae5d3421b77d3421b95', 'VOCALINK-CPS', 'CHQValidations', 15, 'PAYMENT', 'ACTIVE', TIMESTAMP '2018-09-15 00:00:00', null, null);
INSERT INTO BUSINESSPROCESSWORKFLOW (BUSINESSPROCESSWORKFLOW_PK, PROCESSCODE, FUNCTIONCODE, ACTIVITYINDEX, WORKFLOWCODE, STATUS, EFFECTIVEFROMDATE, EFFECTIVETILLDATE, BUSINESSRULEHANDLERFLOW) VALUES ('a1694ae5a1694ae5d3421b77d3421b87', 'VOCALINK-CPS', 'CHQFileValidations', 4, 'INSTRUCTION', 'ACTIVE', TIMESTAMP '2018-09-15 00:00:00', null, null);
INSERT INTO BUSINESSPROCESSWORKFLOW (BUSINESSPROCESSWORKFLOW_PK, PROCESSCODE, FUNCTIONCODE, ACTIVITYINDEX, WORKFLOWCODE, STATUS, EFFECTIVEFROMDATE, EFFECTIVETILLDATE, BUSINESSRULEHANDLERFLOW) VALUES ('a1694ae5a1694ae5d3421b77d3421c80', 'VOCALINK-CAPS', 'CHQDebulkPhysicalFile', 10, 'INSTRUCTION', 'ACTIVE', TIMESTAMP '2018-09-15 00:00:00', null, null);
INSERT INTO BUSINESSPROCESSWORKFLOW (BUSINESSPROCESSWORKFLOW_PK, PROCESSCODE, FUNCTIONCODE, ACTIVITYINDEX, WORKFLOWCODE, STATUS, EFFECTIVEFROMDATE, EFFECTIVETILLDATE, BUSINESSRULEHANDLERFLOW) VALUES ('a1694ae5a1694ae5d3421b77d3421c81', 'VOCALINK-CAPS', 'InstructionDuplicateCheck', 20, 'INSTRUCTION', 'ACTIVE', TIMESTAMP '2018-09-15 00:00:00', null, null);
INSERT INTO BUSINESSPROCESSWORKFLOW (BUSINESSPROCESSWORKFLOW_PK, PROCESSCODE, FUNCTIONCODE, ACTIVITYINDEX, WORKFLOWCODE, STATUS, EFFECTIVEFROMDATE, EFFECTIVETILLDATE, BUSINESSRULEHANDLERFLOW) VALUES ('a1694ae5a1694ae5d3421b77d3421c82', 'VOCALINK-CAPS', 'CHQAMNCheckValidSession', 30, 'INSTRUCTION', 'ACTIVE', TIMESTAMP '2018-09-15 00:00:00', null, null);
INSERT INTO BUSINESSPROCESSWORKFLOW (BUSINESSPROCESSWORKFLOW_PK, PROCESSCODE, FUNCTIONCODE, ACTIVITYINDEX, WORKFLOWCODE, STATUS, EFFECTIVEFROMDATE, EFFECTIVETILLDATE, BUSINESSRULEHANDLERFLOW) VALUES ('a1694ae5a1694ae5d3421b77d3421c83', 'VOCALINK-CAPS', 'CHQHandleSpecialFiles', 40, 'INSTRUCTION', 'ACTIVE', TIMESTAMP '2018-09-15 00:00:00', null, null);
INSERT INTO BUSINESSPROCESSWORKFLOW (BUSINESSPROCESSWORKFLOW_PK, PROCESSCODE, FUNCTIONCODE, ACTIVITYINDEX, WORKFLOWCODE, STATUS, EFFECTIVEFROMDATE, EFFECTIVETILLDATE, BUSINESSRULEHANDLERFLOW) VALUES ('a1694ae5a1694ae5d3421b77d3421c84', 'VOCALINK-CAPS', 'CHQAMNPendingSequenceCreation', 50, 'INSTRUCTION', 'SUSPENDED', TIMESTAMP '2018-09-15 00:00:00', null, null);
INSERT INTO BUSINESSPROCESSWORKFLOW (BUSINESSPROCESSWORKFLOW_PK, PROCESSCODE, FUNCTIONCODE, ACTIVITYINDEX, WORKFLOWCODE, STATUS, EFFECTIVEFROMDATE, EFFECTIVETILLDATE, BUSINESSRULEHANDLERFLOW) VALUES ('a1694ae5a1694ae5d3421b77d3421c85', 'VOCALINK-CAPS', 'ValidateAndDebulkProcessor', 60, 'INSTRUCTION', 'ACTIVE', TIMESTAMP '2018-09-15 00:00:00', null, null);
INSERT INTO BUSINESSPROCESSWORKFLOW (BUSINESSPROCESSWORKFLOW_PK, PROCESSCODE, FUNCTIONCODE, ACTIVITYINDEX, WORKFLOWCODE, STATUS, EFFECTIVEFROMDATE, EFFECTIVETILLDATE, BUSINESSRULEHANDLERFLOW) VALUES ('a1694ae5a1694ae5d3421b77d3421c86', 'VOCALINK-CAPS', 'CheckThresholds', 70, 'INSTRUCTION', 'ACTIVE', TIMESTAMP '2018-09-15 00:00:00', null, null);
INSERT INTO BUSINESSPROCESSWORKFLOW (BUSINESSPROCESSWORKFLOW_PK, PROCESSCODE, FUNCTIONCODE, ACTIVITYINDEX, WORKFLOWCODE, STATUS, EFFECTIVEFROMDATE, EFFECTIVETILLDATE, BUSINESSRULEHANDLERFLOW) VALUES ('a1694ae5a1694ae5d3421b77d3421c90', 'VOCALINK-CAPS', 'MOPDerivation', 20, 'PAYMENT', 'SUSPENDED', TIMESTAMP '2018-09-15 00:00:00', null, null);
INSERT INTO BUSINESSPROCESSWORKFLOW (BUSINESSPROCESSWORKFLOW_PK, PROCESSCODE, FUNCTIONCODE, ACTIVITYINDEX, WORKFLOWCODE, STATUS, EFFECTIVEFROMDATE, EFFECTIVETILLDATE, BUSINESSRULEHANDLERFLOW) VALUES ('a1694ae5a1694ae5d3421b77d3421c91', 'VOCALINK-CAPS', 'CHQAMNMatchWithOriginalCheque', 30, 'PAYMENT', 'ACTIVE', TIMESTAMP '2018-09-15 00:00:00', null, null);
INSERT INTO BUSINESSPROCESSWORKFLOW (BUSINESSPROCESSWORKFLOW_PK, PROCESSCODE, FUNCTIONCODE, ACTIVITYINDEX, WORKFLOWCODE, STATUS, EFFECTIVEFROMDATE, EFFECTIVETILLDATE, BUSINESSRULEHANDLERFLOW) VALUES ('a1694ae5a1694ae5d3421b77d3421c92', 'VOCALINK-CAPS', 'CHQAMNAmendHandler', 40, 'PAYMENT', 'ACTIVE', TIMESTAMP '2018-09-15 00:00:00', null, null);
INSERT INTO BUSINESSPROCESSWORKFLOW (BUSINESSPROCESSWORKFLOW_PK, PROCESSCODE, FUNCTIONCODE, ACTIVITYINDEX, WORKFLOWCODE, STATUS, EFFECTIVEFROMDATE, EFFECTIVETILLDATE, BUSINESSRULEHANDLERFLOW) VALUES ('a1694ae5a1694ae5d3421b77d3421b96', 'VOCALINK-CAPS', 'CHQValidations', 15, 'PAYMENT', 'ACTIVE', TIMESTAMP '2018-09-15 00:00:00', null, null);
INSERT INTO BUSINESSPROCESSWORKFLOW (BUSINESSPROCESSWORKFLOW_PK, PROCESSCODE, FUNCTIONCODE, ACTIVITYINDEX, WORKFLOWCODE, STATUS, EFFECTIVEFROMDATE, EFFECTIVETILLDATE, BUSINESSRULEHANDLERFLOW) VALUES ('a1694ae5a1694ae5d3421b77d3421b98', 'VOCALINK-CAPS', 'CHQPCDEnrichment', 10, 'PAYMENT', 'ACTIVE', TIMESTAMP '2018-09-15 00:00:00', null, null);
INSERT INTO BUSINESSPROCESSWORKFLOW (BUSINESSPROCESSWORKFLOW_PK, PROCESSCODE, FUNCTIONCODE, ACTIVITYINDEX, WORKFLOWCODE, STATUS, EFFECTIVEFROMDATE, EFFECTIVETILLDATE, BUSINESSRULEHANDLERFLOW) VALUES ('a1694ae5a1694ae5d3421b77d3421c98', 'VOCALINK-CAPS', 'CHQChequesAdditionalInfo', 11, 'PAYMENT', 'ACTIVE', TIMESTAMP '2018-09-15 00:00:00', null, null);
INSERT INTO BUSINESSPROCESSWORKFLOW (BUSINESSPROCESSWORKFLOW_PK, PROCESSCODE, FUNCTIONCODE, ACTIVITYINDEX, WORKFLOWCODE, STATUS, EFFECTIVEFROMDATE, EFFECTIVETILLDATE, BUSINESSRULEHANDLERFLOW) VALUES ('a1694ae5a1694ae5d3421b77d3421b88', 'VOCALINK-CAPS', 'CHQFileValidations', 4, 'INSTRUCTION', 'ACTIVE', TIMESTAMP '2018-09-15 00:00:00', null, null);

INSERT INTO ACTIONDEFINITION (ACTIONNAME, DESCRIPTION, ACTIONDEFINITION_PK, WORKFLOWCODE, ALIASNAME, CLIENTALIASNAME, DUALCONTROLREQUIRED, MANDATENOTE, GROUPACTIONALLOWED, RESTURL, RESTMETHOD, SUCCESSURL, FAILUREURL, FLOWNAME, STATUS, EFFECTIVEFROMDATE, EFFECTIVETILLDATE, FUNCTIONNAME, ADDITIONALCONFIG) VALUES ('CHQInstructionRejectHandler', 'This Action is used to handle instruction rejection', '02D986AB04274D46BEBBA0D7F22FEEE8', 'INSTRUCTION', 'CHQInstructionRejectHandler', null, null, null, null, null, null, null, null, 'CHQInstructionRejectHandler', 'ACTIVE', TIMESTAMP '2018-04-01 00:00:00', null, null, null);
INSERT INTO ACTIONDEFINITION (ACTIONNAME, DESCRIPTION, ACTIONDEFINITION_PK, WORKFLOWCODE, ALIASNAME, CLIENTALIASNAME, DUALCONTROLREQUIRED, MANDATENOTE, GROUPACTIONALLOWED, RESTURL, RESTMETHOD, SUCCESSURL, FAILUREURL, FLOWNAME, STATUS, EFFECTIVEFROMDATE, EFFECTIVETILLDATE, FUNCTIONNAME, ADDITIONALCONFIG) VALUES ('CHQPaymentProcessingFinishHandler', 'This Action is used to handle payment completition', '02D986AB04274D46BEBBA0D7F22FEEE9', 'PAYMENT', 'CHQPaymentProcessingFinishHandler', null, null, null, null, null, null, null, null, 'CHQPaymentProcessingFinishHandler', 'ACTIVE', TIMESTAMP '2018-04-01 00:00:00', null, null, null);

INSERT INTO STATUSACTION (STATUSACTION_PK, WORKFLOWCODE, PROCESSSTATUS, STATUS, EFFECTIVEFROMDATE, EFFECTIVETILLDATE, ACTION, PROCESSNAME) VALUES ('401a4b49401a4b490928ede70928ede8', 'INSTRUCTION', 'NULL_FILE_RECEIVED', 'ACTIVE', TIMESTAMP '2018-04-01 00:00:00', null, 'CHQInstructionRejectHandler', 'VOCALINK-CAPS');
INSERT INTO STATUSACTION (STATUSACTION_PK, WORKFLOWCODE, PROCESSSTATUS, STATUS, EFFECTIVEFROMDATE, EFFECTIVETILLDATE, ACTION, PROCESSNAME) VALUES ('401a4b49401a4b490928ede70928ede9', 'INSTRUCTION', 'REJECTED', 'ACTIVE', TIMESTAMP '2018-04-01 00:00:00', null, 'CHQInstructionRejectHandler', 'VOCALINK-CAPS');
INSERT INTO STATUSACTION (STATUSACTION_PK, WORKFLOWCODE, PROCESSSTATUS, STATUS, EFFECTIVEFROMDATE, EFFECTIVETILLDATE, ACTION, PROCESSNAME) VALUES ('ae2e4720ae2e47200953e8dd0953e8d0', 'PAYMENT', 'REJECTED', 'ACTIVE', TIMESTAMP '2017-01-01 00:00:00', null, 'CHQPaymentProcessingFinishHandler', 'VOCALINK-CAPS');
INSERT INTO STATUSACTION (STATUSACTION_PK, WORKFLOWCODE, PROCESSSTATUS, STATUS, EFFECTIVEFROMDATE, EFFECTIVETILLDATE, ACTION, PROCESSNAME) VALUES ('ae2e4720ae2e47200953e8dd0953e8d1', 'PAYMENT', 'COMPLETED', 'ACTIVE', TIMESTAMP '2017-01-01 00:00:00', null, 'CHQPaymentProcessingFinishHandler', 'VOCALINK-CAPS');
INSERT INTO STATUSACTION (STATUSACTION_PK, WORKFLOWCODE, PROCESSSTATUS, STATUS, EFFECTIVEFROMDATE, EFFECTIVETILLDATE, ACTION, PROCESSNAME) VALUES ('ae2e4720ae2e47200953e8dd0953e8cf', 'PAYMENT', 'REJECTED', 'ACTIVE', TIMESTAMP '2017-01-01 00:00:00', null, 'CHQPaymentProcessingFinishHandler', 'VOCALINK-CPS');
INSERT INTO STATUSACTION (STATUSACTION_PK, WORKFLOWCODE, PROCESSSTATUS, STATUS, EFFECTIVEFROMDATE, EFFECTIVETILLDATE, ACTION, PROCESSNAME) VALUES ('401a4b49401a4b490928ede70928ede7', 'INSTRUCTION', 'NULL_FILE_RECEIVED', 'ACTIVE', TIMESTAMP '2018-04-01 00:00:00', null, 'CHQInstructionRejectHandler', 'VOCALINK-CPS');
INSERT INTO STATUSACTION (STATUSACTION_PK, WORKFLOWCODE, PROCESSSTATUS, STATUS, EFFECTIVEFROMDATE, EFFECTIVETILLDATE, ACTION, PROCESSNAME) VALUES ('401a4b49401a4b490928ede70928ede6', 'INSTRUCTION', 'REJECTED', 'ACTIVE', TIMESTAMP '2018-04-01 00:00:00', null, 'CHQInstructionRejectHandler', 'VOCALINK-CPS');
INSERT INTO STATUSACTION (STATUSACTION_PK, WORKFLOWCODE, PROCESSSTATUS, STATUS, EFFECTIVEFROMDATE, EFFECTIVETILLDATE, ACTION, PROCESSNAME) VALUES ('ae2e4720ae2e47200953e8dd0953e8cd', 'PAYMENT', 'WAITINGFORPROVISIONALBALANCE', 'ACTIVE', TIMESTAMP '2017-01-01 00:00:00', null, 'CHQPaymentProcessingFinishHandler', 'VOCALINK-CPS');
INSERT INTO STATUSACTION (STATUSACTION_PK, WORKFLOWCODE, PROCESSSTATUS, STATUS, EFFECTIVEFROMDATE, EFFECTIVETILLDATE, ACTION, PROCESSNAME) VALUES ('ae2e4720ae2e47200953e8dd0953e8ce', 'PAYMENT', 'WAITINGFORFINALBALANCE', 'ACTIVE', TIMESTAMP '2017-01-01 00:00:00', null, 'Reject', 'VOCALINK-CPS');

INSERT INTO SERVICE (SERVICE_PK, SERVICECODE, SERVICENAME, SERVICEDISCRIPTION, SERVICEGROUPCODE, OFFEREDBYENTITY, MARKETCURRENCIES, INSTRUCTIONCURRENCIES, STATUS, EFFECTIVEFROMDATE, EFFECTIVETILLDATE, XML_FIELD, SERVICEIDCONFIGURATIONCODE, IDCODE, PDCPARAMETERS) VALUES ('4a7c3a9a-3598-4008-bbdb-47f5adc23da8', 'CHEQUEPROCESSING', 'Cheque Processing Scheme', 'Service for Cheque reception scheme', 'LVP', 'PERUBRANCH', 'PEN,USD', 'PEN,USD', 'ACTIVE', TIMESTAMP '2018-10-01 00:00:00', null, '3C3F786D6C2076657273696F6E3D22312E302220656E636F64696E673D225554462D38223F3E0A3C536572766963653E0A093C53657276696365436F64653E43484551554550524F43455353494E473C2F53657276696365436F64653E0A093C536572766963654E616D653E4368657175652050726F63657373696E6720536368656D653C2F536572766963654E616D653E0A093C536572766963654469736372697074696F6E3E5365727669636520666F722043686571756520726563657074696F6E20736368656D653C2F536572766963654469736372697074696F6E3E0A093C5365727669636547726F7570436F64653E4C56503C2F5365727669636547726F7570436F64653E0A093C4F6666657265644279456E746974793E504552554252414E43483C2F4F6666657265644279456E746974793E0A093C4D61726B657443757272656E636965733E50454E2C5553443C2F4D61726B657443757272656E636965733E0A093C496E737472756374696F6E43757272656E636965733E50454E2C5553443C2F496E737472756374696F6E43757272656E636965733E0A093C5374617475733E4143544956453C2F5374617475733E0A093C45666665637469766546726F6D446174653E323031382D31302D30313C2F45666665637469766546726F6D446174653E0A093C4944436F64653E5365727669636544656661756C743C2F4944436F64653E0A093C536572766963655F504B3E34613763336139612D333539382D343030382D626264622D3437663561646332336461383C2F536572766963655F504B3E0A3C2F536572766963653E0A', null, 'ServiceDefault', null);

INSERT INTO PRODUCT (PRODUCT_PK, PRODUCTCODE, PRODUCTNAME, PRODUCTDESCRIPTION, PRODUCTCATEGORY, STATUS, EFFECTIVEFROMDATE, EFFECTIVETILLDATE) VALUES ('8e550c52-73a3-4668-ad17-c59a29a2b6cb', 'CHEQUEPROCESSING', 'Cheque scheme processing', null, 'EXTERNAL', 'ACTIVE', TIMESTAMP '2018-10-01 00:00:00', null);

INSERT INTO SERVICECONFIG (MSGNAME, MSGFORMAT, MSGDESCRIPTION, ISMAPPINGAFLOW, REJECTIONLEVEL, BATCHSECNAME, PAYMENTSECNAME, ISCUSTOMERRHANDLERREQD, ISINMEMORYPARSING, PHASEDPARSEFLOWNAME, VALIDATIONLIST, PREPARSINGCALLBACKFLOWNAME, POSTPARSINGCALLBACKFLOWNAME, VALIDATIONOVERRIDEFLOWNAME, MSGFIELDLIST, MSGTYPE, MSGGROUP, IDENTIFYPARENTCALLBACK, REVERSEMAPPINGFLOW, MESSAGEFUNCTION, MSGENCODINGFORMAT) VALUES ('NACHAM_CHQCHANNELInput', 'NACHAM_CHQCHANNELInput', 'NACHAM_CHQCHANNELInput', 1, 'TRANSACTION', null, null, 1, 1, null, null, null, null, null, null, 'INPUT', 'CLEARING_HOUSE', null, null, 'Customer Cheque', null);
INSERT INTO SERVICECONFIG (MSGNAME, MSGFORMAT, MSGDESCRIPTION, ISMAPPINGAFLOW, REJECTIONLEVEL, BATCHSECNAME, PAYMENTSECNAME, ISCUSTOMERRHANDLERREQD, ISINMEMORYPARSING, PHASEDPARSEFLOWNAME, VALIDATIONLIST, PREPARSINGCALLBACKFLOWNAME, POSTPARSINGCALLBACKFLOWNAME, VALIDATIONOVERRIDEFLOWNAME, MSGFIELDLIST, MSGTYPE, MSGGROUP, IDENTIFYPARENTCALLBACK, REVERSEMAPPINGFLOW, MESSAGEFUNCTION, MSGENCODINGFORMAT) VALUES ('NACHAM_CHQAMNCHANNELInput', 'NACHAM_CHQAMNCHANNELInput', 'NACHAM_CHQAMNCHANNELInput', 1, 'TRANSACTION', null, null, 1, 1, null, null, null, null, null, null, 'INPUT', 'CLEARING_HOUSE', null, null, 'Customer Cheque Amendments', null);

INSERT INTO PARTYSERVICEASSOCIATION (PARTYSERVICEASSOCIATION_PK, PARTYSERVICEASSOCIATIONCODE, ASSOCIATIONDESCRIPTION, PARTYCODE, SERVICECODE, PROCESSCODE, PRODUCTSSUPPORTED, BRANCHCODE, DERIVEBRANCHCODE, ENFORSESETTLEMENTINSTRUCTION, FILEDUPLICATECHECK, FDCNUMBEROFDAYS, FDCPARAMETERS, REJECTIONERRTHRESHOLD, REFERRALERRTHRESHOLD, PAYMENTDUPLICATECHECK, PDCNUMBEROFDAYS, PDCPARAMETERS, PERMITTEDACCOUNTNOS, PREFERREDACCOUNT, INPUTFORMAT, RESPONSEEXPECTED, RESPONSESTAGES, RESPONSETYPE, RESPONSEFORMAT, PAYMENTSOURCECODE, VDFCHOOSEFASTESTMOP, ADDITIONALCONFIG, STATUS, EFFECTIVEFROMDATE, EFFECTIVETILLDATE, PAYMENTPARALLELPROCESSING, ISDEFAULTPSA, UI, API, TRANSPORT, RESPONSEREQUIRED) VALUES ('9b5ef22b-414e-486f-bace-7e4129631c2b', '00010001_CHEQUEPROCESSING', 'Cheques - Central Reserve Bank of Peru', '00010001', 'CHEQUEPROCESSING', 'VOCALINK-CPS', 'CHEQUEPROCESSING', 'PERUBRANCH', 0, 0, 0, null, null, 10, 10, 0, null, null, null, null, 'NACHAM_CHQCHANNELInput', 0, null, null, null, null, 0, null, 'ACTIVE', TIMESTAMP '2018-10-01 00:00:00', null, 1, 0, 0, 0, 1, 0);
INSERT INTO PARTYSERVICEASSOCIATION (PARTYSERVICEASSOCIATION_PK, PARTYSERVICEASSOCIATIONCODE, ASSOCIATIONDESCRIPTION, PARTYCODE, SERVICECODE, PROCESSCODE, PRODUCTSSUPPORTED, BRANCHCODE, DERIVEBRANCHCODE, ENFORSESETTLEMENTINSTRUCTION, FILEDUPLICATECHECK, FDCNUMBEROFDAYS, FDCPARAMETERS, REJECTIONERRTHRESHOLD, REFERRALERRTHRESHOLD, PAYMENTDUPLICATECHECK, PDCNUMBEROFDAYS, PDCPARAMETERS, PERMITTEDACCOUNTNOS, PREFERREDACCOUNT, INPUTFORMAT, RESPONSEEXPECTED, RESPONSESTAGES, RESPONSETYPE, RESPONSEFORMAT, PAYMENTSOURCECODE, VDFCHOOSEFASTESTMOP, ADDITIONALCONFIG, STATUS, EFFECTIVEFROMDATE, EFFECTIVETILLDATE, PAYMENTPARALLELPROCESSING, ISDEFAULTPSA, UI, API, TRANSPORT, RESPONSEREQUIRED) VALUES ('9b5ef22b-414e-486f-bace-7e4129631c2c', '00010001_CHEQUEPROCESSING_AMENDS', 'Cheque amendments - Central Reserve Bank of Peru', '00010001', 'CHEQUEPROCESSING', 'VOCALINK-CAPS', 'CHEQUEPROCESSING', 'PERUBRANCH', 0, 0, 0, null, null, 10, 10, 0, null, null, null, null, 'NACHAM_CHQAMNCHANNELInput', 0, null, null, null, null, 0, null, 'ACTIVE', TIMESTAMP '2018-10-01 00:00:00', null, 0, 0, 0, 0, 1, 0);

INSERT INTO TRANSPORT (TRANSPORT_PK, TRANSPORTCODE, REFERENCECODE, TRANSPORTTYPE, TRANSPORTMODE, CONNECTIONSTRING, ENCRYPTION, DIRECTION, STATUS, EFFECTIVEFROMDATE, EFFECTIVETILLDATE, XML_FIELD) VALUES ('e437c6f9-a52f-4d45-820e-39e777b1b41c', 'CHQ_NACHAM_Input', '00010001_CHEQUEPROCESSING', 'FILE', 'file:', '../VPH_messages/Inputs/CHQ_NACHAMInput', 'NONE', 'INPUT', 'ACTIVE', TIMESTAMP '2018-10-01 00:00:00', null, '3C3F786D6C2076657273696F6E3D22312E302220656E636F64696E673D225554462D38223F3E0A3C5472616E73706F72743E0A093C5472616E73706F7274436F64653E4348515F4E414348414D5F496E7075743C2F5472616E73706F7274436F64653E0A093C446972656374696F6E3E494E5055543C2F446972656374696F6E3E0A093C5265666572656E6365436F64653E30303031303030315F43484551554550524F43455353494E473C2F5265666572656E6365436F64653E0A093C5472616E73706F7274547970653E46494C453C2F5472616E73706F7274547970653E0A093C5472616E73706F72744D6F64653E66696C653A3C2F5472616E73706F72744D6F64653E0A093C436F6E6E656374696F6E537472696E673E2E2E2F5650485F6D657373616765732F496E707574732F4348515F4E414348414D496E7075743C2F436F6E6E656374696F6E537472696E673E0A093C456E6372797074696F6E3E4E4F4E453C2F456E6372797074696F6E3E0A093C5374617475733E4143544956453C2F5374617475733E0A093C45666665637469766546726F6D446174653E323031382D31302D30313C2F45666665637469766546726F6D446174653E0A093C5472616E73706F72745F504B3E65343337633666392D613532662D346434352D383230652D3339653737376231623431633C2F5472616E73706F72745F504B3E0A3C2F5472616E73706F72743E0A');
INSERT INTO TRANSPORT (TRANSPORT_PK, TRANSPORTCODE, REFERENCECODE, TRANSPORTTYPE, TRANSPORTMODE, CONNECTIONSTRING, ENCRYPTION, DIRECTION, STATUS, EFFECTIVEFROMDATE, EFFECTIVETILLDATE, XML_FIELD) VALUES ('068a113d-cfbe-46fd-a42a-86b539ab052b', 'CHQAMN_NACHAM_Input', '00010001_CHEQUEPROCESSING_AMENDS', 'FILE', 'file:', '../VPH_messages/Inputs/CHQAMN_NACHAMInput', 'NONE', 'INPUT', 'ACTIVE', TIMESTAMP '2018-10-01 00:00:00', null, '3C3F786D6C2076657273696F6E3D22312E302220656E636F64696E673D225554462D38223F3E0A3C5472616E73706F72743E0A093C5472616E73706F7274436F64653E434851414D4E5F4E414348414D5F496E7075743C2F5472616E73706F7274436F64653E0A093C446972656374696F6E3E494E5055543C2F446972656374696F6E3E0A093C5265666572656E6365436F64653E30303031303030315F43484551554550524F43455353494E475F414D454E44533C2F5265666572656E6365436F64653E0A093C5472616E73706F7274547970653E46494C453C2F5472616E73706F7274547970653E0A093C5472616E73706F72744D6F64653E66696C653A3C2F5472616E73706F72744D6F64653E0A093C436F6E6E656374696F6E537472696E673E2E2E2F5650485F6D657373616765732F496E707574732F434851414D4E5F4E414348414D496E7075743C2F436F6E6E656374696F6E537472696E673E0A093C456E6372797074696F6E3E4E4F4E453C2F456E6372797074696F6E3E0A093C5374617475733E4143544956453C2F5374617475733E0A093C45666665637469766546726F6D446174653E323031382D31302D30313C2F45666665637469766546726F6D446174653E0A093C5472616E73706F72745F504B3E30363861313133642D636662652D343666642D613432612D3836623533396162303532623C2F5472616E73706F72745F504B3E0A3C2F5472616E73706F72743E0A');
		
INSERT INTO SETTLEMENTCYCLESCHEDULE (PROCESS, TRSESSIONID, STARTTIME, ENDTIME, DAY) VALUES ('SUBMISSION', 'PRE', '15:00', '23:30', 'D');
INSERT INTO SETTLEMENTCYCLESCHEDULE (PROCESS, TRSESSIONID, STARTTIME, ENDTIME, DAY) VALUES ('CALCULATION', 'PRE', '00:30', '01:30', 'D+1');
INSERT INTO SETTLEMENTCYCLESCHEDULE (PROCESS, TRSESSIONID, STARTTIME, ENDTIME, DAY) VALUES ('DELIVERY', 'PRE', '01:30', '02:30', 'D+1');
INSERT INTO SETTLEMENTCYCLESCHEDULE (PROCESS, TRSESSIONID, STARTTIME, ENDTIME, DAY) VALUES ('SUBMISSION', 'REC', '08:00', '12:00', 'D+1');
INSERT INTO SETTLEMENTCYCLESCHEDULE (PROCESS, TRSESSIONID, STARTTIME, ENDTIME, DAY) VALUES ('CALCULATION', 'REC', '12:00', '12:30', 'D+1');
INSERT INTO SETTLEMENTCYCLESCHEDULE (PROCESS, TRSESSIONID, STARTTIME, ENDTIME, DAY) VALUES ('DELIVERY', 'REC', '12:30', '13:00', 'D+1');
INSERT INTO SETTLEMENTCYCLESCHEDULE (PROCESS, TRSESSIONID, STARTTIME, ENDTIME, DAY) VALUES ('DELIVERY', 'GBL', '13:00', '13:30', 'D+1');

INSERT INTO VOLPAYCONFIGURATION (NAME, VALUE, TYPE) VALUES ('TIVOLI.TRIGGERS.IGNORESCHEDULES', 'true', 'BOOLEAN');
INSERT INTO VOLPAYCONFIGURATION (NAME, VALUE, TYPE) VALUES ('VOLPAY.CHEQUES.DEMO', 'false', 'BOOLEAN');
INSERT INTO VOLPAYCONFIGURATION (NAME, VALUE, TYPE) VALUES ('VOLPAY.CHEQUES.DEMO.GOANYWHERE', 'false', 'BOOLEAN');
