INSERT INTO UNIQUEKEYGENTABLE VALUES(100);
INSERT INTO DEFAULTKEYGENERATOR VALUES (100);

INSERT INTO VOLPAYIDCONFIGURATION (IDCODE,PATTERN,MINLEN,MAXLEN,FIXLEN,FLOWNAME,ISDEFAULT) VALUES ('VolPayDefault','VPE${UIR}${i}',8,9,30,NULL,1);

INSERT INTO VOLPAYCONFIGURATION VALUES ('MAXLOGINRETRY', '3', 'INTEGER');
INSERT INTO VOLPAYCONFIGURATION VALUES ('ISUSERLOCKENABLED', 'TRUE', 'BOOLEAN');
INSERT INTO VOLPAYCONFIGURATION (Name,Value) VALUES('OTPTORESETPASSWORDMAIL','SendResetPasswordOTPMail.vm');
INSERT INTO VOLPAYCONFIGURATION (Name,Value) VALUES('PORT','465');
INSERT INTO VOLPAYCONFIGURATION (Name,Value) VALUES('PROTOCOL','smtps');
INSERT INTO VOLPAYCONFIGURATION (Name,Value) values('SENDEREMAILID','volante.testing@gmail.com');
INSERT INTO VOLPAYCONFIGURATION (Name,Value) values('SENDERPASSWORD','Volante@123');
INSERT INTO VOLPAYCONFIGURATION (Name,Value) VALUES('HOST','smtp.gmail.com');
INSERT INTO VOLPAYCONFIGURATION (Name,Value) VALUES('MISCMAILHEADERS','mail.smtp.auth=true&'||'mail.smtp.starttls.enable=true');
INSERT INTO VOLPAYCONFIGURATION values ('SESSIONTIMEOUT','15','UI Configuration');
INSERT INTO VOLPAYCONFIGURATION values ('FILESIZERESTRICTION','10','UI Configuration');
INSERT INTO VOLPAYCONFIGURATION (Name,Value) values ('ADDUSERMAIL','AddUserMail.vm');
Insert into VOLPAYCONFIGURATION (Name,Value) values ('SendAlertsAndNotifications','false');
Insert into VOLPAYCONFIGURATION (Name,Value) values ('ACKNOTIFICATION','AckNotification.vm');
Insert into VOLPAYCONFIGURATION (Name,Value) values ('RECEIVERMAILID','volante.testing@gmail.com');
Insert into VOLPAYCONFIGURATION (Name,Value) values ('IsAccountCached','false');
Insert into VOLPAYCONFIGURATION (Name,Value,Type) values ('VolPayChannel','../VPH_messages/WorkDir','WORK_DIRECTORY');
Insert into VOLPAYCONFIGURATION (Name,Value,Type) values ('VolPayHub','../VPH_messages/WorkDir','WORK_DIRECTORY');
Insert into VOLPAYCONFIGURATION (Name,Value,Type) values ('VolPayHubBankSimulator','../VPH_messages/WorkDir','WORK_DIRECTORY');
Insert into VOLPAYCONFIGURATION (Name,Value) values ('OptimizedStorage','true');
Insert into VOLPAYCONFIGURATION (Name,Value) values ('IgnoreMissingClearingHouses','false');
Insert into VOLPAYCONFIGURATION (Name,Value) values ('SendOutputToDevice','DemoBankOutputToDevice');
Insert into VOLPAYCONFIGURATION (Name,Value) values ('IgnoreBDP','true');
Insert into VOLPAYCONFIGURATION (Name,Value) values ('NostroVostroCorrelation','0');

INSERT INTO ROLE(RoleID,RoleName,IsSuperAdmin,Status) VALUES('Super Admin','Super Admin',1,'ACTIVE');

Insert into NOTIFSUBSCRIBER values ('101', 'STATUS_ALERT', 'USER001', 'FILE', null);
Insert into NOTIFSUBSCRIBER values ('102', 'BR_ALERT', 'USER002', 'FILE', null);
Insert into NOTIFSUBSCRIBER values ('103', 'FILE_NOTIF', 'USER003', 'FILE', null);

Insert into RULEOPERATOR values('1','Date','==, !=, <, >, <=, >=');
Insert into RULEOPERATOR values('2','Decimal','==, !=, <, >, <=, >=');
Insert into RULEOPERATOR values('3','String','==, !=, formula');
Insert into RULEOPERATOR values('4','Time','==, !=, <, >, <=, >=');
Insert into RULEOPERATOR values('5','Object','formula');
INSERT INTO RULEOPERATOR values('6','Boolean','==,!=');
INSERT INTO RULEOPERATOR values('7','Integer','==, !=, <, >, <=, >=');
INSERT INTO RULEOPERATOR values('8','DateTime','==, !=, <, >, <=, >=');

Insert into rulevariable values('1','OfficeCode','General','String','Office to which this entity belongs');
Insert into rulevariable values('2','BranchCode','General','String','Branch at which this payment was received');
Insert into rulevariable values('6','DepartmentCode','General','String','Department Code');
Insert into rulevariable values('7','InstructionID','General','String','Unique identification given to the incoming message.');
Insert into rulevariable values('9','BatchID','General','String','Batch ID');
Insert into rulevariable values('10','PaymentID','General','String','Unique identification given to each payment.');
Insert into rulevariable values('11','InstructionData.PartyServiceAssociationCode','General','String','PartyServiceAssociationCode');
Insert into rulevariable values('12','InstructionData.InstructionType','General','String','Message type of received message (MT103 / MT202 etc when source channel is SWIFT)');
Insert into rulevariable values('13','InstructionData.ReceivedDate','General','Date','The date on which this message is received by this bank.');
Insert into rulevariable values('14','InstructionData.MultiPaymentInstruction','General','Boolean','Is this payment part of a batched message.Old field name = IsSourceBatch');
Insert into rulevariable values('15','OriginalPaymentReference','General','String','Reference assigned to this payment by the sender');
Insert into rulevariable values('16','OriginalBatchReference','General','String','Reference of the batch to which the original payment belonged.');
Insert into rulevariable values('17','OriginalFileReference','General','String','Reference of the file to which the original payment belonged.');
Insert into rulevariable values('18','OriginalPaymentFunction','General','String','Credit Transfer, Cancel etc. Old field name = SourceMessageFunction.');
Insert into rulevariable values('19','ExecutionDateTime','General','DateTime','The date & time on which this payment is / was executed by this bank. ');
Insert into rulevariable values('20','ScheduledDate','General','Date','Used only if the payment is warehoused. ');
Insert into rulevariable values('21','Amount','General','Decimal','The amount of this payment. ');
Insert into rulevariable values('22','Currency','General','String',' The currency of this payment.');
Insert into rulevariable values('23','OriginalValueDate','General','Date','The date on or before which the creditor must be credited. Read only.');
Insert into rulevariable values('24','ValueDate','General','Date','The date on or before which the creditor must be credited.');
Insert into rulevariable values('25','ProductSupported','General','String','ProductSupported');
Insert into rulevariable values('26','DebitPartyRole','General','String','DebitPartyRole');
Insert into rulevariable values('27','Debtor.Name','General','String','Debtor.Name');
Insert into rulevariable values('28','Debtor.Address','General','String','Debtor.Address');
Insert into rulevariable values('29','Debtor.EmailID','General','String','Debtor.EmailID');
Insert into rulevariable values('30','Debtor.PhoneNumber','General','String','Debtor.PhoneNumber');
Insert into rulevariable values('31','Debtor.PartyID','General','String','PartyID');
Insert into rulevariable values('32','Debtor.BIC','General','String','BIC');
Insert into rulevariable values('33','Debtor.ClearingSchemeID','General','String','ClearingSchemeID');
Insert into rulevariable values('34','Debtor.SchemeCode','General','String','SchemeCode');
Insert into rulevariable values('35','Debtor.Account','General','String','Account');
Insert into rulevariable values('36','Debtor.AccountType','General','String','AccountType');
Insert into rulevariable values('37','DebtorAgent.Name','General','String','Name');
Insert into rulevariable values('38','DebtorAgent.Address','General','String','Address');
Insert into rulevariable values('39','DebtorAgent.EmailID','General','String','EmailID');
Insert into rulevariable values('40','DebtorAgent.PhoneNumber','General','String','PhoneNumber');
Insert into rulevariable values('41','DebtorAgent.PartyID','General','String','PartyID');
Insert into rulevariable values('42','DebtorAgent.BIC','General','String','BIC');
Insert into rulevariable values('43','DebtorAgent.ClearingSchemeID','General','String','ClearingSchemeID');
Insert into rulevariable values('44','DebtorAgent.SchemeCode','General','String','SchemeCode');
Insert into rulevariable values('45','DebtorAgent.Account','General','String','Account');
Insert into rulevariable values('46','DebtorAgent.AccountType','General','String','AccountType');
Insert into rulevariable values('47','InstructingReimbursementAgent.Name','General','String','Name');
Insert into rulevariable values('48','InstructingReimbursementAgent.Address','General','String','Address');
Insert into rulevariable values('49','InstructingReimbursementAgent.EmailID','General','String','EmailID');
Insert into rulevariable values('50','InstructingReimbursementAgent.PhoneNumber','General','String','PhoneNumber');
Insert into rulevariable values('51','InstructingReimbursementAgent.PartyID','General','String','PartyID');
Insert into rulevariable values('52','InstructingReimbursementAgent.BIC','General','String','BIC');
Insert into rulevariable values('53','InstructingReimbursementAgent.ClearingSchemeID','General','String','ClearingSchemeID');
Insert into rulevariable values('54','InstructingReimbursementAgent.SchemeCode','General','String','SchemeCode');
Insert into rulevariable values('55','InstructingReimbursementAgent.Account','General','String','Account');
Insert into rulevariable values('56','InstructingReimbursementAgent.AccountType','General','String','AccountType');
Insert into rulevariable values('57','Sender.Name','General','String','Name');
Insert into rulevariable values('58','Sender.Address','General','String','Address');
Insert into rulevariable values('59','Sender.EmailID','General','String','EmailID');
Insert into rulevariable values('60','Sender.PhoneNumber','General','String','PhoneNumber');
Insert into rulevariable values('61','Sender.PartyID','General','String','PartyID');
Insert into rulevariable values('62','Sender.BIC','General','String','BIC');
Insert into rulevariable values('63','Sender.ClearingSchemeID','General','String','ClearingSchemeID');
Insert into rulevariable values('64','Sender.SchemeCode','General','String','SchemeCode');
Insert into rulevariable values('65','Sender.Account','General','String','Account');
Insert into rulevariable values('66','Sender.AccountType','General','String','AccountType');
Insert into rulevariable values('67','CreditPartyRole','General','String','CreditPartyRole');
Insert into rulevariable values('68','Creditor.Name','General','String','Name');
Insert into rulevariable values('69','Creditor.Address','General','String','Address');
Insert into rulevariable values('70','Creditor.EmailID','General','String','EmailID');
Insert into rulevariable values('71','Creditor.PartyID','General','String','PartyID');
Insert into rulevariable values('72','Creditor.BIC','General','String','BIC');
Insert into rulevariable values('73','Creditor.ClearingSchemeID','General','String','ClearingSchemeID');
Insert into rulevariable values('74','Creditor.SchemeCode','General','String','SchemeCode');
Insert into rulevariable values('75','Creditor.Account','General','String','Account');
Insert into rulevariable values('76','Creditor.AccountType','General','String','AccountType');
Insert into rulevariable values('77','CreditorAgent.Name','General','String','Name');
Insert into rulevariable values('78','CreditorAgent.Address','General','String','Address');
Insert into rulevariable values('79','CreditorAgent.EmailID','General','String','EmailID');
Insert into rulevariable values('80','CreditorAgent.PhoneNumber','General','String','PhoneNumber');
Insert into rulevariable values('81','CreditorAgent.PartyID','General','String','PartyID');
Insert into rulevariable values('82','CreditorAgent.BIC','General','String','BIC');
Insert into rulevariable values('83','CreditorAgent.ClearingSchemeID','General','String','ClearingSchemeID');
Insert into rulevariable values('84','CreditorAgent.SchemeCode','General','String','SchemeCode');
Insert into rulevariable values('85','CreditorAgent.Account','General','String','Account');
Insert into rulevariable values('86','CreditorAgent.AccountType','General','String','AccountType');
Insert into rulevariable values('87','IntermediaryAgent1.Name','General','String','Name');
Insert into rulevariable values('88','IntermediaryAgent1.Address','General','String','Address');
Insert into rulevariable values('89','IntermediaryAgent1.EmailID','General','String','EmailID');
Insert into rulevariable values('90','IntermediaryAgent1.PhoneNumber','General','String','PhoneNumber');
Insert into rulevariable values('91','IntermediaryAgent1.PartyID','General','String','PartyID');
Insert into rulevariable values('92','IntermediaryAgent1.BIC','General','String','BIC');
Insert into rulevariable values('93','IntermediaryAgent1.ClearingSchemeID','General','String','ClearingSchemeID');
Insert into rulevariable values('94','IntermediaryAgent1.SchemeCode','General','String','SchemeCode');
Insert into rulevariable values('95','IntermediaryAgent1.Account','General','String','Account');
Insert into rulevariable values('96','IntermediaryAgent1.AccountType','General','String','AccountType');
Insert into rulevariable values('97','IntermediaryAgent2.Name','General','String','Name');
Insert into rulevariable values('98','IntermediaryAgent2.Address','General','String','Address');
Insert into rulevariable values('99','IntermediaryAgent2.EmailID','General','String','EmailID');
Insert into rulevariable values('100','IntermediaryAgent2.PhoneNumber','General','String','PhoneNumber');
Insert into rulevariable values('101','IntermediaryAgent2.PartyID','General','String','PartyID');
Insert into rulevariable values('102','IntermediaryAgent2.BIC','General','String','BIC');
Insert into rulevariable values('103','IntermediaryAgent2.ClearingSchemeID','General','String','ClearingSchemeID');
Insert into rulevariable values('104','IntermediaryAgent2.SchemeCode','General','String','SchemeCode');
Insert into rulevariable values('105','IntermediaryAgent2.Account','General','String','Account');
Insert into rulevariable values('106','IntermediaryAgent2.AccountType','General','String','AccountType');
Insert into rulevariable values('107','ReceiversCorrespondent.Name','General','String','Name');
Insert into rulevariable values('108','ReceiversCorrespondent.Address','General','String','Address');
Insert into rulevariable values('109','ReceiversCorrespondent.EmailID','General','String','EmailID');
Insert into rulevariable values('110','ReceiversCorrespondent.PartyID','General','String','PartyID');
Insert into rulevariable values('111','ReceiversCorrespondent.BIC','General','String','BIC');
Insert into rulevariable values('112','ReceiversCorrespondent.ClearingSchemeID','General','String','ClearingSchemeID');
Insert into rulevariable values('113','ReceiversCorrespondent.SchemeCode','General','String','SchemeCode');
Insert into rulevariable values('114','ReceiversCorrespondent.Account','General','String','Account');
Insert into rulevariable values('115','ReceiversCorrespondent.AccountType','General','String','AccountType');
--Insert into rulevariable values('116','DebitSideDetails.DebitAmount','General','Decimal','Amount to be debited from the debtors account.');
--Insert into rulevariable values('117','DebitSideDetails.DebitCurrency','General','String','Currency of the debtors account.');
--Insert into rulevariable values('118','DebitSideDetails.DebitValueDate','General','Date','The date on which debit happens.');
--Insert into rulevariable values('119','DebitSideDetails.DebitFxRate','General','Decimal','Fx applied on the debit side');
--Insert into rulevariable values('120','DebitSideDetails.DebitFxDealId','General','String','Reference to external deal booked for obtaining DebitFxRate');
--Insert into rulevariable values('121','DebitSideDetails.DebitFxTierId','General','String','DebitSideDetails.DebitFxTierId');

--Insert into rulevariable values('122','CreditSideDetails.CreditAmount','General','Decimal','Amount to be credited into the creditors account.');
--Insert into rulevariable values('123','CreditSideDetails.CreditCurrency','General','String','Currency of the creditors account.');
--Insert into rulevariable values('124','CreditSideDetails.CreditValueDate','General','Date','The date on which credit happens.');
--Insert into rulevariable values('125','CreditSideDetails.CreditFxRate','General','Decimal','Fx applied on the credit side ');
--Insert into rulevariable values('126','CreditSideDetails.CreditFxDealId','General','String','Reference to external deal booked for obtaining CreditFxRate ');
--Insert into rulevariable values('127','CreditSideDetails.CreditFxTierId','General','String','CreditSideDetails.CreditFxTierId');
Insert into rulevariable values('128','ChargeCode','General','String','ChargeCode');
Insert into rulevariable values('129','InstrForNxtAgt','General','String','To be mapped from InstrForNxtAgt and/or InstrForCdtrAgt');
Insert into rulevariable values('130','RemittanceInformation','General','String','RemittanceInformation');
Insert into rulevariable values('131','MethodOfPayment','General','String','Book, SWIFT, FedWire etc');
Insert into rulevariable values('132','DestinationMessageType','General','String','The specific message type of the outgoing message (FEDWIRE_BTR, FEDWIRE_CTR etc)');
Insert into rulevariable values('133','Status','General','String','Status of this payment (IN_PROGRESS / COMPLETED / REPAIR etc)');
Insert into rulevariable values('134','ErrorFieldIDList','General','String','List of Field IDs of payment in exception.');
Insert into rulevariable values('135','DetailedStatusInfo','General','String','Any appropriate free form description.');
Insert into rulevariable values('136','Priority','General','String','Priority of this payment');
--Insert into rulevariable values('137','Hash','General','String','Hex Hash of the payment - for duplicate check.');
Insert into rulevariable values('138','RepairID','General','String','Current repair ID of this payment.');
--Insert into rulevariable values('139','BatchIndex','General','Integer','Index of batch this payment belongs to in the incoming file');
--Insert into rulevariable values('140','PaymentIndex','General','Integer','Index of payment in the batch to which this belongs in the incoming file');
Insert into rulevariable values('141','TaskStatus','General','String','TaskStatus');
Insert into rulevariable values('142','UnstructuredPaymentInfo','General','String','UnstructuredPaymentInfo');
--Insert into rulevariable values('143','pcd','General','String','pcd');
Insert into rulevariable values('144','pcd.OfficeCode','Action','String','Office to which this entity belongs');
Insert into rulevariable values('145','pcd.BranchCode','Action','String','Branch at which this payment was received');
Insert into rulevariable values('146','pcd.DepartmentCode','Action','String','Usage not clear. When will this get filled and by whom? Who will consume this and when?');
Insert into rulevariable values('147','pcd.InstructionID','Action','String','Unique identification given to the incoming message (may contain multiple payments).');
Insert into rulevariable values('148','pcd.BatchID','Action','String','Batch ID');
Insert into rulevariable values('149','pcd.PaymentID','Action','String','Unique identification given to each payment.');
Insert into rulevariable values('150','pcd.InstructionData.PartyServiceAssociationCode','Action','String','PartyServiceAssociationCode');
Insert into rulevariable values('151','pcd.InstructionData.InstructionType','Action','String','InstructionType');
Insert into rulevariable values('152','pcd.InstructionData.ReceivedDate','Action','DateTime','The date on which this message is received by this bank.');
Insert into rulevariable values('153','pcd.InstructionData.MultiPaymentInstruction','Action','Boolean','MultiPaymentInstruction');
Insert into rulevariable values('154','pcd.OriginalPaymentReference','Action','String','Reference assigned to this payment by the sender.');
Insert into rulevariable values('155','pcd.OriginalBatchReference','Action','String','Reference of the batch to which the original payment belonged.');
Insert into rulevariable values('156','pcd.OriginalFileReference','Action','String','Reference of the file to which the original payment belonged.');
Insert into rulevariable values('157','pcd.OriginalPaymentFunction','Action','String','Credit Transfer, Cancel etc. Old field name = SourceMessageFunction.');
Insert into rulevariable values('158','pcd.ExecutionDateTime','Action','DateTime','The date & time on which this payment is / was executed by this bank. ');
Insert into rulevariable values('159','pcd.ScheduledDate','Action','Date','Used only if the payment is warehoused. ');
Insert into rulevariable values('160','pcd.Amount','Action','Decimal','The amount of this payment. ');
Insert into rulevariable values('161','pcd.Currency','Action','String',' The currency of this payment.');
Insert into rulevariable values('162','pcd.OriginalValueDate','Action','Date','The date on or before which the creditor must be credited. Read only.');
Insert into rulevariable values('163','pcd.ValueDate','Action','Date','The date on or before which the creditor must be credited.');
Insert into rulevariable values('164','pcd.ProductSupported','Action','String','ProductSupported');
Insert into rulevariable values('165','pcd.DebitPartyRole','Action','String','DebitPartyRole');
Insert into rulevariable values('167','pcd.Debtor.Name','Action','String','Name');
Insert into rulevariable values('168','pcd.Debtor.Address','Action','String','Address');
Insert into rulevariable values('169','pcd.Debtor.EmailID','Action','String','EmailID');
Insert into rulevariable values('170','pcd.Debtor.PhoneNumber','Action','String','PhoneNumber');
Insert into rulevariable values('171','pcd.Debtor.PartyID','Action','String','PartyID');
Insert into rulevariable values('172','pcd.Debtor.BIC','Action','String','BIC');
Insert into rulevariable values('173','pcd.Debtor.ClearingSchemeID','Action','String','ClearingSchemeID');
Insert into rulevariable values('174','pcd.Debtor.SchemeCode','Action','String','SchemeCode');
Insert into rulevariable values('175','pcd.Debtor.Account','Action','String','Account');
Insert into rulevariable values('176','pcd.Debtor.AccountType','Action','String','AccountType');
Insert into rulevariable values('177','pcd.DebtorAgent.Name','Action','String','Name');
Insert into rulevariable values('178','pcd.DebtorAgent.Address','Action','String','Address');
Insert into rulevariable values('179','pcd.DebtorAgent.EmailID','Action','String','EmailID');
Insert into rulevariable values('180','pcd.DebtorAgent.PhoneNumber','Action','String','PhoneNumber');
Insert into rulevariable values('181','pcd.DebtorAgent.PartyID','Action','String','PartyID');
Insert into rulevariable values('182','pcd.DebtorAgent.BIC','Action','String','BIC');
Insert into rulevariable values('183','pcd.DebtorAgent.ClearingSchemeID','Action','String','ClearingSchemeID');
Insert into rulevariable values('184','pcd.DebtorAgent.SchemeCode','Action','String','SchemeCode');
Insert into rulevariable values('185','pcd.DebtorAgent.Account','Action','String','Account');
Insert into rulevariable values('186','pcd.DebtorAgent.AccountType','Action','String','AccountType');
Insert into rulevariable values('187','pcd.InstructingReimbursementAgent.Name','Action','String','Name');
Insert into rulevariable values('188','pcd.InstructingReimbursementAgent.Address','Action','String','Address');
Insert into rulevariable values('189','pcd.InstructingReimbursementAgent.EmailID','Action','String','EmailID');
Insert into rulevariable values('190','pcd.InstructingReimbursementAgent.PhoneNumber','Action','String','PhoneNumber');
Insert into rulevariable values('191','pcd.InstructingReimbursementAgent.PartyID','Action','String','PartyID');
Insert into rulevariable values('192','pcd.InstructingReimbursementAgent.BIC','Action','String','BIC');
Insert into rulevariable values('193','pcd.InstructingReimbursementAgent.ClearingSchemeID','Action','String','ClearingSchemeID');
Insert into rulevariable values('194','pcd.InstructingReimbursementAgent.SchemeCode','Action','String','SchemeCode');
Insert into rulevariable values('195','pcd.InstructingReimbursementAgent.Account','Action','String','Account');
Insert into rulevariable values('196','pcd.InstructingReimbursementAgent.AccountType','Action','String','AccountType');
Insert into rulevariable values('197','pcd.Sender.Name','Action','String','Name');
Insert into rulevariable values('198','pcd.Sender.Address','Action','String','Address');
Insert into rulevariable values('199','pcd.Sender.EmailID','Action','String','EmailID');
Insert into rulevariable values('200','pcd.Sender.PhoneNumber','Action','String','PhoneNumber');
Insert into rulevariable values('201','pcd.Sender.PartyID','Action','String','PartyID');
Insert into rulevariable values('202','pcd.Sender.BIC','Action','String','BIC');
Insert into rulevariable values('203','pcd.Sender.ClearingSchemeID','Action','String','ClearingSchemeID');
Insert into rulevariable values('204','pcd.Sender.SchemeCode','Action','String','SchemeCode');
Insert into rulevariable values('205','pcd.Sender.Account','Action','String','Account');
Insert into rulevariable values('206','pcd.Sender.AccountType','Action','String','AccountType');
Insert into rulevariable values('207','pcd.CreditPartyRole','Action','String','CreditPartyRole');
Insert into rulevariable values('208','pcd.Creditor.Name','Action','String','Name');
Insert into rulevariable values('209','pcd.Creditor.Address','Action','String','Address');
Insert into rulevariable values('210','pcd.Creditor.EmailID','Action','String','EmailID');
Insert into rulevariable values('211','pcd.Creditor.PhoneNumber','Action','String','PhoneNumber');
Insert into rulevariable values('212','pcd.Creditor.PartyID','Action','String','PartyID');
Insert into rulevariable values('213','pcd.Creditor.BIC','Action','String','BIC');
Insert into rulevariable values('214','pcd.Creditor.ClearingSchemeID','Action','String','ClearingSchemeID');
Insert into rulevariable values('215','pcd.Creditor.SchemeCode','Action','String','SchemeCode');
Insert into rulevariable values('216','pcd.Creditor.Account','Action','String','Account');
Insert into rulevariable values('217','pcd.Creditor.AccountType','Action','String','AccountType');
Insert into rulevariable values('218','Creditor.PhoneNumber','General','String','Creditor.PhoneNumber');
Insert into rulevariable values('219','pcd.CreditorAgent.Name','Action','String','Name');
Insert into rulevariable values('220','pcd.CreditorAgent.Address','Action','String','Address');
Insert into rulevariable values('221','pcd.CreditorAgent.EmailID','Action','String','EmailID');
Insert into rulevariable values('222','pcd.CreditorAgent.PhoneNumber','Action','String','PhoneNumber');
Insert into rulevariable values('223','pcd.CreditorAgent.PartyID','Action','String','PartyID');
Insert into rulevariable values('224','pcd.CreditorAgent.BIC','Action','String','BIC');
Insert into rulevariable values('225','pcd.CreditorAgent.ClearingSchemeID','Action','String','ClearingSchemeID');
Insert into rulevariable values('226','pcd.CreditorAgent.SchemeCode','Action','String','SchemeCode');
Insert into rulevariable values('227','pcd.CreditorAgent.Account','Action','String','Account');
Insert into rulevariable values('228','pcd.CreditorAgent.AccountType','Action','String','AccountType');
Insert into rulevariable values('229','pcd.IntermediaryAgent1.Name','Action','String','Name');
Insert into rulevariable values('230','pcd.IntermediaryAgent1.Address','Action','String','Address');
Insert into rulevariable values('231','pcd.IntermediaryAgent1.EmailID','Action','String','EmailID');
Insert into rulevariable values('232','pcd.IntermediaryAgent1.PhoneNumber','Action','String','PhoneNumber');
Insert into rulevariable values('233','pcd.IntermediaryAgent1.PartyID','Action','String','PartyID');
Insert into rulevariable values('234','pcd.IntermediaryAgent1.BIC','Action','String','BIC');
Insert into rulevariable values('235','pcd.IntermediaryAgent1.ClearingSchemeID','Action','String','ClearingSchemeID');
Insert into rulevariable values('236','pcd.IntermediaryAgent1.SchemeCode','Action','String','SchemeCode');
Insert into rulevariable values('237','pcd.IntermediaryAgent1.Account','Action','String','Account');
Insert into rulevariable values('238','pcd.IntermediaryAgent1.AccountType','Action','String','AccountType');
Insert into rulevariable values('239','pcd.IntermediaryAgent2.Name','Action','String','Name');
Insert into rulevariable values('240','pcd.IntermediaryAgent2.Address','Action','String','Address');
Insert into rulevariable values('241','pcd.IntermediaryAgent2.EmailID','Action','String','EmailID');
Insert into rulevariable values('242','pcd.IntermediaryAgent2.PhoneNumber','Action','String','PhoneNumber');
Insert into rulevariable values('243','pcd.IntermediaryAgent2.PartyID','Action','String','PartyID');
Insert into rulevariable values('244','pcd.IntermediaryAgent2.BIC','Action','String','BIC');
Insert into rulevariable values('245','pcd.IntermediaryAgent2.ClearingSchemeID','Action','String','ClearingSchemeID');
Insert into rulevariable values('246','pcd.IntermediaryAgent2.SchemeCode','Action','String','SchemeCode');
Insert into rulevariable values('247','pcd.IntermediaryAgent2.Account','Action','String','Account');
Insert into rulevariable values('248','pcd.IntermediaryAgent2.AccountType','Action','String','AccountType');
Insert into rulevariable values('249','pcd.ThirdReimbursementAgent.Name','Action','String','Name');
Insert into rulevariable values('250','pcd.ThirdReimbursementAgent.Address','Action','String','Address');
Insert into rulevariable values('251','pcd.ThirdReimbursementAgent.EmailID','Action','String','EmailID');
Insert into rulevariable values('252','pcd.ThirdReimbursementAgent.PhoneNumber','Action','String','PhoneNumber');
Insert into rulevariable values('253','pcd.ThirdReimbursementAgent.PartyID','Action','String','PartyID');
Insert into rulevariable values('254','pcd.ThirdReimbursementAgent.BIC','Action','String','BIC');
Insert into rulevariable values('255','pcd.ThirdReimbursementAgent.ClearingSchemeID','Action','String','ClearingSchemeID');
Insert into rulevariable values('256','pcd.ThirdReimbursementAgent.SchemeCode','Action','String','SchemeCode');
Insert into rulevariable values('257','pcd.ThirdReimbursementAgent.Account','Action','String','Account');
Insert into rulevariable values('258','pcd.ThirdReimbursementAgent.AccountType','Action','String','AccountType');
Insert into rulevariable values('259','pcd.ReceiversCorrespondent.Name','Action','String','Name');
Insert into rulevariable values('260','pcd.ReceiversCorrespondent.Address','Action','String','Address');
Insert into rulevariable values('261','pcd.ReceiversCorrespondent.EmailID','Action','String','EmailID');
Insert into rulevariable values('262','pcd.ReceiversCorrespondent.PhoneNumber','Action','String','PhoneNumber');
Insert into rulevariable values('263','pcd.ReceiversCorrespondent.PartyID','Action','String','PartyID');
Insert into rulevariable values('264','pcd.ReceiversCorrespondent.BIC','Action','String','BIC');
Insert into rulevariable values('265','pcd.ReceiversCorrespondent.ClearingSchemeID','Action','String','ClearingSchemeID');
Insert into rulevariable values('266','pcd.ReceiversCorrespondent.SchemeCode','Action','String','SchemeCode');
Insert into rulevariable values('267','pcd.ReceiversCorrespondent.Account','Action','String','Account');
Insert into rulevariable values('268','pcd.ReceiversCorrespondent.AccountType','Action','String','AccountType');
--Insert into rulevariable values('269','pcd.DebitSideDetails.DebitAmount','Action','Decimal','Amount to be debited from the debtors account.');
--Insert into rulevariable values('270','pcd.DebitSideDetails.DebitCurrency','Action','String','Currency of the debtors account.');
--Insert into rulevariable values('271','pcd.DebitSideDetails.DebitValueDate','Action','Date','The date on which debit happens.');
--Insert into rulevariable values('272','pcd.DebitSideDetails.DebitFxRate','Action','Decimal','Fx applied on the debit side');
--Insert into rulevariable values('273','pcd.DebitSideDetails.DebitFxDealId','Action','String','Reference to external deal booked for obtaining DebitFxRate');
--Insert into rulevariable values('274','pcd.DebitSideDetails.DebitFxTierId','Action','String','DebitFxTierId');
--Insert into rulevariable values('275','pcd.CreditSideDetails.CreditAmount','Action','Decimal','Amount to be credited into the creditors account.');
--Insert into rulevariable values('276','pcd.CreditSideDetails.CreditCurrency','Action','String','Currency of the creditors account.');
--Insert into rulevariable values('277','pcd.CreditSideDetails.CreditValueDate','Action','Date','CreditValueDate');
--Insert into rulevariable values('278','pcd.CreditSideDetails.CreditFxRate','Action','Decimal','Fx applied on the credit side ');
--Insert into rulevariable values('279','pcd.CreditSideDetails.CreditFxDealId','Action','String','Reference to external deal booked for obtaining CreditFxRate ');
--Insert into rulevariable values('280','pcd.CreditSideDetails.CreditFxTierId','Action','String','CreditFxTierId');
Insert into rulevariable values('281','pcd.ChargeCode','Action','String','ChargeCode');
Insert into rulevariable values('282','pcd.InstrForNxtAgt','Action','String','To be mapped from InstrForNxtAgt and/or InstrForCdtrAgt');
Insert into rulevariable values('283','pcd.RemittanceInformation','Action','String','RemittanceInformation');
Insert into rulevariable values('284','pcd.MethodOfPayment','Action','String','Book, SWIFT, FedWire etc');
Insert into rulevariable values('285','pcd.DestinationMessageType','Action','String','The specific message type of the outgoing message (FEDWIRE_BTR, FEDWIRE_CTR etc)');
Insert into rulevariable values('286','pcd.Status','Action','String','Status of this payment (IN_PROGRESS / COMPLETED / REPAIR etc)');
Insert into rulevariable values('287','pcd.ErrorFieldIDList','Action','String','List of Field IDs of payment in exception.');
Insert into rulevariable values('288','pcd.DetailedStatusInfo','Action','String','Any appropriate free form description.');
Insert into rulevariable values('289','pcd.Priority','Action','String','Priority of this payment');
--Insert into rulevariable values('290','pcd.Hash','Action','String','Hex Hash of the payment - for duplicate check.');
Insert into rulevariable values('291','pcd.RepairID','Action','String','Current repair ID of this payment.');
--Insert into rulevariable values('292','pcd.BatchIndex','Action','Integer','Index of batch this payment belongs to in the incoming file');
--Insert into rulevariable values('293','pcd.PaymentIndex','Action','Integer','Index of payment in the batch to which this belongs in the incoming file');
Insert into rulevariable values('294','pcd.TaskStatus','Action','String','TaskStatus');
Insert into rulevariable values('295','pcd.UnstructuredPaymentInfo','Action','String','UnstructuredPaymentInfo');
Insert into rulevariable values('297','ThirdReimbursementAgent.Name','General','String','Name');
Insert into rulevariable values('298','ThirdReimbursementAgent.Address','General','String','Address');
Insert into rulevariable values('299','ThirdReimbursementAgent.EmailID','General','String','EmailID');
Insert into rulevariable values('300','ThirdReimbursementAgent.PhoneNumber','General','String','PhoneNumber');
Insert into rulevariable values('301','ThirdReimbursementAgent.PartyID','General','String','PartyID');
Insert into rulevariable values('302','ThirdReimbursementAgent.BIC','General','String','BIC');
Insert into rulevariable values('303','ThirdReimbursementAgent.ClearingSchemeID','General','String','ClearingSchemeID');
Insert into rulevariable values('304','ThirdReimbursementAgent.SchemeCode','General','String','SchemeCode');
Insert into rulevariable values('305','ThirdReimbursementAgent.Account','General','String','Account');
Insert into rulevariable values('306','ThirdReimbursementAgent.AccountType','General','String','AccountType');
Insert into rulevariable values('307','ReceiversCorrespondent.PhoneNumber','General','String','PhoneNumber');
Insert into rulevariable values('308','AlertSubject','Action','String','Subject of the alert');
Insert into rulevariable values('309','AlertContent','Action','String','Content of the alert');
Insert into rulevariable values('310','AlertContext','Action','String','Context of the alert');
Insert into rulevariable values('311','AlertSeverity','Action','String','Severity of the alert');
Insert into rulevariable values('312','InstructionRawData','General','Object','InstructionRawData');

Insert into RuleDefinition values('1','OfficeCode','Predefined','pcd.officeCode');
Insert into RuleDefinition values('6','BranchCode','Predefined','pcd.branchCode');
Insert into RuleDefinition values('7','DepartmentCode','Predefined','pcd.departmentCode');
Insert into RuleDefinition values('8','InstructionID','Predefined','pcd.instructionID');
Insert into RuleDefinition values('9','BatchID','Predefined','pcd.batchID');
Insert into RuleDefinition values('10','PaymentID','Predefined','pcd.paymentID');
Insert into RuleDefinition values('11','InstructionData.PartyServiceAssociationCode','Predefined','pcd.InstructionData.PartyServiceAssociationCode');
Insert into RuleDefinition values('12','InstructionData.InstructionType','Predefined','pcd.InstructionData.InstructionType');
Insert into RuleDefinition values('13','InstructionData.ReceivedDate','Predefined','pcd.InstructionData.ReceivedDate');
Insert into RuleDefinition values('14','InstructionData.MultiPaymentInstruction','Predefined','pcd.InstructionData.MultiPaymentInstruction');
Insert into RuleDefinition values('16','OriginalPaymentReference','Predefined','pcd.originalPaymentReference');
Insert into RuleDefinition values('17','OriginalBatchReference','Predefined','pcd.originalBatchReference');
Insert into RuleDefinition values('18','OriginalFileReference','Predefined','pcd.originalFileReference');
Insert into RuleDefinition values('19','OriginalPaymentFunction','Predefined','pcd.originalPaymentFunction');
Insert into RuleDefinition values('20','ExecutionDateTime','Predefined','pcd.executionDateTime');
Insert into RuleDefinition values('22','ScheduledDate','Predefined','pcd.scheduledDate');
Insert into RuleDefinition values('23','Amount','Predefined','pcd.amount');
Insert into RuleDefinition values('24','Currency','Predefined','pcd.currency');
Insert into RuleDefinition values('25','OriginalValueDate','Predefined','pcd.originalValueDate');
Insert into RuleDefinition values('26','ValueDate','Predefined','pcd.valueDate');
Insert into RuleDefinition values('27','ProductSupported','Predefined','pcd.productSupported');
Insert into RuleDefinition values('28','DebitPartyRole','Predefined','pcd.debitPartyRole');
Insert into RuleDefinition values('29','Debtor.Name','Predefined','pcd.Debtor.Name');
Insert into RuleDefinition values('30','Debtor.Address','Predefined','pcd.Debtor.Address');
Insert into RuleDefinition values('31','Debtor.EmailID','Predefined','pcd.Debtor.EmailID');
Insert into RuleDefinition values('32','Debtor.PhoneNumber','Predefined','pcd.Debtor.PhoneNumber');
Insert into RuleDefinition values('33','Debtor.PartyID','Predefined','pcd.Debtor.PartyID');
Insert into RuleDefinition values('34','Debtor.BIC','Predefined','pcd.Debtor.BIC');
Insert into RuleDefinition values('35','Debtor.ClearingSchemeID','Predefined','pcd.Debtor.ClearingSchemeID');
Insert into RuleDefinition values('36','Debtor.SchemeCode','Predefined','pcd.Debtor.SchemeCode');
Insert into RuleDefinition values('37','Debtor.Account','Predefined','pcd.Debtor.Account');
Insert into RuleDefinition values('38','Debtor.AccountType','Predefined','pcd.Debtor.AccountType');
Insert into RuleDefinition values('39','DebtorAgent.Name','Predefined','pcd.DebtorAgent.Name');
Insert into RuleDefinition values('40','DebtorAgent.Address','Predefined','pcd.DebtorAgent.Address');
Insert into RuleDefinition values('41','DebtorAgent.EmailID','Predefined','pcd.DebtorAgent.EmailID');
Insert into RuleDefinition values('42','DebtorAgent.PhoneNumber','Predefined','pcd.DebtorAgent.PhoneNumber');
Insert into RuleDefinition values('43','DebtorAgent.PartyID','Predefined','pcd.DebtorAgent.PartyID');
Insert into RuleDefinition values('44','DebtorAgent.BIC','Predefined','pcd.DebtorAgent.BIC');
Insert into RuleDefinition values('45','DebtorAgent.ClearingSchemeID','Predefined','pcd.DebtorAgent.ClearingSchemeID');
Insert into RuleDefinition values('46','DebtorAgent.SchemeCode','Predefined','pcd.DebtorAgent.SchemeCode');
Insert into RuleDefinition values('47','DebtorAgent.Account','Predefined','pcd.DebtorAgent.Account');
Insert into RuleDefinition values('48','DebtorAgent.AccountType','Predefined','pcd.DebtorAgent.AccountType');
Insert into RuleDefinition values('49','InstructingReimbursementAgent.Name','Predefined','pcd.InstructingReimbursementAgent.Name');
Insert into RuleDefinition values('50','InstructingReimbursementAgent.Address','Predefined','pcd.InstructingReimbursementAgent.Address');
Insert into RuleDefinition values('51','InstructingReimbursementAgent.EmailID','Predefined','pcd.InstructingReimbursementAgent.EmailID');
Insert into RuleDefinition values('52','InstructingReimbursementAgent.PhoneNumber','Predefined','pcd.InstructingReimbursementAgent.PhoneNumber');
Insert into RuleDefinition values('53','InstructingReimbursementAgent.PartyID','Predefined','pcd.InstructingReimbursementAgent.PartyID');
Insert into RuleDefinition values('54','InstructingReimbursementAgent.BIC','Predefined','pcd.InstructingReimbursementAgent.BIC');
Insert into RuleDefinition values('55','InstructingReimbursementAgent.ClearingSchemeID','Predefined','pcd.InstructingReimbursementAgent.ClearingSchemeID');
Insert into RuleDefinition values('56','InstructingReimbursementAgent.SchemeCode','Predefined','pcd.InstructingReimbursementAgent.SchemeCode');
Insert into RuleDefinition values('57','InstructingReimbursementAgent.Account','Predefined','pcd.InstructingReimbursementAgent.Account');
Insert into RuleDefinition values('62','InstructingReimbursementAgent.AccountType','Predefined','pcd.InstructingReimbursementAgent.AccountType');
Insert into RuleDefinition values('63','Sender.Name','Predefined','pcd.Sender.Name');
Insert into RuleDefinition values('64','Sender.Address','Predefined','pcd.Sender.Address');
Insert into RuleDefinition values('65','Sender.EmailID','Predefined','pcd.Sender.EmailID');
Insert into RuleDefinition values('66','Sender.PhoneNumber','Predefined','pcd.Sender.PhoneNumber');
Insert into RuleDefinition values('67','Sender.PartyID','Predefined','pcd.Sender.PartyID');
Insert into RuleDefinition values('68','Sender.BIC','Predefined','pcd.Sender.BIC');
Insert into RuleDefinition values('69','Sender.ClearingSchemeID','Predefined','pcd.Sender.ClearingSchemeID');
Insert into RuleDefinition values('70','Sender.SchemeCode','Predefined','pcd.Sender.SchemeCode');
Insert into RuleDefinition values('71','Sender.Account','Predefined','pcd.Sender.Account');
Insert into RuleDefinition values('72','Sender.AccountType','Predefined','pcd.Sender.AccountType');
Insert into RuleDefinition values('73','CreditPartyRole','Predefined','pcd.CreditPartyRole');
Insert into RuleDefinition values('74','Creditor.Name','Predefined','pcd.Creditor.Name');
Insert into RuleDefinition values('75','Creditor.Address','Predefined','pcd.Creditor.Address');
Insert into RuleDefinition values('76','Creditor.EmailID','Predefined','pcd.Creditor.EmailID');
Insert into RuleDefinition values('77','Creditor.PhoneNumber','Predefined','pcd.Creditor.PhoneNumber');
Insert into RuleDefinition values('78','Creditor.PartyID','Predefined','pcd.Creditor.PartyID');
Insert into RuleDefinition values('79','Creditor.BIC','Predefined','pcd.Creditor.BIC');
Insert into RuleDefinition values('80','Creditor.ClearingSchemeID','Predefined','pcd.Creditor.ClearingSchemeID');
Insert into RuleDefinition values('81','CreditorAgent.Name','Predefined','pcd.CreditorAgent.Name');
Insert into RuleDefinition values('82','CreditorAgent.Address','Predefined','pcd.CreditorAgent.Address');
Insert into RuleDefinition values('83','CreditorAgent.EmailID','Predefined','pcd.CreditorAgent.EmailID');
Insert into RuleDefinition values('84','CreditorAgent.PhoneNumber','Predefined','pcd.CreditorAgent.PhoneNumber');
Insert into RuleDefinition values('85','CreditorAgent.PartyID','Predefined','pcd.CreditorAgent.PartyID');
Insert into RuleDefinition values('86','CreditorAgent.BIC','Predefined','pcd.CreditorAgent.BIC');
Insert into RuleDefinition values('87','CreditorAgent.ClearingSchemeID','Predefined','pcd.CreditorAgent.ClearingSchemeID');
Insert into RuleDefinition values('88','CreditorAgent.SchemeCode','Predefined','pcd.CreditorAgent.SchemeCode');
Insert into RuleDefinition values('89','CreditorAgent.Account','Predefined','pcd.CreditorAgent.Account');
Insert into RuleDefinition values('90','CreditorAgent.AccountType','Predefined','pcd.CreditorAgent.AccountType');
Insert into RuleDefinition values('91','IntermediaryAgent1.Name','Predefined','pcd.IntermediaryAgent1.Name');
Insert into RuleDefinition values('92','IntermediaryAgent1.Address','Predefined','pcd.IntermediaryAgent1.Address');
Insert into RuleDefinition values('93','IntermediaryAgent1.EmailID','Predefined','pcd.IntermediaryAgent1.EmailID');
Insert into RuleDefinition values('94','IntermediaryAgent1.PhoneNumber','Predefined','pcd.IntermediaryAgent1.PhoneNumber');
Insert into RuleDefinition values('95','IntermediaryAgent1.PartyID','Predefined','pcd.IntermediaryAgent1.PartyID');
Insert into RuleDefinition values('96','IntermediaryAgent1.BIC','Predefined','pcd.IntermediaryAgent1.BIC');
Insert into RuleDefinition values('97','IntermediaryAgent1.ClearingSchemeID','Predefined','pcd.IntermediaryAgent1.ClearingSchemeID');
Insert into RuleDefinition values('98','IntermediaryAgent1.SchemeCode','Predefined','pcd.IntermediaryAgent1.SchemeCode');
Insert into RuleDefinition values('99','IntermediaryAgent1.Account','Predefined','pcd.IntermediaryAgent1.Account');
Insert into RuleDefinition values('100','IntermediaryAgent1.AccountType','Predefined','pcd.IntermediaryAgent1.AccountType');
Insert into RuleDefinition values('101','ThirdReimbursementAgent.Name','Predefined','pcd.ThirdReimbursementAgent.Name');
Insert into RuleDefinition values('102','ThirdReimbursementAgent.Address','Predefined','pcd.ThirdReimbursementAgent.Address');
Insert into RuleDefinition values('103','ThirdReimbursementAgent.EmailID','Predefined','pcd.ThirdReimbursementAgent.EmailID');
Insert into RuleDefinition values('104','ThirdReimbursementAgent.PhoneNumber','Predefined','pcd.ThirdReimbursementAgent.PhoneNumber');
Insert into RuleDefinition values('105','ThirdReimbursementAgent.PartyID','Predefined','pcd.ThirdReimbursementAgent.PartyID');
Insert into RuleDefinition values('106','ThirdReimbursementAgent.BIC','Predefined','pcd.ThirdReimbursementAgent.BIC');
Insert into RuleDefinition values('107','ThirdReimbursementAgent.ClearingSchemeID','Predefined','pcd.ThirdReimbursementAgent.ClearingSchemeID');
Insert into RuleDefinition values('108','ThirdReimbursementAgent.SchemeCode','Predefined','pcd.ThirdReimbursementAgent.SchemeCode');
Insert into RuleDefinition values('109','ThirdReimbursementAgent.Account','Predefined','pcd.ThirdReimbursementAgent.Account');
Insert into RuleDefinition values('110','ThirdReimbursementAgent.AccountType','Predefined','pcd.ThirdReimbursementAgent.AccountType');
Insert into RuleDefinition values('111','ReceiversCorrespondent.Name','Predefined','pcd.ReceiversCorrespondent.Name');
Insert into RuleDefinition values('112','ReceiversCorrespondent.Address','Predefined','pcd.ReceiversCorrespondent.Address');
Insert into RuleDefinition values('113','ReceiversCorrespondent.EmailID','Predefined','pcd.ReceiversCorrespondent.EmailID');
Insert into RuleDefinition values('114','ReceiversCorrespondent.PhoneNumber','Predefined','pcd.ReceiversCorrespondent.PhoneNumber');
Insert into RuleDefinition values('115','ReceiversCorrespondent.PartyID','Predefined','pcd.ReceiversCorrespondent.PartyID');
Insert into RuleDefinition values('116','ReceiversCorrespondent.BIC','Predefined','pcd.ReceiversCorrespondent.BIC');
Insert into RuleDefinition values('117','ReceiversCorrespondent.ClearingSchemeID','Predefined','pcd.ReceiversCorrespondent.ClearingSchemeID');
Insert into RuleDefinition values('118','ReceiversCorrespondent.SchemeCode','Predefined','pcd.ReceiversCorrespondent.SchemeCode');
Insert into RuleDefinition values('119','ReceiversCorrespondent.Account','Predefined','pcd.ReceiversCorrespondent.Account');
Insert into RuleDefinition values('120','ReceiversCorrespondent.AccountType','Predefined','pcd.ReceiversCorrespondent.AccountType');
--Insert into RuleDefinition values('121','DebitSideDetails.DebitAmount','Predefined','pcd.DebitSideDetails.DebitAmount');
--Insert into RuleDefinition values('122','DebitSideDetails.DebitCurrency','Predefined','pcd.DebitSideDetails.DebitCurrency');
--Insert into RuleDefinition values('123','DebitSideDetails.DebitValueDate','Predefined','pcd.DebitSideDetails.DebitValueDate');
--Insert into RuleDefinition values('124','DebitSideDetails.DebitFxRate','Predefined','pcd.DebitSideDetails.DebitFxRate');
--Insert into RuleDefinition values('125','DebitSideDetails.DebitFxDealId','Predefined','pcd.DebitSideDetails.DebitFxDealId');
--Insert into RuleDefinition values('126','DebitSideDetails.DebitFxTierId','Predefined','pcd.DebitSideDetails.DebitFxTierId');
--Insert into RuleDefinition values('127','CreditSideDetails.CreditAmount','Predefined','pcd.CreditSideDetails.CreditAmount');
--Insert into RuleDefinition values('128','CreditSideDetails.CreditCurrency','Predefined','pcd.CreditSideDetails.CreditCurrency');
--Insert into RuleDefinition values('129','CreditSideDetails.CreditValueDate','Predefined','pcd.CreditSideDetails.CreditValueDate');
--Insert into RuleDefinition values('130','CreditSideDetails.CreditFxRate','Predefined','pcd.CreditSideDetails.CreditFxRate');
--Insert into RuleDefinition values('131','CreditSideDetails.CreditFxDealId','Predefined','pcd.CreditSideDetails.CreditFxDealId');
--Insert into RuleDefinition values('132','CreditSideDetails.CreditFxTierId','Predefined','pcd.CreditSideDetails.CreditFxTierId');
Insert into RuleDefinition values('133','ChargeCode','Predefined','pcd.chargeCode');
Insert into RuleDefinition values('134','InstrForNxtAgt','Predefined','pcd.instrForNxtAgt');
Insert into RuleDefinition values('135','RemittanceInformation','Predefined','pcd.remittanceInformation');
Insert into RuleDefinition values('136','MethodOfPayment','Predefined','pcd.methodOfPayment');
Insert into RuleDefinition values('137','DestinationMessageType','Predefined','pcd.destinationMessageType');
Insert into RuleDefinition values('138','Status','Predefined','pcd.status');
Insert into RuleDefinition values('139','ErrorFieldIDList','Predefined','pcd.errorFieldIDList');
Insert into RuleDefinition values('140','DetailedStatusInfo','Predefined','pcd.detailedStatusInfo');
Insert into RuleDefinition values('141','Priority','Predefined','pcd.priority');
--Insert into RuleDefinition values('142','Hash','Predefined','pcd.hash');
Insert into RuleDefinition values('143','RepairID','Predefined','pcd.repairID');
--Insert into RuleDefinition values('144','BatchIndex','Predefined','pcd.batchIndex');
--Insert into RuleDefinition values('145','PaymentIndex','Predefined','pcd.paymentIndex');
Insert into RuleDefinition values('146','TaskStatus','Predefined','pcd.taskStatus');
Insert into RuleDefinition values('147','UnstructuredPaymentInfo','Predefined','pcd.unstructuredPaymentInfo');
--Insert into RuleDefinition values('148','pcd','Predefined','pcd');
Insert into RuleDefinition values('149','pcd.OfficeCode','Predefined','pcd.officeCode');
Insert into RuleDefinition values('150','pcd.BranchCode','Predefined','pcd.branchCode');
Insert into RuleDefinition values('151','pcd.DepartmentCode','Predefined','pcd.departmentCode');
Insert into RuleDefinition values('152','pcd.InstructionID','Predefined','pcd.instructionID');
Insert into RuleDefinition values('153','pcd.BatchID','Predefined','pcd.batchID');
Insert into RuleDefinition values('154','pcd.PaymentID','Predefined','pcd.paymentID');
Insert into RuleDefinition values('155','pcd.InstructionData.PartyServiceAssociationCode','Predefined','pcd.InstructionData.PartyServiceAssociationCode');
Insert into RuleDefinition values('156','pcd.InstructionData.InstructionType','Predefined','pcd.InstructionData.InstructionType');
Insert into RuleDefinition values('157','pcd.InstructionData.ReceivedDate','Predefined','pcd.InstructionData.ReceivedDate');
Insert into RuleDefinition values('158','pcd.InstructionData.MultiPaymentInstruction','Predefined','pcd.InstructionData.MultiPaymentInstruction');
Insert into RuleDefinition values('159','pcd.OriginalPaymentReference','Predefined','pcd.originalPaymentReference');
Insert into RuleDefinition values('160','pcd.OriginalBatchReference','Predefined','pcd.originalBatchReference');
Insert into RuleDefinition values('161','pcd.OriginalFileReference','Predefined','pcd.originalFileReference');
Insert into RuleDefinition values('162','pcd.OriginalPaymentFunction','Predefined','pcd.originalPaymentFunction');
Insert into RuleDefinition values('163','pcd.ExecutionDateTime','Predefined','pcd.executionDateTime');
Insert into RuleDefinition values('164','pcd.ScheduledDate','Predefined','pcd.scheduledDate');
Insert into RuleDefinition values('165','pcd.Amount','Predefined','pcd.amount');
Insert into RuleDefinition values('166','pcd.Currency','Predefined','pcd.currency');
Insert into RuleDefinition values('167','pcd.OriginalValueDate','Predefined','pcd.originalValueDate');
Insert into RuleDefinition values('168','pcd.ValueDate','Predefined','pcd.valueDate');
Insert into RuleDefinition values('169','pcd.ProductSupported','Predefined','pcd.productSupported');
Insert into RuleDefinition values('170','pcd.DebitPartyRole','Predefined','pcd.debitPartyRole');
Insert into RuleDefinition values('171','pcd.Debtor.Name','Predefined','pcd.Debtor.Name');
Insert into RuleDefinition values('172','pcd.Debtor.Address','Predefined','pcd.Debtor.Address');
Insert into RuleDefinition values('173','pcd.Debtor.EmailID','Predefined','pcd.Debtor.EmailID');
Insert into RuleDefinition values('174','pcd.Debtor.PhoneNumber','Predefined','pcd.Debtor.PhoneNumber');
Insert into RuleDefinition values('175','pcd.Debtor.PartyID','Predefined','pcd.Debtor.PartyID');
Insert into RuleDefinition values('176','pcd.Debtor.BIC','Predefined','pcd.Debtor.BIC');
Insert into RuleDefinition values('177','pcd.Debtor.ClearingSchemeID','Predefined','pcd.Debtor.ClearingSchemeID');
Insert into RuleDefinition values('178','pcd.Debtor.SchemeCode','Predefined','pcd.Debtor.SchemeCode');
Insert into RuleDefinition values('179','pcd.Debtor.Account','Predefined','pcd.Debtor.Account');
Insert into RuleDefinition values('180','pcd.Debtor.AccountType','Predefined','pcd.Debtor.AccountType');
Insert into RuleDefinition values('181','pcd.DebtorAgent.Name','Predefined','pcd.DebtorAgent.Name');
Insert into RuleDefinition values('182','pcd.DebtorAgent.Address','Predefined','pcd.DebtorAgent.Address');
Insert into RuleDefinition values('183','pcd.DebtorAgent.EmailID','Predefined','pcd.DebtorAgent.EmailID');
Insert into RuleDefinition values('184','pcd.DebtorAgent.PhoneNumber','Predefined','pcd.DebtorAgent.PhoneNumber');
Insert into RuleDefinition values('185','pcd.DebtorAgent.PartyID','Predefined','pcd.DebtorAgent.PartyID');
Insert into RuleDefinition values('186','pcd.DebtorAgent.BIC','Predefined','pcd.DebtorAgent.BIC');
Insert into RuleDefinition values('187','pcd.DebtorAgent.ClearingSchemeID','Predefined','pcd.DebtorAgent.ClearingSchemeID');
Insert into RuleDefinition values('188','pcd.DebtorAgent.SchemeCode','Predefined','pcd.DebtorAgent.SchemeCode');
Insert into RuleDefinition values('189','pcd.DebtorAgent.Account','Predefined','pcd.DebtorAgent.Account');
Insert into RuleDefinition values('190','pcd.DebtorAgent.AccountType','Predefined','pcd.DebtorAgent.AccountType');
Insert into RuleDefinition values('191','pcd.InstructingReimbursementAgent.Name','Predefined','pcd.InstructingReimbursementAgent.Name');
Insert into RuleDefinition values('192','pcd.InstructingReimbursementAgent.Address','Predefined','pcd.InstructingReimbursementAgent.Address');
Insert into RuleDefinition values('193','pcd.InstructingReimbursementAgent.EmailID','Predefined','pcd.InstructingReimbursementAgent.EmailID');
Insert into RuleDefinition values('194','pcd.InstructingReimbursementAgent.PhoneNumber','Predefined','pcd.InstructingReimbursementAgent.PhoneNumber');
Insert into RuleDefinition values('195','pcd.InstructingReimbursementAgent.PartyID','Predefined','pcd.InstructingReimbursementAgent.PartyID');
Insert into RuleDefinition values('196','pcd.InstructingReimbursementAgent.BIC','Predefined','pcd.InstructingReimbursementAgent.BIC');
Insert into RuleDefinition values('197','pcd.InstructingReimbursementAgent.ClearingSchemeID','Predefined','pcd.InstructingReimbursementAgent.ClearingSchemeID');
Insert into RuleDefinition values('198','pcd.InstructingReimbursementAgent.SchemeCode','Predefined','pcd.InstructingReimbursementAgent.SchemeCode');
Insert into RuleDefinition values('199','pcd.InstructingReimbursementAgent.Account','Predefined','pcd.InstructingReimbursementAgent.Account');
Insert into RuleDefinition values('200','pcd.InstructingReimbursementAgent.AccountType','Predefined','pcd.InstructingReimbursementAgent.AccountType');
Insert into RuleDefinition values('201','pcd.Sender.Name','Predefined','pcd.Sender.Name');
Insert into RuleDefinition values('202','pcd.Sender.Address','Predefined','pcd.Sender.Address');
Insert into RuleDefinition values('203','pcd.Sender.EmailID','Predefined','pcd.Sender.EmailID');
Insert into RuleDefinition values('204','pcd.Sender.PhoneNumber','Predefined','pcd.Sender.PhoneNumber');
Insert into RuleDefinition values('205','pcd.Sender.PartyID','Predefined','pcd.Sender.PartyID');
Insert into RuleDefinition values('206','pcd.Sender.BIC','Predefined','pcd.Sender.BIC');
Insert into RuleDefinition values('207','pcd.Sender.ClearingSchemeID','Predefined','pcd.Sender.ClearingSchemeID');
Insert into RuleDefinition values('208','pcd.Sender.SchemeCode','Predefined','pcd.Sender.SchemeCode');
Insert into RuleDefinition values('209','pcd.Sender.Account','Predefined','pcd.Sender.Account');
Insert into RuleDefinition values('210','pcd.Sender.AccountType','Predefined','pcd.Sender.AccountType');
Insert into RuleDefinition values('211','pcd.CreditPartyRole','Predefined','pcd.creditPartyRole');
Insert into RuleDefinition values('212','pcd.Creditor.Name','Predefined','pcd.Creditor.Name');
Insert into RuleDefinition values('213','pcd.Creditor.Address','Predefined','pcd.Creditor.Address');
Insert into RuleDefinition values('214','pcd.Creditor.EmailID','Predefined','pcd.Creditor.EmailID');
Insert into RuleDefinition values('215','pcd.Creditor.PhoneNumber','Predefined','pcd.Creditor.PhoneNumber');
Insert into RuleDefinition values('216','pcd.Creditor.PartyID','Predefined','pcd.Creditor.PartyID');
Insert into RuleDefinition values('217','pcd.Creditor.BIC','Predefined','pcd.Creditor.BIC');
Insert into RuleDefinition values('218','pcd.Creditor.ClearingSchemeID','Predefined','pcd.Creditor.ClearingSchemeID');
Insert into RuleDefinition values('219','pcd.Creditor.SchemeCode','Predefined','pcd.Creditor.SchemeCode');
Insert into RuleDefinition values('220','pcd.Creditor.Account','Predefined','pcd.Creditor.Account');
Insert into RuleDefinition values('221','pcd.Creditor.AccountType','Predefined','pcd.Creditor.AccountType');
Insert into RuleDefinition values('222','pcd.CreditorAgent.Name','Predefined','pcd.CreditorAgent.Name');
Insert into RuleDefinition values('223','pcd.CreditorAgent.Address','Predefined','pcd.CreditorAgent.Address');
Insert into RuleDefinition values('224','pcd.CreditorAgent.EmailID','Predefined','pcd.CreditorAgent.EmailID');
Insert into RuleDefinition values('225','pcd.CreditorAgent.PhoneNumber','Predefined','pcd.CreditorAgent.PhoneNumber');
Insert into RuleDefinition values('226','pcd.CreditorAgent.PartyID','Predefined','pcd.CreditorAgent.PartyID');
Insert into RuleDefinition values('227','pcd.CreditorAgent.BIC','Predefined','pcd.CreditorAgent.BIC');
Insert into RuleDefinition values('228','pcd.CreditorAgent.ClearingSchemeID','Predefined','pcd.CreditorAgent.ClearingSchemeID');
Insert into RuleDefinition values('229','pcd.CreditorAgent.SchemeCode','Predefined','pcd.CreditorAgent.SchemeCode');
Insert into RuleDefinition values('230','pcd.CreditorAgent.Account','Predefined','pcd.CreditorAgent.Account');
Insert into RuleDefinition values('231','pcd.CreditorAgent.AccountType','Predefined','pcd.CreditorAgent.AccountType');
Insert into RuleDefinition values('232','pcd.IntermediaryAgent1.Name','Predefined','pcd.IntermediaryAgent1.Name');
Insert into RuleDefinition values('233','pcd.IntermediaryAgent1.Address','Predefined','pcd.IntermediaryAgent1.Address');
Insert into RuleDefinition values('234','pcd.IntermediaryAgent1.EmailID','Predefined','pcd.IntermediaryAgent1.EmailID');
Insert into RuleDefinition values('235','pcd.IntermediaryAgent1.PhoneNumber','Predefined','pcd.IntermediaryAgent1.PhoneNumber');
Insert into RuleDefinition values('236','pcd.IntermediaryAgent1.PartyID','Predefined','pcd.IntermediaryAgent1.PartyID');
Insert into RuleDefinition values('237','pcd.IntermediaryAgent1.BIC','Predefined','pcd.IntermediaryAgent1.BIC');
Insert into RuleDefinition values('238','pcd.IntermediaryAgent1.ClearingSchemeID','Predefined','pcd.IntermediaryAgent1.ClearingSchemeID');
Insert into RuleDefinition values('239','pcd.IntermediaryAgent1.SchemeCode','Predefined','pcd.IntermediaryAgent1.SchemeCode');
Insert into RuleDefinition values('240','pcd.IntermediaryAgent1.Account','Predefined','pcd.IntermediaryAgent1.Account');
Insert into RuleDefinition values('241','pcd.IntermediaryAgent1.AccountType','Predefined','pcd.IntermediaryAgent1.AccountType');
Insert into RuleDefinition values('242','pcd.IntermediaryAgent2.Name','Predefined','pcd.IntermediaryAgent2.Name');
Insert into RuleDefinition values('243','pcd.IntermediaryAgent2.Address','Predefined','pcd.IntermediaryAgent2.Address');
Insert into RuleDefinition values('244','pcd.IntermediaryAgent2.EmailID','Predefined','pcd.IntermediaryAgent2.EmailID');
Insert into RuleDefinition values('245','pcd.IntermediaryAgent2.PhoneNumber','Predefined','pcd.IntermediaryAgent2.PhoneNumber');
Insert into RuleDefinition values('246','pcd.IntermediaryAgent2.PartyID','Predefined','pcd.IntermediaryAgent2.PartyID');
Insert into RuleDefinition values('247','pcd.IntermediaryAgent2.BIC','Predefined','pcd.IntermediaryAgent2.BIC');
Insert into RuleDefinition values('248','pcd.IntermediaryAgent2.ClearingSchemeID','Predefined','pcd.IntermediaryAgent2.ClearingSchemeID');
Insert into RuleDefinition values('249','pcd.IntermediaryAgent2.SchemeCode','Predefined','pcd.IntermediaryAgent2.SchemeCode');
Insert into RuleDefinition values('250','pcd.IntermediaryAgent2.Account','Predefined','pcd.IntermediaryAgent2.Account');
Insert into RuleDefinition values('251','pcd.IntermediaryAgent2.AccountType','Predefined','pcd.IntermediaryAgent2.AccountType');
Insert into RuleDefinition values('252','pcd.ThirdReimbursementAgent.Name','Predefined','pcd.ThirdReimbursementAgent.Name');
Insert into RuleDefinition values('253','pcd.ThirdReimbursementAgent.Address','Predefined','pcd.ThirdReimbursementAgent.Address');
Insert into RuleDefinition values('254','pcd.ThirdReimbursementAgent.EmailID','Predefined','pcd.ThirdReimbursementAgent.EmailID');
Insert into RuleDefinition values('256','pcd.ThirdReimbursementAgent.PhoneNumber','Predefined','pcd.ThirdReimbursementAgent.PhoneNumber');
Insert into RuleDefinition values('257','pcd.ThirdReimbursementAgent.PartyID','Predefined','pcd.ThirdReimbursementAgent.PartyID');
Insert into RuleDefinition values('258','pcd.ThirdReimbursementAgent.BIC','Predefined','pcd.ThirdReimbursementAgent.BIC');
Insert into RuleDefinition values('259','pcd.ThirdReimbursementAgent.ClearingSchemeID','Predefined','pcd.ThirdReimbursementAgent.ClearingSchemeID');
Insert into RuleDefinition values('260','pcd.ThirdReimbursementAgent.SchemeCode','Predefined','pcd.ThirdReimbursementAgent.SchemeCode');
Insert into RuleDefinition values('261','pcd.ThirdReimbursementAgent.Account','Predefined','pcd.ThirdReimbursementAgent.Account');
Insert into RuleDefinition values('262','pcd.ThirdReimbursementAgent.AccountType','Predefined','pcd.ThirdReimbursementAgent.AccountType');
Insert into RuleDefinition values('263','pcd.ReceiversCorrespondent.Name','Predefined','pcd.ReceiversCorrespondent.Name');
Insert into RuleDefinition values('264','pcd.ReceiversCorrespondent.Address','Predefined','pcd.ReceiversCorrespondent.Address');
Insert into RuleDefinition values('265','pcd.ReceiversCorrespondent.EmailID','Predefined','pcd.ReceiversCorrespondent.EmailID');
Insert into RuleDefinition values('266','pcd.ReceiversCorrespondent.PhoneNumber','Predefined','pcd.ReceiversCorrespondent.PhoneNumber');
Insert into RuleDefinition values('267','pcd.ReceiversCorrespondent.PartyID','Predefined','pcd.ReceiversCorrespondent.PartyID');
Insert into RuleDefinition values('268','pcd.ReceiversCorrespondent.BIC','Predefined','pcd.ReceiversCorrespondent.BIC');
Insert into RuleDefinition values('269','pcd.ReceiversCorrespondent.ClearingSchemeID','Predefined','pcd.ReceiversCorrespondent.ClearingSchemeID');
Insert into RuleDefinition values('270','pcd.ReceiversCorrespondent.SchemeCode','Predefined','pcd.ReceiversCorrespondent.SchemeCode');
Insert into RuleDefinition values('271','pcd.ReceiversCorrespondent.Account','Predefined','pcd.ReceiversCorrespondent.Account');
Insert into RuleDefinition values('272','pcd.ReceiversCorrespondent.AccountType','Predefined','pcd.ReceiversCorrespondent.AccountType');
--Insert into RuleDefinition values('273','pcd.DebitSideDetails.DebitAmount','Predefined','pcd.DebitSideDetails.DebitAmount');
--Insert into RuleDefinition values('274','pcd.DebitSideDetails.DebitCurrency','Predefined','pcd.DebitSideDetails.DebitCurrency');
--Insert into RuleDefinition values('275','pcd.DebitSideDetails.DebitValueDate','Predefined','pcd.DebitSideDetails.DebitValueDate');
--Insert into RuleDefinition values('276','pcd.DebitSideDetails.DebitFxRate','Predefined','pcd.DebitSideDetails.DebitFxRate');
--Insert into RuleDefinition values('277','pcd.DebitSideDetails.DebitFxDealId','Predefined','pcd.DebitSideDetails.DebitFxDealId');
--Insert into RuleDefinition values('278','pcd.DebitSideDetails.DebitFxTierId','Predefined','pcd.DebitSideDetails.DebitFxTierId');
--Insert into RuleDefinition values('279','pcd.CreditSideDetails.CreditAmount','Predefined','pcd.CreditSideDetails.CreditAmount');
--Insert into RuleDefinition values('280','pcd.CreditSideDetails.CreditCurrency','Predefined','pcd.CreditSideDetails.CreditCurrency');
--Insert into RuleDefinition values('281','pcd.CreditSideDetails.CreditValueDate','Predefined','pcd.CreditSideDetails.CreditValueDate');
--Insert into RuleDefinition values('282','pcd.CreditSideDetails.CreditFxRate','Predefined','pcd.CreditSideDetails.CreditFxRate');
--Insert into RuleDefinition values('283','pcd.CreditSideDetails.CreditFxDealId','Predefined','pcd.CreditSideDetails.CreditFxDealId');
--Insert into RuleDefinition values('284','pcd.CreditSideDetails.CreditFxTierId','Predefined','pcd.CreditSideDetails.CreditFxTierId');
Insert into RuleDefinition values('285','pcd.ChargeCode','Predefined','pcd.chargeCode');
Insert into RuleDefinition values('286','pcd.InstrForNxtAgt','Predefined','pcd.instrForNxtAgt');
Insert into RuleDefinition values('287','pcd.RemittanceInformation','Predefined','pcd.remittanceInformation');
Insert into RuleDefinition values('288','pcd.MethodOfPayment','Predefined','pcd.methodOfPayment');
Insert into RuleDefinition values('289','pcd.DestinationMessageType','Predefined','pcd.destinationMessageType');
Insert into RuleDefinition values('290','pcd.Status','Predefined','pcd.status');
Insert into RuleDefinition values('291','pcd.ErrorFieldIDList','Predefined','pcd.errorFieldIDList');
Insert into RuleDefinition values('292','pcd.DetailedStatusInfo','Predefined','pcd.detailedStatusInfo');
Insert into RuleDefinition values('293','pcd.Priority','Predefined','pcd.priority');
--Insert into RuleDefinition values('294','pcd.Hash','Predefined','pcd.hash');
Insert into RuleDefinition values('295','pcd.RepairID','Predefined','pcd.repairID');
--Insert into RuleDefinition values('296','pcd.BatchIndex','Predefined','pcd.batchIndex');
--Insert into RuleDefinition values('297','pcd.PaymentIndex','Predefined','pcd.paymentIndex');
Insert into RuleDefinition values('298','pcd.TaskStatus','Predefined','pcd.taskStatus');
Insert into RuleDefinition values('299','pcd.UnstructuredPaymentInfo','Predefined','pcd.unstructuredPaymentInfo');
Insert into RuleDefinition values('300','Creditor.SchemeCode','Predefined','pcd.Creditor.SchemeCode');
Insert into RuleDefinition values('301','Creditor.Account','Predefined','pcd.Creditor.Account');
Insert into RuleDefinition values('302','Creditor.AccountType','Predefined','pcd.Creditor.AccountType');
Insert into RuleDefinition values('303','IntermediaryAgent2.Name','Predefined','pcd.intermediaryAgent2.name');
Insert into RuleDefinition values('304','IntermediaryAgent2.Address','Predefined','pcd.intermediaryAgent2.address');
Insert into RuleDefinition values('305','IntermediaryAgent2.EmailID','Predefined','pcd.intermediaryAgent2.emailID');
Insert into RuleDefinition values('306','IntermediaryAgent2.PhoneNumber','Predefined','pcd.intermediaryAgent2.phoneNumber');
Insert into RuleDefinition values('307','IntermediaryAgent2.PartyID','Predefined','pcd.intermediaryAgent2.partyID');
Insert into RuleDefinition values('308','IntermediaryAgent2.BIC','Predefined','pcd.intermediaryAgent2.bIC');
Insert into RuleDefinition values('309','IntermediaryAgent2.ClearingSchemeID','Predefined','pcd.intermediaryAgent2.clearingSchemeID');
Insert into RuleDefinition values('310','IntermediaryAgent2.SchemeCode','Predefined','pcd.intermediaryAgent2[0].schemeCode');
Insert into RuleDefinition values('311','IntermediaryAgent2.Account','Predefined','pcd.intermediaryAgent2[0].account');
Insert into RuleDefinition values('312','IntermediaryAgent2.AccountType','Predefined','pcd.intermediaryAgent2[0].accountType');
Insert into RuleDefinition values('313','AlertSubject','Predefined','alert.subject');
Insert into RuleDefinition values('314','AlertContent','Predefined','alert.content');
Insert into RuleDefinition values('315','AlertContext','Predefined','alert.context');
Insert into RuleDefinition values('316','AlertSeverity','Predefined','alert.severity');
Insert into RuleDefinition values('317','InstructionRawData','Predefined','ird');

INSERT INTO UserRoleAssociation(UserRoleAssociation_PK,UserID,RoleID) VALUES('01','adminuser','Super Admin');

INSERT INTO ResourceMaster(ResourceID,ResourceName,ResourceGroupName) VALUES('001','User Management','Admin Panel');
INSERT INTO ResourceMaster(ResourceID,ResourceName,ResourceGroupName) VALUES('002','File List','Payment Module');
INSERT INTO ResourceMaster(ResourceID,ResourceName,ResourceGroupName) VALUES('003','All Payments','Payment Module');
INSERT INTO ResourceMaster(ResourceID,ResourceName,ResourceGroupName) VALUES('004','Dashboard - Payments','Payment Module');
INSERT INTO ResourceMaster(ResourceID,ResourceName,ResourceGroupName) VALUES('005','Alerts & Notifications','Home');
INSERT INTO ResourceMaster(ResourceID,ResourceName,ResourceGroupName) VALUES('006','Rule Builder','Utility');
INSERT INTO ResourceMaster(ResourceID,ResourceName,ResourceGroupName) VALUES('007','Utility','Utility');
INSERT INTO ResourceMaster(ResourceID,ResourceName,ResourceGroupName) VALUES('008','Customer','Utility');
INSERT INTO ResourceMaster(ResourceID,ResourceName,ResourceGroupName) VALUES('009','Service Configuration','Utility');
INSERT INTO ResourceMaster(ResourceID,ResourceName,ResourceGroupName) VALUES('010','Application Config','System Data');
INSERT INTO ResourceMaster(ResourceID,ResourceName,ResourceGroupName) VALUES('011','Roles & Permissions','Admin Panel');
INSERT INTO ResourceMaster(ResourceID,ResourceName,ResourceGroupName) VALUES('012','Standard Reference Data','Utility');
INSERT INTO ResourceMaster(ResourceID,ResourceName,ResourceGroupName) VALUES('013','Branch','Bank Data');
INSERT INTO ResourceMaster(ResourceID,ResourceName,ResourceGroupName) VALUES('014','Method Of Payment','Distribution Data');
INSERT INTO ResourceMaster(ResourceID,ResourceName,ResourceGroupName) VALUES('015','Bilateral Account','Utility');
INSERT INTO ResourceMaster(ResourceID,ResourceName,ResourceGroupName) VALUES('016','Currency Correspondent','Distribution Data');
INSERT INTO ResourceMaster(ResourceID,ResourceName,ResourceGroupName) VALUES('017','Business Rules','Bank Data');
INSERT INTO ResourceMaster(ResourceID,ResourceName,ResourceGroupName) VALUES('018','FX Rates','Bank Data');
INSERT INTO ResourceMaster(ResourceID,ResourceName,ResourceGroupName) VALUES('019','Office','Bank Data');
INSERT INTO ResourceMaster(ResourceID,ResourceName,ResourceGroupName) VALUES('020','Task Details','System Data');
INSERT INTO ResourceMaster(ResourceID,ResourceName,ResourceGroupName) VALUES('021','Resource','Utility');
INSERT INTO ResourceMaster(ResourceID,ResourceName,ResourceGroupName) VALUES('022','Party','Onboarding Data');
INSERT INTO ResourceMaster(ResourceID,ResourceName,ResourceGroupName) VALUES('023','Party Service Association','Onboarding Data');
INSERT INTO ResourceMaster(ResourceID,ResourceName,ResourceGroupName) VALUES('024','Transport','Onboarding Data');
INSERT INTO ResourceMaster(ResourceID,ResourceName,ResourceGroupName) VALUES('025','Message Format','Utility');
INSERT INTO ResourceMaster(ResourceID,ResourceName,ResourceGroupName) VALUES('026','Service','Onboarding Data');
INSERT INTO ResourceMaster(ResourceID,ResourceName,ResourceGroupName) VALUES('027','Service Group','Onboarding Data');
INSERT INTO ResourceMaster(ResourceID,ResourceName,ResourceGroupName) VALUES('028','Account','Onboarding Data');
INSERT INTO ResourceMaster(ResourceID,ResourceName,ResourceGroupName) VALUES('029','Product','Onboarding Data');
INSERT INTO ResourceMaster(ResourceID,ResourceName,ResourceGroupName) VALUES('030','Routing Agent','Utility');
INSERT INTO ResourceMaster(ResourceID,ResourceName,ResourceGroupName) VALUES('031','Calendar','Bank Data');
INSERT INTO ResourceMaster(ResourceID,ResourceName,ResourceGroupName) VALUES('032','Country','Bank Data');
INSERT INTO ResourceMaster(ResourceID,ResourceName,ResourceGroupName) VALUES('033','Currency','Bank Data');
INSERT INTO ResourceMaster(ResourceID,ResourceName,ResourceGroupName) VALUES('034','Country Correspondent','Distribution Data');
INSERT INTO ResourceMaster(ResourceID,ResourceName,ResourceGroupName) VALUES('035','CutOff','Distribution Data');
INSERT INTO ResourceMaster(ResourceID,ResourceName,ResourceGroupName) VALUES('036','Membership','Bank Data');
INSERT INTO ResourceMaster(ResourceID,ResourceName,ResourceGroupName) VALUES('037','Department','Bank Data');
INSERT INTO ResourceMaster(ResourceID,ResourceName,ResourceGroupName) VALUES('038','Region','Bank Data');
INSERT INTO ResourceMaster(ResourceID,ResourceName,ResourceGroupName) VALUES('039','MOP Priority','Distribution Data');
INSERT INTO ResourceMaster(ResourceID,ResourceName,ResourceGroupName) VALUES('040','Acknowledgement Details','Utility');
INSERT INTO ResourceMaster(ResourceID,ResourceName,ResourceGroupName) VALUES('041','Approvals','Security');
INSERT INTO ResourceMaster(ResourceID,ResourceName,ResourceGroupName) VALUES('042','Entitlement','Utility');
INSERT INTO ResourceMaster(ResourceID,ResourceName,ResourceGroupName) VALUES('043','My Profile','Home');
INSERT INTO ResourceMaster(ResourceID,ResourceName,ResourceGroupName) VALUES('044','File Upload','Payment Module');
INSERT INTO ResourceMaster(ResourceID,ResourceName,ResourceGroupName) VALUES('045','Version Info','Home');
INSERT INTO ResourceMaster(ResourceID,ResourceName,ResourceGroupName) VALUES('046','Report','Utility');
INSERT INTO ResourceMaster(ResourceID,ResourceName,ResourceGroupName) VALUES('047','Reports Log','Reports');
INSERT INTO ResourceMaster(ResourceID,ResourceName,ResourceGroupName) VALUES('048','Reports','Reports');
INSERT INTO ResourceMaster(ResourceID,ResourceName,ResourceGroupName) VALUES('049','Report Params','Utility');
INSERT INTO ResourceMaster(ResourceID,ResourceName,ResourceGroupName) VALUES('050','Report Templates','Utility');
INSERT INTO ResourceMaster(ResourceID,ResourceName,ResourceGroupName) VALUES('051','Dashboard - File','Payment Module');
INSERT INTO ResourceMaster(ResourceID,ResourceName,ResourceGroupName) VALUES('052','Initiate Transaction','Payment Module');
INSERT INTO ResourceMaster(ResourceID,ResourceName,ResourceGroupName) VALUES('053','Business Function','System Data');
INSERT INTO ResourceMaster(ResourceID,ResourceName,ResourceGroupName) VALUES('054','Business Process','System Data');
INSERT INTO ResourceMaster(ResourceID,ResourceName,ResourceGroupName) VALUES('055','VolPay ID Configuration','System Data');

INSERT INTO RestResources(RestResources_PK,Method,Application,Path,ResourceID,Operation) VALUES('0001','POST','VolPayHub','/v2/users/login','001','R');
INSERT INTO RestResources(RestResources_PK,Method,Application,Path,ResourceID,Operation) VALUES('0002','POST','VolPayHub','/v2/users/logout','001','R');
INSERT INTO RestResources(RestResources_PK,Method,Application,Path,ResourceID,Operation) VALUES('0003','POST','VolPayHub','/v2/users/read','001','R');
INSERT INTO RestResources(RestResources_PK,Method,Application,Path,ResourceID,Operation) VALUES('0004','POST','VolPayHub','/v2/users','001','C');
INSERT INTO RestResources(RestResources_PK,Method,Application,Path,ResourceID,Operation) VALUES('0005','PUT','VolPayHub','/v2/users/password','001','W');
INSERT INTO RestResources(RestResources_PK,Method,Application,Path,ResourceID,Operation) VALUES('0006','POST','VolPayHub','/v2/users/reset','001','W');
INSERT INTO RestResources(RestResources_PK,Method,Application,Path,ResourceID,Operation) VALUES('0007','POST','VolPayHub','/v2/users/otp/validate','001','R');
INSERT INTO RestResources(RestResources_PK,Method,Application,Path,ResourceID,Operation) VALUES('0008','POST','VolPayHub','/v2/users/password/reset','001','W');
INSERT INTO RestResources(RestResources_PK,Method,Application,Path,ResourceID,Operation) VALUES('0009','POST','VolPayHub','/v2/users/readall','001','R');
INSERT INTO RestResources(RestResources_PK,Method,Application,Path,ResourceID,Operation) VALUES('0010','PUT','VolPayHub','/v2/users','001','W');
INSERT INTO RestResources(RestResources_PK,Method,Application,Path,ResourceID,Operation) VALUES('0011','POST','VolPayHub','/v2/instructions/readall','002','R');
INSERT INTO RestResources(RestResources_PK,Method,Application,Path,ResourceID,Operation) VALUES('0012','POST','VolPayHub','/v2/instructions/read','002','R');
INSERT INTO RestResources(RestResources_PK,Method,Application,Path,ResourceID,Operation) VALUES('0013','POST','VolPayHub','/v2/instructions/download','002','R');
INSERT INTO RestResources(RestResources_PK,Method,Application,Path,ResourceID,Operation) VALUES('0014','POST','VolPayHub','/v2/instructions/audit/readall','002','R');
INSERT INTO RestResources(RestResources_PK,Method,Application,Path,ResourceID,Operation) VALUES('0015','POST','VolPayHub','/v2/instructions/payment/readall','002','R');
INSERT INTO RestResources(RestResources_PK,Method,Application,Path,ResourceID,Operation) VALUES('0016','POST','VolPayHub','/v2/instructions/upload','002','R');
INSERT INTO RestResources(RestResources_PK,Method,Application,Path,ResourceID,Operation) VALUES('0017','PUT','VolPayHub','/v2/instructions','002','W');
INSERT INTO RestResources(RestResources_PK,Method,Application,Path,ResourceID,Operation) VALUES('0018','POST','VolPayHub','/v2/instructions/summary/read','051','R');
INSERT INTO RestResources(RestResources_PK,Method,Application,Path,ResourceID,Operation) VALUES('0019','POST','VolPayHub','/v2/instructions/acknowledgement/read','040','R');
INSERT INTO RestResources(RestResources_PK,Method,Application,Path,ResourceID,Operation) VALUES('0020','POST','VolPayHub','/v2/payments/readall','003','R');
INSERT INTO RestResources(RestResources_PK,Method,Application,Path,ResourceID,Operation) VALUES('0021','POST','VolPayHub','/v2/payments/read','003','R');
INSERT INTO RestResources(RestResources_PK,Method,Application,Path,ResourceID,Operation) VALUES('0022','POST','VolPayHub','/v2/payments/audit/readall','003','R');
INSERT INTO RestResources(RestResources_PK,Method,Application,Path,ResourceID,Operation) VALUES('0023','POST','VolPayHub','/v2/payments/interaction/readall','003','R');
INSERT INTO RestResources(RestResources_PK,Method,Application,Path,ResourceID,Operation) VALUES('0024','POST','VolPayHub','/v2/payments/instruction/read','003','R');
INSERT INTO RestResources(RestResources_PK,Method,Application,Path,ResourceID,Operation) VALUES('0025','POST','VolPayHub','/v2/payments/summary/read','004','R');
INSERT INTO RestResources(RestResources_PK,Method,Application,Path,ResourceID,Operation) VALUES('0026','POST','VolPayHub','/v2/payments','003','W');
INSERT INTO RestResources(RestResources_PK,Method,Application,Path,ResourceID,Operation) VALUES('0027','PUT','VolPayHub','/v2/payments/repair','003','R');
INSERT INTO RestResources(RestResources_PK,Method,Application,Path,ResourceID,Operation) VALUES('0028','POST','VolPayHub','/v2/payments/acknowledgement/read','040','R');
INSERT INTO RestResources(RestResources_PK,Method,Application,Path,ResourceID,Operation) VALUES('0029','POST','VolPayHub','/v2/notifications/view','005','R');
INSERT INTO RestResources(RestResources_PK,Method,Application,Path,ResourceID,Operation) VALUES('0030','POST','VolPayHub','/v2/notifications/readall','005','R');
INSERT INTO RestResources(RestResources_PK,Method,Application,Path,ResourceID,Operation) VALUES('0031','POST','VolPayHub','/v2/notifications/delete','005','D');
INSERT INTO RestResources(RestResources_PK,Method,Application,Path,ResourceID,Operation) VALUES('0032','GET','VolPayHub','/v2/timezone/read','007','R');
INSERT INTO RestResources(RestResources_PK,Method,Application,Path,ResourceID,Operation) VALUES('0033','GET','VolPayHub','/v2/rulebuilder/schema/read','006','R');
INSERT INTO RestResources(RestResources_PK,Method,Application,Path,ResourceID,Operation) VALUES('0034','GET','VolPayHub','/v2/resources/instructions/status','021','R');
INSERT INTO RestResources(RestResources_PK,Method,Application,Path,ResourceID,Operation) VALUES('0035','GET','VolPayHub','/v2/resources/payments/search','021','R');
INSERT INTO RestResources(RestResources_PK,Method,Application,Path,ResourceID,Operation) VALUES('0036','POST','VolPayHub','/v2/password/validate','007','R');
INSERT INTO RestResources(RestResources_PK,Method,Application,Path,ResourceID,Operation) VALUES('0037','GET','VolPayHub','/v2/ui/configuration','007','R');
INSERT INTO RestResources(RestResources_PK,Method,Application,Path,ResourceID,Operation) VALUES('0038','GET','VolPayHub','/v2/products/metainfo','007','R');
INSERT INTO RestResources(RestResources_PK,Method,Application,Path,ResourceID,Operation) VALUES('0039','GET','VolPayHub','/v2/businessfunctions/metainfo','007','R');
INSERT INTO RestResources(RestResources_PK,Method,Application,Path,ResourceID,Operation) VALUES('0040','GET','VolPayHub','/v2/businessprocesses/metainfo','007','R');
INSERT INTO RestResources(RestResources_PK,Method,Application,Path,ResourceID,Operation) VALUES('0041','GET','VolPayHub','/v2/accounts/metainfo','007','R');
INSERT INTO RestResources(RestResources_PK,Method,Application,Path,ResourceID,Operation) VALUES('0042','GET','VolPayHub','/v2/servicegroups/metainfo','007','R');
INSERT INTO RestResources(RestResources_PK,Method,Application,Path,ResourceID,Operation) VALUES('0043','GET','VolPayHub','/v2/services/metainfo','007','R');
INSERT INTO RestResources(RestResources_PK,Method,Application,Path,ResourceID,Operation) VALUES('0044','GET','VolPayHub','/v2/messageformats/metainfo','007','R');
INSERT INTO RestResources(RestResources_PK,Method,Application,Path,ResourceID,Operation) VALUES('0045','GET','VolPayHub','/v2/transports/metainfo','007','R');
INSERT INTO RestResources(RestResources_PK,Method,Application,Path,ResourceID,Operation) VALUES('0046','GET','VolPayHub','/v2/partyserviceassociations/metainfo','007','R');
INSERT INTO RestResources(RestResources_PK,Method,Application,Path,ResourceID,Operation) VALUES('0047','GET','VolPayHub','/v2/parties/metainfo','007','R');
INSERT INTO RestResources(RestResources_PK,Method,Application,Path,ResourceID,Operation) VALUES('0048','GET','VolPayHub','/v2/offices/metainfo','007','R');
INSERT INTO RestResources(RestResources_PK,Method,Application,Path,ResourceID,Operation) VALUES('0049','GET','VolPayHub','/v2/branches/metainfo','007','R');
INSERT INTO RestResources(RestResources_PK,Method,Application,Path,ResourceID,Operation) VALUES('0050','GET','VolPayHub','/v2/currencycorrespondents/metainfo','007','R');
INSERT INTO RestResources(RestResources_PK,Method,Application,Path,ResourceID,Operation) VALUES('0051','GET','VolPayHub','/v2/routingagents/metainfo','007','R');
INSERT INTO RestResources(RestResources_PK,Method,Application,Path,ResourceID,Operation) VALUES('0052','GET','VolPayHub','/v2/calendars/metainfo','007','R');
INSERT INTO RestResources(RestResources_PK,Method,Application,Path,ResourceID,Operation) VALUES('0053','GET','VolPayHub','/v2/countries/metainfo','007','R');
INSERT INTO RestResources(RestResources_PK,Method,Application,Path,ResourceID,Operation) VALUES('0054','GET','VolPayHub','/v2/currencies/metainfo','007','R');
INSERT INTO RestResources(RestResources_PK,Method,Application,Path,ResourceID,Operation) VALUES('0055','GET','VolPayHub','/v2/countrycorrespondents/metainfo','007','R');
INSERT INTO RestResources(RestResources_PK,Method,Application,Path,ResourceID,Operation) VALUES('0056','GET','VolPayHub','/v2/cutoffs/metainfo','007','R');
INSERT INTO RestResources(RestResources_PK,Method,Application,Path,ResourceID,Operation) VALUES('0057','GET','VolPayHub','/v2/memberships/metainfo','007','R');
INSERT INTO RestResources(RestResources_PK,Method,Application,Path,ResourceID,Operation) VALUES('0058','GET','VolPayHub','/v2/departments/metainfo','007','R');
INSERT INTO RestResources(RestResources_PK,Method,Application,Path,ResourceID,Operation) VALUES('0059','GET','VolPayHub','/v2/regions/metainfo','007','R');
INSERT INTO RestResources(RestResources_PK,Method,Application,Path,ResourceID,Operation) VALUES('0060','GET','VolPayHub','/v2/methodofpaymentpriorities/metainfo','007','R');
INSERT INTO RestResources(RestResources_PK,Method,Application,Path,ResourceID,Operation) VALUES('0061','GET','VolPayHub','/v2/methodofpayments/metainfo','007','R');
INSERT INTO RestResources(RestResources_PK,Method,Application,Path,ResourceID,Operation) VALUES('0062','GET','VolPayHub','/v2/serviceregistry','007','R');
INSERT INTO RestResources(RestResources_PK,Method,Application,Path,ResourceID,Operation) VALUES('0063','GET','VolPayHub','/v2/servicegroups/code','007','R');
INSERT INTO RestResources(RestResources_PK,Method,Application,Path,ResourceID,Operation) VALUES('0064','GET','VolPayHub','/v2/volpayconfigurations/code','007','R');
INSERT INTO RestResources(RestResources_PK,Method,Application,Path,ResourceID,Operation) VALUES('0065','GET','VolPayHub','/v2/regions/code','007','R');
INSERT INTO RestResources(RestResources_PK,Method,Application,Path,ResourceID,Operation) VALUES('0066','GET','VolPayHub','/v2/calendars/code','007','R');
INSERT INTO RestResources(RestResources_PK,Method,Application,Path,ResourceID,Operation) VALUES('0067','GET','VolPayHub','/v2/countries/code','007','R');
INSERT INTO RestResources(RestResources_PK,Method,Application,Path,ResourceID,Operation) VALUES('0068','GET','VolPayHub','/v2/currencies/code','007','R');
INSERT INTO RestResources(RestResources_PK,Method,Application,Path,ResourceID,Operation) VALUES('0069','GET','VolPayHub','/v2/parties/code','007','R');
INSERT INTO RestResources(RestResources_PK,Method,Application,Path,ResourceID,Operation) VALUES('0070','GET','VolPayHub','/v2/services/code','007','R');
INSERT INTO RestResources(RestResources_PK,Method,Application,Path,ResourceID,Operation) VALUES('0071','GET','VolPayHub','/v2/branches/code','007','R');
INSERT INTO RestResources(RestResources_PK,Method,Application,Path,ResourceID,Operation) VALUES('0072','GET','VolPayHub','/v2/accounts/number','007','R');
INSERT INTO RestResources(RestResources_PK,Method,Application,Path,ResourceID,Operation) VALUES('0073','GET','VolPayHub','/v2/messageformats/code','007','R');
INSERT INTO RestResources(RestResources_PK,Method,Application,Path,ResourceID,Operation) VALUES('0074','GET','VolPayHub','/v2/products/code','007','R');
INSERT INTO RestResources(RestResources_PK,Method,Application,Path,ResourceID,Operation) VALUES('0075','GET','VolPayHub','/v2/cutoffs/code','007','R');
INSERT INTO RestResources(RestResources_PK,Method,Application,Path,ResourceID,Operation) VALUES('0076','GET','VolPayHub','/v2/transports/code','007','R');
INSERT INTO RestResources(RestResources_PK,Method,Application,Path,ResourceID,Operation) VALUES('0077','GET','VolPayHub','/v2/methodofpayments/code','007','R');
INSERT INTO RestResources(RestResources_PK,Method,Application,Path,ResourceID,Operation) VALUES('0078','GET','VolPayHub','/v2/offices/code','007','R');
INSERT INTO RestResources(RestResources_PK,Method,Application,Path,ResourceID,Operation) VALUES('0079','GET','VolPayHub','/v2/processes/code','007','R');
INSERT INTO RestResources(RestResources_PK,Method,Application,Path,ResourceID,Operation) VALUES('0080','GET','VolPayHub','/v2/{tableName}/primarykey','007','R');
INSERT INTO RestResources(RestResources_PK,Method,Application,Path,ResourceID,Operation) VALUES('0081','GET','VolPayHub','/v2/rules/phase','007','R');
INSERT INTO RestResources(RestResources_PK,Method,Application,Path,ResourceID,Operation) VALUES('0082','GET','VolPayHub','/v2/partyserviceassociations/code','007','R');
INSERT INTO RestResources(RestResources_PK,Method,Application,Path,ResourceID,Operation) VALUES('0083','GET','VolPayHub','/v2/application/info','007','R');
INSERT INTO RestResources(RestResources_PK,Method,Application,Path,ResourceID,Operation) VALUES('0084','GET','VolPayHub','/v2/serviceconfigurations/code','007','R');
INSERT INTO RestResources(RestResources_PK,Method,Application,Path,ResourceID,Operation) VALUES('0085','GET','VolPayHub','/v2/payments/metainfo','007','R');
INSERT INTO RestResources(RestResources_PK,Method,Application,Path,ResourceID,Operation) VALUES('0086','GET','VolPayHub','/v2/serviceconfig/{InputFormat}','023','R');
INSERT INTO RestResources(RestResources_PK,Method,Application,Path,ResourceID,Operation) VALUES('0087','POST','VolPayHub','/v2/serviceconfigurations/readall','009','R');
INSERT INTO RestResources(RestResources_PK,Method,Application,Path,ResourceID,Operation) VALUES('0088','PUT','VolPayHub','/v2/serviceconfigurations','009','W');
INSERT INTO RestResources(RestResources_PK,Method,Application,Path,ResourceID,Operation) VALUES('0089','POST','VolPayHub','/v2/configurations/readall','010','R');
INSERT INTO RestResources(RestResources_PK,Method,Application,Path,ResourceID,Operation) VALUES('0090','POST','VolPayHub','/v2/configurations','010','C');
INSERT INTO RestResources(RestResources_PK,Method,Application,Path,ResourceID,Operation) VALUES('0091','PUT','VolPayHub','/v2/configurations','010','W');
INSERT INTO RestResources(RestResources_PK,Method,Application,Path,ResourceID,Operation) VALUES('0092','POST','VolPayHub','/v2/configurations/delete','010','D');
INSERT INTO RestResources(RestResources_PK,Method,Application,Path,ResourceID,Operation) VALUES('0093','POST','VolPayHub','/v2/configurations/read','010','R');
INSERT INTO RestResources(RestResources_PK,Method,Application,Path,ResourceID,Operation) VALUES('0094','POST','VolPayHub','/v2/roles','011','C');
INSERT INTO RestResources(RestResources_PK,Method,Application,Path,ResourceID,Operation) VALUES('0095','PUT','VolPayHub','/v2/roles','011','W');
INSERT INTO RestResources(RestResources_PK,Method,Application,Path,ResourceID,Operation) VALUES('0096','GET','VolPayHub','/v2/roles','011','R');
INSERT INTO RestResources(RestResources_PK,Method,Application,Path,ResourceID,Operation) VALUES('0097','POST','VolPayHub','/v2/roles/read','011','R');
INSERT INTO RestResources(RestResources_PK,Method,Application,Path,ResourceID,Operation) VALUES('0098','POST','VolPayHub','/v2/roles/delete','011','D');
INSERT INTO RestResources(RestResources_PK,Method,Application,Path,ResourceID,Operation) VALUES('0099','POST','VolPayHub','/v2/branches/readall','013','R');
INSERT INTO RestResources(RestResources_PK,Method,Application,Path,ResourceID,Operation) VALUES('0100','POST','VolPayHub','/v2/branches','013','C');
INSERT INTO RestResources(RestResources_PK,Method,Application,Path,ResourceID,Operation) VALUES('0101','PUT','VolPayHub','/v2/branches','013','W');
INSERT INTO RestResources(RestResources_PK,Method,Application,Path,ResourceID,Operation) VALUES('0102','POST','VolPayHub','/v2/branches/delete','013','D');
INSERT INTO RestResources(RestResources_PK,Method,Application,Path,ResourceID,Operation) VALUES('0103','POST','VolPayHub','/v2/branches/read','013','R');
INSERT INTO RestResources(RestResources_PK,Method,Application,Path,ResourceID,Operation) VALUES('0104','POST','VolPayHub','/v2/methodofpayments/readall','014','R');
INSERT INTO RestResources(RestResources_PK,Method,Application,Path,ResourceID,Operation) VALUES('0105','POST','VolPayHub','/v2/methodofpayments','014','C');
INSERT INTO RestResources(RestResources_PK,Method,Application,Path,ResourceID,Operation) VALUES('0106','PUT','VolPayHub','/v2/methodofpayments','014','W');
INSERT INTO RestResources(RestResources_PK,Method,Application,Path,ResourceID,Operation) VALUES('0107','POST','VolPayHub','/v2/methodofpayments/delete','014','D');
INSERT INTO RestResources(RestResources_PK,Method,Application,Path,ResourceID,Operation) VALUES('0108','POST','VolPayHub','/v2/methodofpayments/read','014','R');
INSERT INTO RestResources(RestResources_PK,Method,Application,Path,ResourceID,Operation) VALUES('0109','POST','VolPayHub','/v2/currencycorrespondents/readall','016','R');
INSERT INTO RestResources(RestResources_PK,Method,Application,Path,ResourceID,Operation) VALUES('0110','POST','VolPayHub','/v2/currencycorrespondents','016','C');
INSERT INTO RestResources(RestResources_PK,Method,Application,Path,ResourceID,Operation) VALUES('0111','PUT','VolPayHub','/v2/currencycorrespondents','016','W');
INSERT INTO RestResources(RestResources_PK,Method,Application,Path,ResourceID,Operation) VALUES('0112','POST','VolPayHub','/v2/currencycorrespondents/delete','016','D');
INSERT INTO RestResources(RestResources_PK,Method,Application,Path,ResourceID,Operation) VALUES('0113','POST','VolPayHub','/v2/currencycorrespondents/read','016','R');
INSERT INTO RestResources(RestResources_PK,Method,Application,Path,ResourceID,Operation) VALUES('0114','POST','VolPayHub','/v2/businessrules/readall','017','R');
INSERT INTO RestResources(RestResources_PK,Method,Application,Path,ResourceID,Operation) VALUES('0115','POST','VolPayHub','/v2/businessrules','017','C');
INSERT INTO RestResources(RestResources_PK,Method,Application,Path,ResourceID,Operation) VALUES('0116','PUT','VolPayHub','/v2/businessrules','017','W');
INSERT INTO RestResources(RestResources_PK,Method,Application,Path,ResourceID,Operation) VALUES('0117','POST','VolPayHub','/v2/businessrules/delete','017','D');
INSERT INTO RestResources(RestResources_PK,Method,Application,Path,ResourceID,Operation) VALUES('0118','POST','VolPayHub','/v2/businessrules/rulebuilder','017','R');
INSERT INTO RestResources(RestResources_PK,Method,Application,Path,ResourceID,Operation) VALUES('0119','POST','VolPayHub','/v2/fxratecharts/readall','018','R');
INSERT INTO RestResources(RestResources_PK,Method,Application,Path,ResourceID,Operation) VALUES('0120','POST','VolPayHub','/v2/fxratecharts','018','C');
INSERT INTO RestResources(RestResources_PK,Method,Application,Path,ResourceID,Operation) VALUES('0121','PUT','VolPayHub','/v2/fxratecharts','018','W');
INSERT INTO RestResources(RestResources_PK,Method,Application,Path,ResourceID,Operation) VALUES('0122','POST','VolPayHub','/v2/fxratecharts/delete','018','D');
INSERT INTO RestResources(RestResources_PK,Method,Application,Path,ResourceID,Operation) VALUES('0123','POST','VolPayHub','/v2/fxratecharts/read','018','R');
INSERT INTO RestResources(RestResources_PK,Method,Application,Path,ResourceID,Operation) VALUES('0124','POST','VolPayHub','/v2/offices/readall','019','R');
INSERT INTO RestResources(RestResources_PK,Method,Application,Path,ResourceID,Operation) VALUES('0125','POST','VolPayHub','/v2/offices','019','C');
INSERT INTO RestResources(RestResources_PK,Method,Application,Path,ResourceID,Operation) VALUES('0126','PUT','VolPayHub','/v2/offices','019','W');
INSERT INTO RestResources(RestResources_PK,Method,Application,Path,ResourceID,Operation) VALUES('0127','POST','VolPayHub','/v2/offices/delete','019','D');
INSERT INTO RestResources(RestResources_PK,Method,Application,Path,ResourceID,Operation) VALUES('0128','POST','VolPayHub','/v2/offices/read','019','R');
INSERT INTO RestResources(RestResources_PK,Method,Application,Path,ResourceID,Operation) VALUES('0129','POST','VolPayHub','/v2/taskdetails/readall','020','R');
INSERT INTO RestResources(RestResources_PK,Method,Application,Path,ResourceID,Operation) VALUES('0130','POST','VolPayHub','/v2/taskdetails','020','C');
INSERT INTO RestResources(RestResources_PK,Method,Application,Path,ResourceID,Operation) VALUES('0131','PUT','VolPayHub','/v2/taskdetails','020','W');
INSERT INTO RestResources(RestResources_PK,Method,Application,Path,ResourceID,Operation) VALUES('0132','POST','VolPayHub','/v2/taskdetails/delete','020','D');
INSERT INTO RestResources(RestResources_PK,Method,Application,Path,ResourceID,Operation) VALUES('0133','POST','VolPayHub','/v2/taskdetails/read','020','R');
INSERT INTO RestResources(RestResources_PK,Method,Application,Path,ResourceID,Operation) VALUES('0134','POST','VolPayHub','/v2/parties/readall','022','R');
INSERT INTO RestResources(RestResources_PK,Method,Application,Path,ResourceID,Operation) VALUES('0135','POST','VolPayHub','/v2/parties','022','C');
INSERT INTO RestResources(RestResources_PK,Method,Application,Path,ResourceID,Operation) VALUES('0136','PUT','VolPayHub','/v2/parties','022','W');
INSERT INTO RestResources(RestResources_PK,Method,Application,Path,ResourceID,Operation) VALUES('0137','POST','VolPayHub','/v2/parties/delete','022','D');
INSERT INTO RestResources(RestResources_PK,Method,Application,Path,ResourceID,Operation) VALUES('0138','POST','VolPayHub','/v2/parties/read','022','R');
INSERT INTO RestResources(RestResources_PK,Method,Application,Path,ResourceID,Operation) VALUES('0139','POST','VolPayHub','/v2/partyserviceassociations/readall','023','R');
INSERT INTO RestResources(RestResources_PK,Method,Application,Path,ResourceID,Operation) VALUES('0140','POST','VolPayHub','/v2/partyserviceassociations','023','C');
INSERT INTO RestResources(RestResources_PK,Method,Application,Path,ResourceID,Operation) VALUES('0141','PUT','VolPayHub','/v2/partyserviceassociations','023','W');
INSERT INTO RestResources(RestResources_PK,Method,Application,Path,ResourceID,Operation) VALUES('0142','POST','VolPayHub','/v2/partyserviceassociations/delete','023','D');
INSERT INTO RestResources(RestResources_PK,Method,Application,Path,ResourceID,Operation) VALUES('0143','POST','VolPayHub','/v2/partyserviceassociations/read','023','R');
INSERT INTO RestResources(RestResources_PK,Method,Application,Path,ResourceID,Operation) VALUES('0144','POST','VolPayHub','/v2/transports/readall','024','R');
INSERT INTO RestResources(RestResources_PK,Method,Application,Path,ResourceID,Operation) VALUES('0145','POST','VolPayHub','/v2/transports','024','C');
INSERT INTO RestResources(RestResources_PK,Method,Application,Path,ResourceID,Operation) VALUES('0146','PUT','VolPayHub','/v2/transports','024','W');
INSERT INTO RestResources(RestResources_PK,Method,Application,Path,ResourceID,Operation) VALUES('0147','POST','VolPayHub','/v2/transports/delete','024','D');
INSERT INTO RestResources(RestResources_PK,Method,Application,Path,ResourceID,Operation) VALUES('0148','POST','VolPayHub','/v2/transports/read','024','R');
INSERT INTO RestResources(RestResources_PK,Method,Application,Path,ResourceID,Operation) VALUES('0149','POST','VolPayHub','/v2/services/readall','026','R');
INSERT INTO RestResources(RestResources_PK,Method,Application,Path,ResourceID,Operation) VALUES('0150','POST','VolPayHub','/v2/services','026','C');
INSERT INTO RestResources(RestResources_PK,Method,Application,Path,ResourceID,Operation) VALUES('0151','PUT','VolPayHub','/v2/services','026','W');
INSERT INTO RestResources(RestResources_PK,Method,Application,Path,ResourceID,Operation) VALUES('0152','POST','VolPayHub','/v2/services/delete','026','D');
INSERT INTO RestResources(RestResources_PK,Method,Application,Path,ResourceID,Operation) VALUES('0153','POST','VolPayHub','/v2/services/read','026','R');
INSERT INTO RestResources(RestResources_PK,Method,Application,Path,ResourceID,Operation) VALUES('0154','POST','VolPayHub','/v2/servicegroups/readall','027','R');
INSERT INTO RestResources(RestResources_PK,Method,Application,Path,ResourceID,Operation) VALUES('0155','POST','VolPayHub','/v2/servicegroups','027','C');
INSERT INTO RestResources(RestResources_PK,Method,Application,Path,ResourceID,Operation) VALUES('0156','PUT','VolPayHub','/v2/servicegroups','027','W');
INSERT INTO RestResources(RestResources_PK,Method,Application,Path,ResourceID,Operation) VALUES('0157','POST','VolPayHub','/v2/servicegroups/delete','027','D');
INSERT INTO RestResources(RestResources_PK,Method,Application,Path,ResourceID,Operation) VALUES('0158','POST','VolPayHub','/v2/servicegroups/read','027','R');
INSERT INTO RestResources(RestResources_PK,Method,Application,Path,ResourceID,Operation) VALUES('0159','POST','VolPayHub','/v2/accounts/readall','028','R');
INSERT INTO RestResources(RestResources_PK,Method,Application,Path,ResourceID,Operation) VALUES('0160','POST','VolPayHub','/v2/accounts','028','C');
INSERT INTO RestResources(RestResources_PK,Method,Application,Path,ResourceID,Operation) VALUES('0161','PUT','VolPayHub','/v2/accounts','028','W');
INSERT INTO RestResources(RestResources_PK,Method,Application,Path,ResourceID,Operation) VALUES('0162','POST','VolPayHub','/v2/accounts/delete','028','D');
INSERT INTO RestResources(RestResources_PK,Method,Application,Path,ResourceID,Operation) VALUES('0163','POST','VolPayHub','/v2/accounts/read','028','R');
INSERT INTO RestResources(RestResources_PK,Method,Application,Path,ResourceID,Operation) VALUES('0164','POST','VolPayHub','/v2/products/readall','029','R');
INSERT INTO RestResources(RestResources_PK,Method,Application,Path,ResourceID,Operation) VALUES('0165','POST','VolPayHub','/v2/products','029','C');
INSERT INTO RestResources(RestResources_PK,Method,Application,Path,ResourceID,Operation) VALUES('0166','PUT','VolPayHub','/v2/products','029','W');
INSERT INTO RestResources(RestResources_PK,Method,Application,Path,ResourceID,Operation) VALUES('0167','POST','VolPayHub','/v2/products/delete','029','D');
INSERT INTO RestResources(RestResources_PK,Method,Application,Path,ResourceID,Operation) VALUES('0168','POST','VolPayHub','/v2/products/read','029','R');
INSERT INTO RestResources(RestResources_PK,Method,Application,Path,ResourceID,Operation) VALUES('0169','POST','VolPayHub','/v2/routingagents/readall','030','R');
INSERT INTO RestResources(RestResources_PK,Method,Application,Path,ResourceID,Operation) VALUES('0170','POST','VolPayHub','/v2/routingagents','030','C');
INSERT INTO RestResources(RestResources_PK,Method,Application,Path,ResourceID,Operation) VALUES('0171','PUT','VolPayHub','/v2/routingagents','030','W');
INSERT INTO RestResources(RestResources_PK,Method,Application,Path,ResourceID,Operation) VALUES('0172','POST','VolPayHub','/v2/routingagents/delete','030','D');
INSERT INTO RestResources(RestResources_PK,Method,Application,Path,ResourceID,Operation) VALUES('0173','POST','VolPayHub','/v2/routingagents/read','030','R');
INSERT INTO RestResources(RestResources_PK,Method,Application,Path,ResourceID,Operation) VALUES('0174','POST','VolPayHub','/v2/calendars/readall','031','R');
INSERT INTO RestResources(RestResources_PK,Method,Application,Path,ResourceID,Operation) VALUES('0175','POST','VolPayHub','/v2/calendars','031','C');
INSERT INTO RestResources(RestResources_PK,Method,Application,Path,ResourceID,Operation) VALUES('0176','PUT','VolPayHub','/v2/calendars','031','W');
INSERT INTO RestResources(RestResources_PK,Method,Application,Path,ResourceID,Operation) VALUES('0177','POST','VolPayHub','/v2/calendars/delete','031','D');
INSERT INTO RestResources(RestResources_PK,Method,Application,Path,ResourceID,Operation) VALUES('0178','POST','VolPayHub','/v2/calendars/read','031','R');
INSERT INTO RestResources(RestResources_PK,Method,Application,Path,ResourceID,Operation) VALUES('0179','POST','VolPayHub','/v2/countries/readall','032','R');
INSERT INTO RestResources(RestResources_PK,Method,Application,Path,ResourceID,Operation) VALUES('0180','POST','VolPayHub','/v2/countries','032','C');
INSERT INTO RestResources(RestResources_PK,Method,Application,Path,ResourceID,Operation) VALUES('0181','PUT','VolPayHub','/v2/countries','032','W');
INSERT INTO RestResources(RestResources_PK,Method,Application,Path,ResourceID,Operation) VALUES('0182','POST','VolPayHub','/v2/countries/delete','032','D');
INSERT INTO RestResources(RestResources_PK,Method,Application,Path,ResourceID,Operation) VALUES('0183','POST','VolPayHub','/v2/countries/read','032','R');
INSERT INTO RestResources(RestResources_PK,Method,Application,Path,ResourceID,Operation) VALUES('0184','POST','VolPayHub','/v2/currencies/readall','033','R');
INSERT INTO RestResources(RestResources_PK,Method,Application,Path,ResourceID,Operation) VALUES('0185','POST','VolPayHub','/v2/currencies','033','C');
INSERT INTO RestResources(RestResources_PK,Method,Application,Path,ResourceID,Operation) VALUES('0186','PUT','VolPayHub','/v2/currencies','033','W');
INSERT INTO RestResources(RestResources_PK,Method,Application,Path,ResourceID,Operation) VALUES('0187','POST','VolPayHub','/v2/currencies/delete','033','D');
INSERT INTO RestResources(RestResources_PK,Method,Application,Path,ResourceID,Operation) VALUES('0188','POST','VolPayHub','/v2/currencies/read','033','R');
INSERT INTO RestResources(RestResources_PK,Method,Application,Path,ResourceID,Operation) VALUES('0189','POST','VolPayHub','/v2/countrycorrespondents/readall','034','R');
INSERT INTO RestResources(RestResources_PK,Method,Application,Path,ResourceID,Operation) VALUES('0190','POST','VolPayHub','/v2/countrycorrespondents','034','C');
INSERT INTO RestResources(RestResources_PK,Method,Application,Path,ResourceID,Operation) VALUES('0191','PUT','VolPayHub','/v2/countrycorrespondents','034','W');
INSERT INTO RestResources(RestResources_PK,Method,Application,Path,ResourceID,Operation) VALUES('0192','POST','VolPayHub','/v2/countrycorrespondents/delete','034','D');
INSERT INTO RestResources(RestResources_PK,Method,Application,Path,ResourceID,Operation) VALUES('0193','POST','VolPayHub','/v2/countrycorrespondents/read','034','R');
INSERT INTO RestResources(RestResources_PK,Method,Application,Path,ResourceID,Operation) VALUES('0194','POST','VolPayHub','/v2/cutoffs/readall','035','R');
INSERT INTO RestResources(RestResources_PK,Method,Application,Path,ResourceID,Operation) VALUES('0195','POST','VolPayHub','/v2/cutoffs','035','C');
INSERT INTO RestResources(RestResources_PK,Method,Application,Path,ResourceID,Operation) VALUES('0196','PUT','VolPayHub','/v2/cutoffs','035','W');
INSERT INTO RestResources(RestResources_PK,Method,Application,Path,ResourceID,Operation) VALUES('0197','POST','VolPayHub','/v2/cutoffs/delete','035','D');
INSERT INTO RestResources(RestResources_PK,Method,Application,Path,ResourceID,Operation) VALUES('0198','POST','VolPayHub','/v2/cutoffs/read','035','R');
INSERT INTO RestResources(RestResources_PK,Method,Application,Path,ResourceID,Operation) VALUES('0199','POST','VolPayHub','/v2/memberships/readall','036','R');
INSERT INTO RestResources(RestResources_PK,Method,Application,Path,ResourceID,Operation) VALUES('0200','POST','VolPayHub','/v2/memberships','036','C');
INSERT INTO RestResources(RestResources_PK,Method,Application,Path,ResourceID,Operation) VALUES('0201','PUT','VolPayHub','/v2/memberships','036','W');
INSERT INTO RestResources(RestResources_PK,Method,Application,Path,ResourceID,Operation) VALUES('0202','POST','VolPayHub','/v2/memberships/delete','036','D');
INSERT INTO RestResources(RestResources_PK,Method,Application,Path,ResourceID,Operation) VALUES('0203','POST','VolPayHub','/v2/memberships/read','036','R');
INSERT INTO RestResources(RestResources_PK,Method,Application,Path,ResourceID,Operation) VALUES('0204','POST','VolPayHub','/v2/departments/readall','037','R');
INSERT INTO RestResources(RestResources_PK,Method,Application,Path,ResourceID,Operation) VALUES('0205','POST','VolPayHub','/v2/departments','037','C');
INSERT INTO RestResources(RestResources_PK,Method,Application,Path,ResourceID,Operation) VALUES('0206','PUT','VolPayHub','/v2/departments','037','W');
INSERT INTO RestResources(RestResources_PK,Method,Application,Path,ResourceID,Operation) VALUES('0207','POST','VolPayHub','/v2/departments/delete','037','D');
INSERT INTO RestResources(RestResources_PK,Method,Application,Path,ResourceID,Operation) VALUES('0208','POST','VolPayHub','/v2/departments/read','037','R');
INSERT INTO RestResources(RestResources_PK,Method,Application,Path,ResourceID,Operation) VALUES('0209','POST','VolPayHub','/v2/regions/readall','038','R');
INSERT INTO RestResources(RestResources_PK,Method,Application,Path,ResourceID,Operation) VALUES('0210','POST','VolPayHub','/v2/regions','038','C');
INSERT INTO RestResources(RestResources_PK,Method,Application,Path,ResourceID,Operation) VALUES('0211','PUT','VolPayHub','/v2/regions','038','W');
INSERT INTO RestResources(RestResources_PK,Method,Application,Path,ResourceID,Operation) VALUES('0212','POST','VolPayHub','/v2/regions/delete','038','D');
INSERT INTO RestResources(RestResources_PK,Method,Application,Path,ResourceID,Operation) VALUES('0213','POST','VolPayHub','/v2/regions/read','038','R');
INSERT INTO RestResources(RestResources_PK,Method,Application,Path,ResourceID,Operation) VALUES('0214','POST','VolPayHub','/v2/businessfunctions/readall','053','R');
INSERT INTO RestResources(RestResources_PK,Method,Application,Path,ResourceID,Operation) VALUES('0215','POST','VolPayHub','/v2/businessfunctions','053','C');
INSERT INTO RestResources(RestResources_PK,Method,Application,Path,ResourceID,Operation) VALUES('0216','PUT','VolPayHub','/v2/businessfunctions','053','W');
INSERT INTO RestResources(RestResources_PK,Method,Application,Path,ResourceID,Operation) VALUES('0217','POST','VolPayHub','/v2/businessfunctions/delete','053','D');
INSERT INTO RestResources(RestResources_PK,Method,Application,Path,ResourceID,Operation) VALUES('0218','POST','VolPayHub','/v2/businessfunctions/read','053','R');
INSERT INTO RestResources(RestResources_PK,Method,Application,Path,ResourceID,Operation) VALUES('0219','POST','VolPayHub','/v2/businessprocesses/readall','054','R');
INSERT INTO RestResources(RestResources_PK,Method,Application,Path,ResourceID,Operation) VALUES('0220','POST','VolPayHub','/v2/businessprocesses','054','C');
INSERT INTO RestResources(RestResources_PK,Method,Application,Path,ResourceID,Operation) VALUES('0221','PUT','VolPayHub','/v2/businessprocesses','054','W');
INSERT INTO RestResources(RestResources_PK,Method,Application,Path,ResourceID,Operation) VALUES('0222','POST','VolPayHub','/v2/businessprocesses/delete','054','D');
INSERT INTO RestResources(RestResources_PK,Method,Application,Path,ResourceID,Operation) VALUES('0223','POST','VolPayHub','/v2/businessprocesses/read','054','R');
INSERT INTO RestResources(RestResources_PK,Method,Application,Path,ResourceID,Operation) VALUES('0224','POST','VolPayHub','/v2/idconfigurations/readall','055','R');
INSERT INTO RestResources(RestResources_PK,Method,Application,Path,ResourceID,Operation) VALUES('0225','POST','VolPayHub','/v2/idconfigurations','055','C');
INSERT INTO RestResources(RestResources_PK,Method,Application,Path,ResourceID,Operation) VALUES('0226','PUT','VolPayHub','/v2/idconfigurations','055','W');
INSERT INTO RestResources(RestResources_PK,Method,Application,Path,ResourceID,Operation) VALUES('0227','POST','VolPayHub','/v2/idconfigurations/delete','055','D');
INSERT INTO RestResources(RestResources_PK,Method,Application,Path,ResourceID,Operation) VALUES('0228','POST','VolPayHub','/v2/idconfigurations/read','055','R');
INSERT INTO RestResources(RestResources_PK,Method,Application,Path,ResourceID,Operation) VALUES('0229','POST','VolPayHub','/v2/methodofpaymentpriorities/readall','039','R');
INSERT INTO RestResources(RestResources_PK,Method,Application,Path,ResourceID,Operation) VALUES('0230','POST','VolPayHub','/v2/methodofpaymentpriorities','039','C');
INSERT INTO RestResources(RestResources_PK,Method,Application,Path,ResourceID,Operation) VALUES('0231','PUT','VolPayHub','/v2/methodofpaymentpriorities','039','W');
INSERT INTO RestResources(RestResources_PK,Method,Application,Path,ResourceID,Operation) VALUES('0232','POST','VolPayHub','/v2/methodofpaymentpriorities/delete','039','D');
INSERT INTO RestResources(RestResources_PK,Method,Application,Path,ResourceID,Operation) VALUES('0233','POST','VolPayHub','/v2/methodofpaymentpriorities/read','039','R');
INSERT INTO RestResources(RestResources_PK,Method,Application,Path,ResourceID,Operation) VALUES('0234','GET','VolPayHub','/v2/approvals','041','R');
INSERT INTO RestResources(RestResources_PK,Method,Application,Path,ResourceID,Operation) VALUES('0235','PUT','VolPayHub','/v2/approvals','041','W');
INSERT INTO RestResources(RestResources_PK,Method,Application,Path,ResourceID,Operation) VALUES('0236','POST','VolPayHub','/v2/reports/generate','046','R');
INSERT INTO RestResources(RestResources_PK,Method,Application,Path,ResourceID,Operation) VALUES('0237','POST','VolPayHub','/v2/reports/download','046','R');
INSERT INTO RestResources(RestResources_PK,Method,Application,Path,ResourceID,Operation) VALUES('0238','POST','VolPayHub','/v2/reports/metainfo','046','R');
INSERT INTO RestResources(RestResources_PK,Method,Application,Path,ResourceID,Operation) VALUES('0239','POST','VolPayHub','/v2/reports/log/readall','047','R');
INSERT INTO RestResources(RestResources_PK,Method,Application,Path,ResourceID,Operation) VALUES('0240','POST','VolPayHub','/v2/reports/readall','048','R');
INSERT INTO RestResources(RestResources_PK,Method,Application,Path,ResourceID,Operation) VALUES('0241','POST','VolPayHub','/v2/reports','048','C');
INSERT INTO RestResources(RestResources_PK,Method,Application,Path,ResourceID,Operation) VALUES('0242','PUT','VolPayHub','/v2/reports','048','W');
INSERT INTO RestResources(RestResources_PK,Method,Application,Path,ResourceID,Operation) VALUES('0243','POST','VolPayHub','/v2/reports/delete','048','R');
INSERT INTO RestResources(RestResources_PK,Method,Application,Path,ResourceID,Operation) VALUES('0244','POST','VolPayHub','/v2/reports/read','048','R');
INSERT INTO RestResources(RestResources_PK,Method,Application,Path,ResourceID,Operation) VALUES('0245','POST','VolPayHub','/v2/reports/params/readall','049','R');
INSERT INTO RestResources(RestResources_PK,Method,Application,Path,ResourceID,Operation) VALUES('0246','POST','VolPayHub','/v2/reports/params','049','C');
INSERT INTO RestResources(RestResources_PK,Method,Application,Path,ResourceID,Operation) VALUES('0247','PUT','VolPayHub','/v2/reports/params','049','W');
INSERT INTO RestResources(RestResources_PK,Method,Application,Path,ResourceID,Operation) VALUES('0248','POST','VolPayHub','/v2/reports/params/delete','049','R');
INSERT INTO RestResources(RestResources_PK,Method,Application,Path,ResourceID,Operation) VALUES('0249','POST','VolPayHub','/v2/reports/params/read','049','R');
INSERT INTO RestResources(RestResources_PK,Method,Application,Path,ResourceID,Operation) VALUES('0250','POST','VolPayHub','/v2/reports/templates/readall','050','R');
INSERT INTO RestResources(RestResources_PK,Method,Application,Path,ResourceID,Operation) VALUES('0251','POST','VolPayHub','/v2/reports/templates','050','C');
INSERT INTO RestResources(RestResources_PK,Method,Application,Path,ResourceID,Operation) VALUES('0252','PUT','VolPayHub','/v2/reports/templates','050','W');
INSERT INTO RestResources(RestResources_PK,Method,Application,Path,ResourceID,Operation) VALUES('0253','POST','VolPayHub','/v2/reports/templates/delete','050','R');
INSERT INTO RestResources(RestResources_PK,Method,Application,Path,ResourceID,Operation) VALUES('0254','POST','VolPayHub','/v2/reports/templates/read','050','R');
INSERT INTO RestResources(RestResources_PK,Method,Application,Path,ResourceID,Operation) VALUES('0255','GET','VolPayHub','/v2/roles/resourcegroup','042','R');
INSERT INTO RestResources(RestResources_PK,Method,Application,Path,ResourceID,Operation) VALUES('0256','POST','VolPayHub','/v2/roles/resetdefaultpermission','042','W');
INSERT INTO RestResources(RestResources_PK,Method,Application,Path,ResourceID,Operation) VALUES('0257','POST','VolPayHub','/v2/roles/menulist','042','R');
INSERT INTO RestResources(RestResources_PK,Method,Application,Path,ResourceID,Operation) VALUES('0258','POST','VolPayHub','/v2/roles/resourcepermission/readall','042','R');
INSERT INTO RestResources(RestResources_PK,Method,Application,Path,ResourceID,Operation) VALUES('0259','POST','VolPayHub','/v2/roles/resourcepermission','042','R');
INSERT INTO RestResources(RestResources_PK,Method,Application,Path,ResourceID,Operation) VALUES('0260','PUT','VolPayHub','/v2/roles/groupresourcepermission','042','W');
 
INSERT INTO RoleResourcePermission(RoleID,ResourceID,Permission) VALUES('Super Admin','001','C');
INSERT INTO RoleResourcePermission(RoleID,ResourceID,Permission) VALUES('Super Admin','001','R');
INSERT INTO RoleResourcePermission(RoleID,ResourceID,Permission) VALUES('Super Admin','001','W');
INSERT INTO RoleResourcePermission(RoleID,ResourceID,Permission) VALUES('Super Admin','001','D');
INSERT INTO RoleResourcePermission(RoleID,ResourceID,Permission) VALUES('Super Admin','002','C');
INSERT INTO RoleResourcePermission(RoleID,ResourceID,Permission) VALUES('Super Admin','002','R');
INSERT INTO RoleResourcePermission(RoleID,ResourceID,Permission) VALUES('Super Admin','002','W');
INSERT INTO RoleResourcePermission(RoleID,ResourceID,Permission) VALUES('Super Admin','002','D');
INSERT INTO RoleResourcePermission(RoleID,ResourceID,Permission) VALUES('Super Admin','003','C');
INSERT INTO RoleResourcePermission(RoleID,ResourceID,Permission) VALUES('Super Admin','003','R');
INSERT INTO RoleResourcePermission(RoleID,ResourceID,Permission) VALUES('Super Admin','003','W');
INSERT INTO RoleResourcePermission(RoleID,ResourceID,Permission) VALUES('Super Admin','003','D');
INSERT INTO RoleResourcePermission(RoleID,ResourceID,Permission) VALUES('Super Admin','004','C');
INSERT INTO RoleResourcePermission(RoleID,ResourceID,Permission) VALUES('Super Admin','004','R');
INSERT INTO RoleResourcePermission(RoleID,ResourceID,Permission) VALUES('Super Admin','004','W');
INSERT INTO RoleResourcePermission(RoleID,ResourceID,Permission) VALUES('Super Admin','004','D');
INSERT INTO RoleResourcePermission(RoleID,ResourceID,Permission) VALUES('Super Admin','005','C');
INSERT INTO RoleResourcePermission(RoleID,ResourceID,Permission) VALUES('Super Admin','005','R');
INSERT INTO RoleResourcePermission(RoleID,ResourceID,Permission) VALUES('Super Admin','005','W');
INSERT INTO RoleResourcePermission(RoleID,ResourceID,Permission) VALUES('Super Admin','005','D');
INSERT INTO RoleResourcePermission(RoleID,ResourceID,Permission) VALUES('Super Admin','006','C');
INSERT INTO RoleResourcePermission(RoleID,ResourceID,Permission) VALUES('Super Admin','006','R');
INSERT INTO RoleResourcePermission(RoleID,ResourceID,Permission) VALUES('Super Admin','006','W');
INSERT INTO RoleResourcePermission(RoleID,ResourceID,Permission) VALUES('Super Admin','006','D');
INSERT INTO RoleResourcePermission(RoleID,ResourceID,Permission) VALUES('Super Admin','007','C');
INSERT INTO RoleResourcePermission(RoleID,ResourceID,Permission) VALUES('Super Admin','007','R');
INSERT INTO RoleResourcePermission(RoleID,ResourceID,Permission) VALUES('Super Admin','007','W');
INSERT INTO RoleResourcePermission(RoleID,ResourceID,Permission) VALUES('Super Admin','007','D');
INSERT INTO RoleResourcePermission(RoleID,ResourceID,Permission) VALUES('Super Admin','008','C');
INSERT INTO RoleResourcePermission(RoleID,ResourceID,Permission) VALUES('Super Admin','008','R');
INSERT INTO RoleResourcePermission(RoleID,ResourceID,Permission) VALUES('Super Admin','008','W');
INSERT INTO RoleResourcePermission(RoleID,ResourceID,Permission) VALUES('Super Admin','008','D');
INSERT INTO RoleResourcePermission(RoleID,ResourceID,Permission) VALUES('Super Admin','009','C');
INSERT INTO RoleResourcePermission(RoleID,ResourceID,Permission) VALUES('Super Admin','009','R');
INSERT INTO RoleResourcePermission(RoleID,ResourceID,Permission) VALUES('Super Admin','009','W');
INSERT INTO RoleResourcePermission(RoleID,ResourceID,Permission) VALUES('Super Admin','009','D');
INSERT INTO RoleResourcePermission(RoleID,ResourceID,Permission) VALUES('Super Admin','010','C');
INSERT INTO RoleResourcePermission(RoleID,ResourceID,Permission) VALUES('Super Admin','010','R');
INSERT INTO RoleResourcePermission(RoleID,ResourceID,Permission) VALUES('Super Admin','010','W');
INSERT INTO RoleResourcePermission(RoleID,ResourceID,Permission) VALUES('Super Admin','010','D');
INSERT INTO RoleResourcePermission(RoleID,ResourceID,Permission) VALUES('Super Admin','011','C');
INSERT INTO RoleResourcePermission(RoleID,ResourceID,Permission) VALUES('Super Admin','011','R');
INSERT INTO RoleResourcePermission(RoleID,ResourceID,Permission) VALUES('Super Admin','011','W');
INSERT INTO RoleResourcePermission(RoleID,ResourceID,Permission) VALUES('Super Admin','011','D');
INSERT INTO RoleResourcePermission(RoleID,ResourceID,Permission) VALUES('Super Admin','012','C');
INSERT INTO RoleResourcePermission(RoleID,ResourceID,Permission) VALUES('Super Admin','012','R');
INSERT INTO RoleResourcePermission(RoleID,ResourceID,Permission) VALUES('Super Admin','012','W');
INSERT INTO RoleResourcePermission(RoleID,ResourceID,Permission) VALUES('Super Admin','012','D');
INSERT INTO RoleResourcePermission(RoleID,ResourceID,Permission) VALUES('Super Admin','013','C');
INSERT INTO RoleResourcePermission(RoleID,ResourceID,Permission) VALUES('Super Admin','013','R');
INSERT INTO RoleResourcePermission(RoleID,ResourceID,Permission) VALUES('Super Admin','013','W');
INSERT INTO RoleResourcePermission(RoleID,ResourceID,Permission) VALUES('Super Admin','013','D');
INSERT INTO RoleResourcePermission(RoleID,ResourceID,Permission) VALUES('Super Admin','014','C');
INSERT INTO RoleResourcePermission(RoleID,ResourceID,Permission) VALUES('Super Admin','014','R');
INSERT INTO RoleResourcePermission(RoleID,ResourceID,Permission) VALUES('Super Admin','014','W');
INSERT INTO RoleResourcePermission(RoleID,ResourceID,Permission) VALUES('Super Admin','014','D');
INSERT INTO RoleResourcePermission(RoleID,ResourceID,Permission) VALUES('Super Admin','015','C');
INSERT INTO RoleResourcePermission(RoleID,ResourceID,Permission) VALUES('Super Admin','015','R');
INSERT INTO RoleResourcePermission(RoleID,ResourceID,Permission) VALUES('Super Admin','015','W');
INSERT INTO RoleResourcePermission(RoleID,ResourceID,Permission) VALUES('Super Admin','015','D');
INSERT INTO RoleResourcePermission(RoleID,ResourceID,Permission) VALUES('Super Admin','016','C');
INSERT INTO RoleResourcePermission(RoleID,ResourceID,Permission) VALUES('Super Admin','016','R');
INSERT INTO RoleResourcePermission(RoleID,ResourceID,Permission) VALUES('Super Admin','016','W');
INSERT INTO RoleResourcePermission(RoleID,ResourceID,Permission) VALUES('Super Admin','016','D');
INSERT INTO RoleResourcePermission(RoleID,ResourceID,Permission) VALUES('Super Admin','017','C');
INSERT INTO RoleResourcePermission(RoleID,ResourceID,Permission) VALUES('Super Admin','017','R');
INSERT INTO RoleResourcePermission(RoleID,ResourceID,Permission) VALUES('Super Admin','017','W');
INSERT INTO RoleResourcePermission(RoleID,ResourceID,Permission) VALUES('Super Admin','017','D');
INSERT INTO RoleResourcePermission(RoleID,ResourceID,Permission) VALUES('Super Admin','018','C');
INSERT INTO RoleResourcePermission(RoleID,ResourceID,Permission) VALUES('Super Admin','018','R');
INSERT INTO RoleResourcePermission(RoleID,ResourceID,Permission) VALUES('Super Admin','018','W');
INSERT INTO RoleResourcePermission(RoleID,ResourceID,Permission) VALUES('Super Admin','018','D');
INSERT INTO RoleResourcePermission(RoleID,ResourceID,Permission) VALUES('Super Admin','019','C');
INSERT INTO RoleResourcePermission(RoleID,ResourceID,Permission) VALUES('Super Admin','019','R');
INSERT INTO RoleResourcePermission(RoleID,ResourceID,Permission) VALUES('Super Admin','019','W');
INSERT INTO RoleResourcePermission(RoleID,ResourceID,Permission) VALUES('Super Admin','019','D');
INSERT INTO RoleResourcePermission(RoleID,ResourceID,Permission) VALUES('Super Admin','020','C');
INSERT INTO RoleResourcePermission(RoleID,ResourceID,Permission) VALUES('Super Admin','020','R');
INSERT INTO RoleResourcePermission(RoleID,ResourceID,Permission) VALUES('Super Admin','020','W');
INSERT INTO RoleResourcePermission(RoleID,ResourceID,Permission) VALUES('Super Admin','020','D');
INSERT INTO RoleResourcePermission(RoleID,ResourceID,Permission) VALUES('Super Admin','021','C');
INSERT INTO RoleResourcePermission(RoleID,ResourceID,Permission) VALUES('Super Admin','021','R');
INSERT INTO RoleResourcePermission(RoleID,ResourceID,Permission) VALUES('Super Admin','021','W');
INSERT INTO RoleResourcePermission(RoleID,ResourceID,Permission) VALUES('Super Admin','021','D');
INSERT INTO RoleResourcePermission(RoleID,ResourceID,Permission) VALUES('Super Admin','022','C');
INSERT INTO RoleResourcePermission(RoleID,ResourceID,Permission) VALUES('Super Admin','022','R');
INSERT INTO RoleResourcePermission(RoleID,ResourceID,Permission) VALUES('Super Admin','022','W');
INSERT INTO RoleResourcePermission(RoleID,ResourceID,Permission) VALUES('Super Admin','022','D');
INSERT INTO RoleResourcePermission(RoleID,ResourceID,Permission) VALUES('Super Admin','023','C');
INSERT INTO RoleResourcePermission(RoleID,ResourceID,Permission) VALUES('Super Admin','023','R');
INSERT INTO RoleResourcePermission(RoleID,ResourceID,Permission) VALUES('Super Admin','023','W');
INSERT INTO RoleResourcePermission(RoleID,ResourceID,Permission) VALUES('Super Admin','023','D');
INSERT INTO RoleResourcePermission(RoleID,ResourceID,Permission) VALUES('Super Admin','024','C');
INSERT INTO RoleResourcePermission(RoleID,ResourceID,Permission) VALUES('Super Admin','024','R');
INSERT INTO RoleResourcePermission(RoleID,ResourceID,Permission) VALUES('Super Admin','024','W');
INSERT INTO RoleResourcePermission(RoleID,ResourceID,Permission) VALUES('Super Admin','024','D');
INSERT INTO RoleResourcePermission(RoleID,ResourceID,Permission) VALUES('Super Admin','025','C');
INSERT INTO RoleResourcePermission(RoleID,ResourceID,Permission) VALUES('Super Admin','025','R');
INSERT INTO RoleResourcePermission(RoleID,ResourceID,Permission) VALUES('Super Admin','025','W');
INSERT INTO RoleResourcePermission(RoleID,ResourceID,Permission) VALUES('Super Admin','025','D');
INSERT INTO RoleResourcePermission(RoleID,ResourceID,Permission) VALUES('Super Admin','026','C');
INSERT INTO RoleResourcePermission(RoleID,ResourceID,Permission) VALUES('Super Admin','026','R');
INSERT INTO RoleResourcePermission(RoleID,ResourceID,Permission) VALUES('Super Admin','026','W');
INSERT INTO RoleResourcePermission(RoleID,ResourceID,Permission) VALUES('Super Admin','026','D');
INSERT INTO RoleResourcePermission(RoleID,ResourceID,Permission) VALUES('Super Admin','027','C');
INSERT INTO RoleResourcePermission(RoleID,ResourceID,Permission) VALUES('Super Admin','027','R');
INSERT INTO RoleResourcePermission(RoleID,ResourceID,Permission) VALUES('Super Admin','027','W');
INSERT INTO RoleResourcePermission(RoleID,ResourceID,Permission) VALUES('Super Admin','027','D');
INSERT INTO RoleResourcePermission(RoleID,ResourceID,Permission) VALUES('Super Admin','028','C');
INSERT INTO RoleResourcePermission(RoleID,ResourceID,Permission) VALUES('Super Admin','028','R');
INSERT INTO RoleResourcePermission(RoleID,ResourceID,Permission) VALUES('Super Admin','028','W');
INSERT INTO RoleResourcePermission(RoleID,ResourceID,Permission) VALUES('Super Admin','028','D');
INSERT INTO RoleResourcePermission(RoleID,ResourceID,Permission) VALUES('Super Admin','029','C');
INSERT INTO RoleResourcePermission(RoleID,ResourceID,Permission) VALUES('Super Admin','029','R');
INSERT INTO RoleResourcePermission(RoleID,ResourceID,Permission) VALUES('Super Admin','029','W');
INSERT INTO RoleResourcePermission(RoleID,ResourceID,Permission) VALUES('Super Admin','029','D');
INSERT INTO RoleResourcePermission(RoleID,ResourceID,Permission) VALUES('Super Admin','030','C');
INSERT INTO RoleResourcePermission(RoleID,ResourceID,Permission) VALUES('Super Admin','030','R');
INSERT INTO RoleResourcePermission(RoleID,ResourceID,Permission) VALUES('Super Admin','030','W');
INSERT INTO RoleResourcePermission(RoleID,ResourceID,Permission) VALUES('Super Admin','030','D');
INSERT INTO RoleResourcePermission(RoleID,ResourceID,Permission) VALUES('Super Admin','031','C');
INSERT INTO RoleResourcePermission(RoleID,ResourceID,Permission) VALUES('Super Admin','031','R');
INSERT INTO RoleResourcePermission(RoleID,ResourceID,Permission) VALUES('Super Admin','031','W');
INSERT INTO RoleResourcePermission(RoleID,ResourceID,Permission) VALUES('Super Admin','031','D');
INSERT INTO RoleResourcePermission(RoleID,ResourceID,Permission) VALUES('Super Admin','032','C');
INSERT INTO RoleResourcePermission(RoleID,ResourceID,Permission) VALUES('Super Admin','032','R');
INSERT INTO RoleResourcePermission(RoleID,ResourceID,Permission) VALUES('Super Admin','032','W');
INSERT INTO RoleResourcePermission(RoleID,ResourceID,Permission) VALUES('Super Admin','032','D');
INSERT INTO RoleResourcePermission(RoleID,ResourceID,Permission) VALUES('Super Admin','033','C');
INSERT INTO RoleResourcePermission(RoleID,ResourceID,Permission) VALUES('Super Admin','033','R');
INSERT INTO RoleResourcePermission(RoleID,ResourceID,Permission) VALUES('Super Admin','033','W');
INSERT INTO RoleResourcePermission(RoleID,ResourceID,Permission) VALUES('Super Admin','033','D');
INSERT INTO RoleResourcePermission(RoleID,ResourceID,Permission) VALUES('Super Admin','034','C');
INSERT INTO RoleResourcePermission(RoleID,ResourceID,Permission) VALUES('Super Admin','034','R');
INSERT INTO RoleResourcePermission(RoleID,ResourceID,Permission) VALUES('Super Admin','034','W');
INSERT INTO RoleResourcePermission(RoleID,ResourceID,Permission) VALUES('Super Admin','034','D');
INSERT INTO RoleResourcePermission(RoleID,ResourceID,Permission) VALUES('Super Admin','035','C');
INSERT INTO RoleResourcePermission(RoleID,ResourceID,Permission) VALUES('Super Admin','035','R');
INSERT INTO RoleResourcePermission(RoleID,ResourceID,Permission) VALUES('Super Admin','035','W');
INSERT INTO RoleResourcePermission(RoleID,ResourceID,Permission) VALUES('Super Admin','035','D');
INSERT INTO RoleResourcePermission(RoleID,ResourceID,Permission) VALUES('Super Admin','036','C');
INSERT INTO RoleResourcePermission(RoleID,ResourceID,Permission) VALUES('Super Admin','036','R');
INSERT INTO RoleResourcePermission(RoleID,ResourceID,Permission) VALUES('Super Admin','036','W');
INSERT INTO RoleResourcePermission(RoleID,ResourceID,Permission) VALUES('Super Admin','036','D');
INSERT INTO RoleResourcePermission(RoleID,ResourceID,Permission) VALUES('Super Admin','037','C');
INSERT INTO RoleResourcePermission(RoleID,ResourceID,Permission) VALUES('Super Admin','037','R');
INSERT INTO RoleResourcePermission(RoleID,ResourceID,Permission) VALUES('Super Admin','037','W');
INSERT INTO RoleResourcePermission(RoleID,ResourceID,Permission) VALUES('Super Admin','037','D');
INSERT INTO RoleResourcePermission(RoleID,ResourceID,Permission) VALUES('Super Admin','038','C');
INSERT INTO RoleResourcePermission(RoleID,ResourceID,Permission) VALUES('Super Admin','038','R');
INSERT INTO RoleResourcePermission(RoleID,ResourceID,Permission) VALUES('Super Admin','038','W');
INSERT INTO RoleResourcePermission(RoleID,ResourceID,Permission) VALUES('Super Admin','038','D');
INSERT INTO RoleResourcePermission(RoleID,ResourceID,Permission) VALUES('Super Admin','039','C');
INSERT INTO RoleResourcePermission(RoleID,ResourceID,Permission) VALUES('Super Admin','039','R');
INSERT INTO RoleResourcePermission(RoleID,ResourceID,Permission) VALUES('Super Admin','039','W');
INSERT INTO RoleResourcePermission(RoleID,ResourceID,Permission) VALUES('Super Admin','039','D');
INSERT INTO RoleResourcePermission(RoleID,ResourceID,Permission) VALUES('Super Admin','040','C');
INSERT INTO RoleResourcePermission(RoleID,ResourceID,Permission) VALUES('Super Admin','040','R');
INSERT INTO RoleResourcePermission(RoleID,ResourceID,Permission) VALUES('Super Admin','040','W');
INSERT INTO RoleResourcePermission(RoleID,ResourceID,Permission) VALUES('Super Admin','040','D');
INSERT INTO RoleResourcePermission(RoleID,ResourceID,Permission) VALUES('Super Admin','041','C');
INSERT INTO RoleResourcePermission(RoleID,ResourceID,Permission) VALUES('Super Admin','041','R');
INSERT INTO RoleResourcePermission(RoleID,ResourceID,Permission) VALUES('Super Admin','041','W');
INSERT INTO RoleResourcePermission(RoleID,ResourceID,Permission) VALUES('Super Admin','041','D');
INSERT INTO RoleResourcePermission(RoleID,ResourceID,Permission) VALUES('Super Admin','042','C');
INSERT INTO RoleResourcePermission(RoleID,ResourceID,Permission) VALUES('Super Admin','042','R');
INSERT INTO RoleResourcePermission(RoleID,ResourceID,Permission) VALUES('Super Admin','042','W');
INSERT INTO RoleResourcePermission(RoleID,ResourceID,Permission) VALUES('Super Admin','042','D');
INSERT INTO RoleResourcePermission(RoleID,ResourceID,Permission) VALUES('Super Admin','043','C');
INSERT INTO RoleResourcePermission(RoleID,ResourceID,Permission) VALUES('Super Admin','043','R');
INSERT INTO RoleResourcePermission(RoleID,ResourceID,Permission) VALUES('Super Admin','043','W');
INSERT INTO RoleResourcePermission(RoleID,ResourceID,Permission) VALUES('Super Admin','043','D');
INSERT INTO RoleResourcePermission(RoleID,ResourceID,Permission) VALUES('Super Admin','044','C');
INSERT INTO RoleResourcePermission(RoleID,ResourceID,Permission) VALUES('Super Admin','044','R');
INSERT INTO RoleResourcePermission(RoleID,ResourceID,Permission) VALUES('Super Admin','044','W');
INSERT INTO RoleResourcePermission(RoleID,ResourceID,Permission) VALUES('Super Admin','044','D');
INSERT INTO RoleResourcePermission(RoleID,ResourceID,Permission) VALUES('Super Admin','045','C');
INSERT INTO RoleResourcePermission(RoleID,ResourceID,Permission) VALUES('Super Admin','045','R');
INSERT INTO RoleResourcePermission(RoleID,ResourceID,Permission) VALUES('Super Admin','045','W');
INSERT INTO RoleResourcePermission(RoleID,ResourceID,Permission) VALUES('Super Admin','045','D');
INSERT INTO RoleResourcePermission(RoleID,ResourceID,Permission) VALUES('Super Admin','046','C');
INSERT INTO RoleResourcePermission(RoleID,ResourceID,Permission) VALUES('Super Admin','046','R');
INSERT INTO RoleResourcePermission(RoleID,ResourceID,Permission) VALUES('Super Admin','046','W');
INSERT INTO RoleResourcePermission(RoleID,ResourceID,Permission) VALUES('Super Admin','046','D');
INSERT INTO RoleResourcePermission(RoleID,ResourceID,Permission) VALUES('Super Admin','047','C');
INSERT INTO RoleResourcePermission(RoleID,ResourceID,Permission) VALUES('Super Admin','047','R');
INSERT INTO RoleResourcePermission(RoleID,ResourceID,Permission) VALUES('Super Admin','047','W');
INSERT INTO RoleResourcePermission(RoleID,ResourceID,Permission) VALUES('Super Admin','047','D');
INSERT INTO RoleResourcePermission(RoleID,ResourceID,Permission) VALUES('Super Admin','048','C');
INSERT INTO RoleResourcePermission(RoleID,ResourceID,Permission) VALUES('Super Admin','048','R');
INSERT INTO RoleResourcePermission(RoleID,ResourceID,Permission) VALUES('Super Admin','048','W');
INSERT INTO RoleResourcePermission(RoleID,ResourceID,Permission) VALUES('Super Admin','048','D');
INSERT INTO RoleResourcePermission(RoleID,ResourceID,Permission) VALUES('Super Admin','049','C');
INSERT INTO RoleResourcePermission(RoleID,ResourceID,Permission) VALUES('Super Admin','049','R');
INSERT INTO RoleResourcePermission(RoleID,ResourceID,Permission) VALUES('Super Admin','049','W');
INSERT INTO RoleResourcePermission(RoleID,ResourceID,Permission) VALUES('Super Admin','049','D');
INSERT INTO RoleResourcePermission(RoleID,ResourceID,Permission) VALUES('Super Admin','050','C');
INSERT INTO RoleResourcePermission(RoleID,ResourceID,Permission) VALUES('Super Admin','050','R');
INSERT INTO RoleResourcePermission(RoleID,ResourceID,Permission) VALUES('Super Admin','050','W');
INSERT INTO RoleResourcePermission(RoleID,ResourceID,Permission) VALUES('Super Admin','050','D');
INSERT INTO RoleResourcePermission(RoleID,ResourceID,Permission) VALUES('Super Admin','051','C');
INSERT INTO RoleResourcePermission(RoleID,ResourceID,Permission) VALUES('Super Admin','051','R');
INSERT INTO RoleResourcePermission(RoleID,ResourceID,Permission) VALUES('Super Admin','051','W');
INSERT INTO RoleResourcePermission(RoleID,ResourceID,Permission) VALUES('Super Admin','051','D');
INSERT INTO RoleResourcePermission(RoleID,ResourceID,Permission) VALUES('Super Admin','052','C');
INSERT INTO RoleResourcePermission(RoleID,ResourceID,Permission) VALUES('Super Admin','052','R');
INSERT INTO RoleResourcePermission(RoleID,ResourceID,Permission) VALUES('Super Admin','052','W');
INSERT INTO RoleResourcePermission(RoleID,ResourceID,Permission) VALUES('Super Admin','052','D');
INSERT INTO RoleResourcePermission(RoleID,ResourceID,Permission) VALUES('Super Admin','053','C');
INSERT INTO RoleResourcePermission(RoleID,ResourceID,Permission) VALUES('Super Admin','053','R');
INSERT INTO RoleResourcePermission(RoleID,ResourceID,Permission) VALUES('Super Admin','053','W');
INSERT INTO RoleResourcePermission(RoleID,ResourceID,Permission) VALUES('Super Admin','053','D');
INSERT INTO RoleResourcePermission(RoleID,ResourceID,Permission) VALUES('Super Admin','054','C');
INSERT INTO RoleResourcePermission(RoleID,ResourceID,Permission) VALUES('Super Admin','054','R');
INSERT INTO RoleResourcePermission(RoleID,ResourceID,Permission) VALUES('Super Admin','054','W');
INSERT INTO RoleResourcePermission(RoleID,ResourceID,Permission) VALUES('Super Admin','054','D');
INSERT INTO RoleResourcePermission(RoleID,ResourceID,Permission) VALUES('Super Admin','055','C');
INSERT INTO RoleResourcePermission(RoleID,ResourceID,Permission) VALUES('Super Admin','055','R');
INSERT INTO RoleResourcePermission(RoleID,ResourceID,Permission) VALUES('Super Admin','055','W');
INSERT INTO RoleResourcePermission(RoleID,ResourceID,Permission) VALUES('Super Admin','055','D');

INSERT INTO AttributeMaster(ResourceID,AttributeID,AttributeName,AttributeType) VALUES('001','101','Country','String');
INSERT INTO AttributeMaster(ResourceID,AttributeID,AttributeName,AttributeType) VALUES('001','102','Currency','String');

INSERT INTO RoleAttributeAssociation(RoleAttributeAssociation_PK,RoleID,AttributeID,AttributeValue,Operator) VALUES('20','Super Admin','101','USD,EUR','IN');
INSERT INTO RoleAttributeAssociation(RoleAttributeAssociation_PK,RoleID,AttributeID,AttributeValue,Operator) VALUES('21','Super Admin','102','WIRES','==');


COMMIT;
