-- New RESOURCEMASTER for BPS UI
INSERT INTO RESOURCEMASTER (RESOURCEID, RESOURCENAME, RESOURCEGROUPNAME) VALUES('103', 'Dash Board', 'BPS UI');
INSERT INTO RESOURCEMASTER (RESOURCEID, RESOURCENAME, RESOURCEGROUPNAME) VALUES('104', 'Transaction Search', 'BPS UI');

-- New MENURESOURCEASSOCIATION for BPS UI Dashboard
INSERT INTO MENURESOURCEASSOCIATION (RESOURCEID, MENUID, MENUNAME, TABLENAME, LINK, PARENTMENU, PARENTLINK) VALUES('103', '103', 'Dash Board', NULL, 'dashboard', 'BPS UI', 'app');
INSERT INTO MENURESOURCEASSOCIATION (RESOURCEID, MENUID, MENUNAME, TABLENAME, LINK, PARENTMENU, PARENTLINK) VALUES('104', '104', 'Transaction Search', NULL, 'transactionsearch', 'BPS UI', 'app');

-- New ROLERESOURCEPERMISSION for BPS UI as Read permission
INSERT INTO ROLERESOURCEPERMISSION (ROLEID, RESOURCEID, PERMISSION) VALUES('VocalinkOperator', '103', 'R');
INSERT INTO ROLERESOURCEPERMISSION (ROLEID, RESOURCEID, PERMISSION) VALUES('Super Admin', '103', 'R');
INSERT INTO ROLERESOURCEPERMISSION (ROLEID, RESOURCEID, PERMISSION) VALUES('ClientOperator', '103', 'R');
INSERT INTO ROLERESOURCEPERMISSION (ROLEID, RESOURCEID, PERMISSION) VALUES('VocalinkOperator', '104', 'R');
INSERT INTO ROLERESOURCEPERMISSION (ROLEID, RESOURCEID, PERMISSION) VALUES('Super Admin', '104', 'R');
INSERT INTO ROLERESOURCEPERMISSION (ROLEID, RESOURCEID, PERMISSION) VALUES('ClientOperator', '104', 'R');

-- New RESTRESOURCES for BPS UI Dashboard uri and as Read permission
INSERT INTO RESTRESOURCES (RESTRESOURCES_PK, "METHOD", APPLICATION, "PATH", RESOURCEID, OPERATION, DESCRIPTION) VALUES(sys_guid(), 'GET', 'VolPayHub', '/v2/bpsui/schedule', '103', 'R', 'API for Getting schedule in dash board details of bps ui');
INSERT INTO RESTRESOURCES (RESTRESOURCES_PK, "METHOD", APPLICATION, "PATH", RESOURCEID, OPERATION, DESCRIPTION) VALUES(sys_guid(), 'GET', 'VolPayHub', '/v2/bpsui/session', '103', 'R', 'API for Getting session in dash board details of bps ui');
INSERT INTO RESTRESOURCES (RESTRESOURCES_PK, "METHOD", APPLICATION, "PATH", RESOURCEID, OPERATION, DESCRIPTION) VALUES(sys_guid(), 'POST', 'VolPayHub', '/v2/bpsui/dash/bulk', '103', 'R', 'API for Getting bulk in dash board details of bps ui');
INSERT INTO RESTRESOURCES (RESTRESOURCES_PK, "METHOD", APPLICATION, "PATH", RESOURCEID, OPERATION, DESCRIPTION) VALUES(sys_guid(), 'POST', 'VolPayHub', '/v2/bpsui/dash/cheque', '103', 'R', 'API for Getting cheque in dash board details of bps ui');
INSERT INTO RESTRESOURCES (RESTRESOURCES_PK, "METHOD", APPLICATION, "PATH", RESOURCEID, OPERATION, DESCRIPTION) VALUES(sys_guid(), 'POST', 'VolPayHub', '/v2/bpsui/dash/details/{scheduleNm}', '103', 'R', 'API for Getting bank details in dash board details of bps ui');
INSERT INTO RESTRESOURCES (RESTRESOURCES_PK, "METHOD", APPLICATION, "PATH", RESOURCEID, OPERATION, DESCRIPTION) VALUES(sys_guid(), 'POST', 'VolPayHub', '/v2/bpsui/transactionsearch', '104', 'R', 'API for Getting Transaction Search details of bps ui');

-- New Table USERPARTYASSOCIATION for associating VolPay User's and its corresponding Parties
CREATE TABLE USERPARTYASSOCIATION (USERID VARCHAR2(100) NOT NULL, PARTYID VARCHAR2(100), PRIMARY KEY (USERID));
-- Dummy Data values to be deleted after testing
INSERT INTO USERPARTYASSOCIATION (USERID, PARTYID) VALUES('vocalink', NULL);
INSERT INTO USERPARTYASSOCIATION (USERID, PARTYID) VALUES('user1', '00010001');
INSERT INTO USERPARTYASSOCIATION (USERID, PARTYID) VALUES('user2', '00020002');
INSERT INTO USERPARTYASSOCIATION (USERID, PARTYID) VALUES('user3', '00070007');

COMMIT;