INSERT INTO WORKFLOWMASTER(WORKFLOWMASTER_PK,WORKFLOWCODE,WORKFLOWNAME) VALUES('1','PAYMENT','WORK FLOW FOR PAYMENT PROCESSING');
INSERT INTO WORKFLOWMASTER(WORKFLOWMASTER_PK,WORKFLOWCODE,WORKFLOWNAME) VALUES('2','INSTRUCTION','WORK FLOW FOR INSTRUCTION PROCESSING');

INSERT INTO BUSINESSPROCESSMASTER(BUSINESSPROCESSMASTER_PK,PROCESSCODE,PROCESSNAME) VALUES('1','VOLPAY-DEFAULT','DEFAULT CONFIGURATION'); 

INSERT INTO ENTITYKEYLIST (ENTITYKEYLIST_PK,TABLENAME,UNIQUEKEYS) VALUES ('641','USERPROFILEDATA','UserID');

INSERT INTO ENTITYRESOURCELIST VALUES('1','accounts','Account');

INSERT INTO RULEVARIABLE VALUES ('313','pcd.DebitParty.Name','Action','String','Name');
INSERT INTO RULEVARIABLE VALUES ('314','pcd.DebitParty.Address','Action','String','Address');
INSERT INTO RULEVARIABLE VALUES ('315','pcd.DebitParty.EmailID','Action','String','EmailID');
INSERT INTO RULEVARIABLE VALUES ('316','pcd.DebitParty.PhoneNumber','Action','String','PhoneNumber');
INSERT INTO RULEVARIABLE VALUES ('317','pcd.DebitParty.PartyID','Action','String','PartyID');
INSERT INTO RULEVARIABLE VALUES ('318','pcd.DebitParty.BIC','Action','String','BIC');
INSERT INTO RULEVARIABLE VALUES ('319','pcd.DebitParty.ClearingSchemeID','Action','String','ClearingSchemeID');
INSERT INTO RULEVARIABLE VALUES ('320','pcd.DebitParty.SchemeCode','Action','String','SchemeCode');
INSERT INTO RULEVARIABLE VALUES ('321','pcd.DebitParty.Account','Action','String','Account');
INSERT INTO RULEVARIABLE VALUES ('322','pcd.DebitParty.AccountType','Action','String','AccountType');
INSERT INTO RULEVARIABLE VALUES ('323','pcd.CreditParty.Name','Action','String','Name');
INSERT INTO RULEVARIABLE VALUES ('324','pcd.CreditParty.Address','Action','String','Address');
INSERT INTO RULEVARIABLE VALUES ('325','pcd.CreditParty.EmailID','Action','String','EmailID');
INSERT INTO RULEVARIABLE VALUES ('326','pcd.CreditParty.PhoneNumber','Action','String','PhoneNumber');
INSERT INTO RULEVARIABLE VALUES ('327','pcd.CreditParty.PartyID','Action','String','PartyID');
INSERT INTO RULEVARIABLE VALUES ('328','pcd.CreditParty.BIC','Action','String','BIC');
INSERT INTO RULEVARIABLE VALUES ('329','pcd.CreditParty.ClearingSchemeID','Action','String','ClearingSchemeID');
INSERT INTO RULEVARIABLE VALUES ('330','pcd.CreditParty.SchemeCode','Action','String','SchemeCode');
INSERT INTO RULEVARIABLE VALUES ('331','pcd.CreditParty.Account','Action','String','Account');
INSERT INTO RULEVARIABLE VALUES ('332','pcd.CreditParty.AccountType','Action','String','AccountType');
INSERT INTO RULEVARIABLE VALUES ('333','DebitParty.Name','General','String','Name');
INSERT INTO RULEVARIABLE VALUES ('334','DebitParty.Address','General','String','Address');
INSERT INTO RULEVARIABLE VALUES ('335','DebitParty.EmailID','General','String','EmailID');
INSERT INTO RULEVARIABLE VALUES ('336','DebitParty.PhoneNumber','General','String','PhoneNumber');
INSERT INTO RULEVARIABLE VALUES ('337','DebitParty.PartyID','General','String','PartyID');
INSERT INTO RULEVARIABLE VALUES ('338','DebitParty.BIC','General','String','BIC');
INSERT INTO RULEVARIABLE VALUES ('339','DebitParty.ClearingSchemeID','General','String','ClearingSchemeID');
INSERT INTO RULEVARIABLE VALUES ('340','DebitParty.SchemeCode','General','String','SchemeCode');
INSERT INTO RULEVARIABLE VALUES ('341','DebitParty.Account','General','String','Account');
INSERT INTO RULEVARIABLE VALUES ('342','DebitParty.AccountType','General','String','AccountType');
INSERT INTO RULEVARIABLE VALUES ('343','CreditParty.Name','General','String','Name');
INSERT INTO RULEVARIABLE VALUES ('344','CreditParty.Address','General','String','Address');
INSERT INTO RULEVARIABLE VALUES ('345','CreditParty.EmailID','General','String','EmailID');
INSERT INTO RULEVARIABLE VALUES ('346','CreditParty.PhoneNumber','General','String','PhoneNumber');
INSERT INTO RULEVARIABLE VALUES ('347','CreditParty.PartyID','General','String','PartyID');
INSERT INTO RULEVARIABLE VALUES ('348','CreditParty.BIC','General','String','BIC');
INSERT INTO RULEVARIABLE VALUES ('349','CreditParty.ClearingSchemeID','General','String','ClearingSchemeID');
INSERT INTO RULEVARIABLE VALUES ('350','CreditParty.SchemeCode','General','String','SchemeCode');
INSERT INTO RULEVARIABLE VALUES ('351','CreditParty.Account','General','String','Account');
INSERT INTO RULEVARIABLE VALUES ('352','CreditParty.AccountType','General','String','AccountType');

INSERT INTO RULEDEFINITION VALUES ('318','pcd.DebitParty.Name','Predefined','pcd.DebitParty.name');
INSERT INTO RULEDEFINITION VALUES ('319','pcd.DebitParty.Address','Predefined','pcd.DebitParty.address');
INSERT INTO RULEDEFINITION VALUES ('320','pcd.DebitParty.EmailID','Predefined','pcd.DebitParty.emailID');
INSERT INTO RULEDEFINITION VALUES ('321','pcd.DebitParty.PhoneNumber','Predefined','pcd.DebitParty.phoneNumber');
INSERT INTO RULEDEFINITION VALUES ('322','pcd.DebitParty.PartyID','Predefined','pcd.DebitParty.partyID');
INSERT INTO RULEDEFINITION VALUES ('323','pcd.DebitParty.BIC','Predefined','pcd.DebitParty.bIC');
INSERT INTO RULEDEFINITION VALUES ('324','pcd.DebitParty.ClearingSchemeID','Predefined','pcd.DebitParty.clearingSchemeID');
INSERT INTO RULEDEFINITION VALUES ('325','pcd.DebitParty.SchemeCode','Predefined','pcd.DebitParty.schemeCode');
INSERT INTO RULEDEFINITION VALUES ('326','pcd.DebitParty.Account','Predefined','pcd.DebitParty.account');
INSERT INTO RULEDEFINITION VALUES ('327','pcd.DebitParty.AccountType','Predefined','pcd.DebitParty.accountType');
INSERT INTO RULEDEFINITION VALUES ('328','DebitParty.Name','Predefined','pcd.DebitParty.name');
INSERT INTO RULEDEFINITION VALUES ('329','DebitParty.Address','Predefined','pcd.DebitParty.address');
INSERT INTO RULEDEFINITION VALUES ('330','DebitParty.EmailID','Predefined','pcd.DebitParty.emailID');
INSERT INTO RULEDEFINITION VALUES ('331','DebitParty.PhoneNumber','Predefined','pcd.DebitParty.phoneNumber');
INSERT INTO RULEDEFINITION VALUES ('332','DebitParty.PartyID','Predefined','pcd.DebitParty.partyID');
INSERT INTO RULEDEFINITION VALUES ('333','DebitParty.BIC','Predefined','pcd.DebitParty.bIC');
INSERT INTO RULEDEFINITION VALUES ('334','DebitParty.ClearingSchemeID','Predefined','pcd.DebitParty.clearingSchemeID');
INSERT INTO RULEDEFINITION VALUES ('335','DebitParty.SchemeCode','Predefined','pcd.DebitParty.schemeCode');
INSERT INTO RULEDEFINITION VALUES ('336','DebitParty.Account','Predefined','pcd.DebitParty.account');
INSERT INTO RULEDEFINITION VALUES ('337','DebitParty.AccountType','Predefined','pcd.DebitParty.accountType');
INSERT INTO RULEDEFINITION VALUES ('338','CreditParty.Name','Predefined','pcd.CreditParty.name');
INSERT INTO RULEDEFINITION VALUES ('339','CreditParty.Address','Predefined','pcd.CreditParty.address');
INSERT INTO RULEDEFINITION VALUES ('340','CreditParty.EmailID','Predefined','pcd.CreditParty.emailID');
INSERT INTO RULEDEFINITION VALUES ('341','CreditParty.PhoneNumber','Predefined','pcd.CreditParty.phoneNumber');
INSERT INTO RULEDEFINITION VALUES ('342','CreditParty.PartyID','Predefined','pcd.CreditParty.partyID');
INSERT INTO RULEDEFINITION VALUES ('343','CreditParty.BIC','Predefined','pcd.CreditParty.bIC');
INSERT INTO RULEDEFINITION VALUES ('344','CreditParty.ClearingSchemeID','Predefined','pcd.CreditParty.clearingSchemeID');
INSERT INTO RULEDEFINITION VALUES ('345','CreditParty.SchemeCode','Predefined','pcd.CreditParty.schemeCode');
INSERT INTO RULEDEFINITION VALUES ('346','CreditParty.Account','Predefined','pcd.CreditParty.account');
INSERT INTO RULEDEFINITION VALUES ('347','CreditParty.AccountType','Predefined','pcd.CreditParty.accountType');
INSERT INTO RULEDEFINITION VALUES ('348','pcd.CreditParty.Name','Predefined','pcd.CreditParty.name');
INSERT INTO RULEDEFINITION VALUES ('349','pcd.CreditParty.Address','Predefined','pcd.CreditParty.address');
INSERT INTO RULEDEFINITION VALUES ('350','pcd.CreditParty.EmailID','Predefined','pcd.CreditParty.emailID');
INSERT INTO RULEDEFINITION VALUES ('351','pcd.CreditParty.PhoneNumber','Predefined','pcd.CreditParty.phoneNumber');
INSERT INTO RULEDEFINITION VALUES ('352','pcd.CreditParty.PartyID','Predefined','pcd.CreditParty.partyID');
INSERT INTO RULEDEFINITION VALUES ('353','pcd.CreditParty.BIC','Predefined','pcd.CreditParty.bIC');
INSERT INTO RULEDEFINITION VALUES ('354','pcd.CreditParty.ClearingSchemeID','Predefined','pcd.CreditParty.clearingSchemeID');
INSERT INTO RULEDEFINITION VALUES ('355','pcd.CreditParty.SchemeCode','Predefined','pcd.CreditParty.schemeCode');
INSERT INTO RULEDEFINITION VALUES ('356','pcd.CreditParty.Account','Predefined','pcd.CreditParty.account');
INSERT INTO RULEDEFINITION VALUES ('357','pcd.CreditParty.AccountType','Predefined','pcd.CreditParty.accountType');
 
-- RESOURCEMASTER
UPDATE RESOURCEMASTER SET RESOURCEGROUPNAME='Business Process' WHERE RESOURCENAME='Business Function';
UPDATE RESOURCEMASTER SET RESOURCEGROUPNAME='Business Process' WHERE RESOURCENAME='Business Process';
UPDATE RESOURCEMASTER SET RESOURCENAME='Demo',RESOURCEGROUPNAME='Utility' WHERE RESOURCEID='004';
-- RESTRESOURCES
UPDATE RESTRESOURCES set ResourceID='002' where Path='/v2/instructions/summary/read' and RestResources_PK='0018';
UPDATE RESTRESOURCES set ResourceID='003' where Path='/v2/payments/summary/read' and RestResources_PK='0025';
UPDATE RESTRESOURCES set Path='/v2/users/me',Method='GET' where RestResources_PK='0003';

INSERT INTO MENURESOURCEASSOCIATION(RESOURCEID,MENUID,MENUNAME) VALUES ('001','001','User Management');
INSERT INTO MENURESOURCEASSOCIATION(RESOURCEID,MENUID,MENUNAME) VALUES ('002','002','File List');
INSERT INTO MENURESOURCEASSOCIATION(RESOURCEID,MENUID,MENUNAME) VALUES ('003','003','All Payments');
INSERT INTO MENURESOURCEASSOCIATION(RESOURCEID,MENUID,MENUNAME) VALUES ('003','004','Dashboard - Payments');
INSERT INTO MENURESOURCEASSOCIATION(RESOURCEID,MENUID,MENUNAME) VALUES ('005','005','Alerts & Notifications');
INSERT INTO MENURESOURCEASSOCIATION(RESOURCEID,MENUID,MENUNAME) VALUES ('006','006','Rule Builder');
INSERT INTO MENURESOURCEASSOCIATION(RESOURCEID,MENUID,MENUNAME) VALUES ('007','007','Utility');
INSERT INTO MENURESOURCEASSOCIATION(RESOURCEID,MENUID,MENUNAME) VALUES ('008','008','Customer');
INSERT INTO MENURESOURCEASSOCIATION(RESOURCEID,MENUID,MENUNAME) VALUES ('009','009','Service Configuration');
INSERT INTO MENURESOURCEASSOCIATION(RESOURCEID,MENUID,MENUNAME) VALUES ('010','010','Application Config');
INSERT INTO MENURESOURCEASSOCIATION(RESOURCEID,MENUID,MENUNAME) VALUES ('011','011','Roles & Permissions');
INSERT INTO MENURESOURCEASSOCIATION(RESOURCEID,MENUID,MENUNAME) VALUES ('012','012','Standard Reference Data');
INSERT INTO MENURESOURCEASSOCIATION(RESOURCEID,MENUID,MENUNAME) VALUES ('013','013','Branch');
INSERT INTO MENURESOURCEASSOCIATION(RESOURCEID,MENUID,MENUNAME) VALUES ('014','014','Method Of Payment');
INSERT INTO MENURESOURCEASSOCIATION(RESOURCEID,MENUID,MENUNAME) VALUES ('015','015','Bilateral Account');
INSERT INTO MENURESOURCEASSOCIATION(RESOURCEID,MENUID,MENUNAME) VALUES ('016','016','Currency Correspondent');
INSERT INTO MENURESOURCEASSOCIATION(RESOURCEID,MENUID,MENUNAME) VALUES ('017','017','Business Rules');
INSERT INTO MENURESOURCEASSOCIATION(RESOURCEID,MENUID,MENUNAME) VALUES ('018','018','FX Rates');
INSERT INTO MENURESOURCEASSOCIATION(RESOURCEID,MENUID,MENUNAME) VALUES ('019','019','Office');
INSERT INTO MENURESOURCEASSOCIATION(RESOURCEID,MENUID,MENUNAME) VALUES ('020','020','Task Details');
INSERT INTO MENURESOURCEASSOCIATION(RESOURCEID,MENUID,MENUNAME) VALUES ('021','021','Resource');
INSERT INTO MENURESOURCEASSOCIATION(RESOURCEID,MENUID,MENUNAME) VALUES ('022','022','Party');
INSERT INTO MENURESOURCEASSOCIATION(RESOURCEID,MENUID,MENUNAME) VALUES ('023','023','Party Service Association');
--INSERT INTO MENURESOURCEASSOCIATION(RESOURCEID,MENUID,MENUNAME) VALUES ('022','023','Party Service Association');
--INSERT INTO MENURESOURCEASSOCIATION(RESOURCEID,MENUID,MENUNAME) VALUES ('026','023','Party Service Association');
INSERT INTO MENURESOURCEASSOCIATION(RESOURCEID,MENUID,MENUNAME) VALUES ('024','024','Transport');
INSERT INTO MENURESOURCEASSOCIATION(RESOURCEID,MENUID,MENUNAME) VALUES ('025','025','Message Format');
INSERT INTO MENURESOURCEASSOCIATION(RESOURCEID,MENUID,MENUNAME) VALUES ('026','026','Service');
INSERT INTO MENURESOURCEASSOCIATION(RESOURCEID,MENUID,MENUNAME) VALUES ('027','027','Service Group');
INSERT INTO MENURESOURCEASSOCIATION(RESOURCEID,MENUID,MENUNAME) VALUES ('028','028','Account');
INSERT INTO MENURESOURCEASSOCIATION(RESOURCEID,MENUID,MENUNAME) VALUES ('029','029','Product');
INSERT INTO MENURESOURCEASSOCIATION(RESOURCEID,MENUID,MENUNAME) VALUES ('030','030','Routing Agent');
INSERT INTO MENURESOURCEASSOCIATION(RESOURCEID,MENUID,MENUNAME) VALUES ('031','031','Calendar');
INSERT INTO MENURESOURCEASSOCIATION(RESOURCEID,MENUID,MENUNAME) VALUES ('032','032','Country');
INSERT INTO MENURESOURCEASSOCIATION(RESOURCEID,MENUID,MENUNAME) VALUES ('033','033','Currency');
INSERT INTO MENURESOURCEASSOCIATION(RESOURCEID,MENUID,MENUNAME) VALUES ('034','034','Country Correspondent');
INSERT INTO MENURESOURCEASSOCIATION(RESOURCEID,MENUID,MENUNAME) VALUES ('035','035','CutOff');
INSERT INTO MENURESOURCEASSOCIATION(RESOURCEID,MENUID,MENUNAME) VALUES ('036','036','Membership');
INSERT INTO MENURESOURCEASSOCIATION(RESOURCEID,MENUID,MENUNAME) VALUES ('037','037','Department');
INSERT INTO MENURESOURCEASSOCIATION(RESOURCEID,MENUID,MENUNAME) VALUES ('038','038','Region');
INSERT INTO MENURESOURCEASSOCIATION(RESOURCEID,MENUID,MENUNAME) VALUES ('039','039','MOP Priority');
INSERT INTO MENURESOURCEASSOCIATION(RESOURCEID,MENUID,MENUNAME) VALUES ('040','040','Acknowledgement Details');
INSERT INTO MENURESOURCEASSOCIATION(RESOURCEID,MENUID,MENUNAME) VALUES ('041','041','Approvals');
INSERT INTO MENURESOURCEASSOCIATION(RESOURCEID,MENUID,MENUNAME) VALUES ('042','042','Entitlement');
INSERT INTO MENURESOURCEASSOCIATION(RESOURCEID,MENUID,MENUNAME) VALUES ('043','043','My Profile');
INSERT INTO MENURESOURCEASSOCIATION(RESOURCEID,MENUID,MENUNAME) VALUES ('002','044','File Upload');
INSERT INTO MENURESOURCEASSOCIATION(RESOURCEID,MENUID,MENUNAME) VALUES ('045','045','Version Info');
INSERT INTO MENURESOURCEASSOCIATION(RESOURCEID,MENUID,MENUNAME) VALUES ('046','046','Report');
INSERT INTO MENURESOURCEASSOCIATION(RESOURCEID,MENUID,MENUNAME) VALUES ('047','047','Reports Log');
INSERT INTO MENURESOURCEASSOCIATION(RESOURCEID,MENUID,MENUNAME) VALUES ('048','048','Reports');
INSERT INTO MENURESOURCEASSOCIATION(RESOURCEID,MENUID,MENUNAME) VALUES ('049','049','Report Params');
INSERT INTO MENURESOURCEASSOCIATION(RESOURCEID,MENUID,MENUNAME) VALUES ('050','050','Report Templates');
INSERT INTO MENURESOURCEASSOCIATION(RESOURCEID,MENUID,MENUNAME) VALUES ('002','051','Dashboard - File');
INSERT INTO MENURESOURCEASSOCIATION(RESOURCEID,MENUID,MENUNAME) VALUES ('052','052','Initiate Transaction');
INSERT INTO MENURESOURCEASSOCIATION(RESOURCEID,MENUID,MENUNAME) VALUES ('053','053','Business Function');
INSERT INTO MENURESOURCEASSOCIATION(RESOURCEID,MENUID,MENUNAME) VALUES ('054','054','Business Process');
INSERT INTO MENURESOURCEASSOCIATION(RESOURCEID,MENUID,MENUNAME) VALUES ('055','055','VolPay ID Configuration');
INSERT INTO MENURESOURCEASSOCIATION(RESOURCEID,MENUID,MENUNAME) VALUES ('056','056','Business Function Master');
INSERT INTO MENURESOURCEASSOCIATION(RESOURCEID,MENUID,MENUNAME) VALUES ('057','057','Business Process Master');
INSERT INTO MENURESOURCEASSOCIATION(RESOURCEID,MENUID,MENUNAME) VALUES ('058','058','TaskMaster');
INSERT INTO MENURESOURCEASSOCIATION(RESOURCEID,MENUID,MENUNAME) VALUES ('059','059','Work Flow Master');
-- RESOURCEMASTER
INSERT INTO RESOURCEMASTER(RESOURCEID,RESOURCENAME,RESOURCEGROUPNAME) VALUES ('056','Business Function Master','Business Process');
INSERT INTO RESOURCEMASTER(RESOURCEID,RESOURCENAME,RESOURCEGROUPNAME) VALUES ('057','Business Process Master','Business Process');
INSERT INTO RESOURCEMASTER(RESOURCEID,RESOURCENAME,RESOURCEGROUPNAME) VALUES ('058','Task Master','Business Process');
INSERT INTO RESOURCEMASTER(RESOURCEID,RESOURCENAME,RESOURCEGROUPNAME) VALUES ('059','Work Flow Master','Business Process');
-- RESTRESOURCES
INSERT INTO RESTRESOURCES(RESTRESOURCES_PK,METHOD,APPLICATION,PATH,RESOURCEID,OPERATION) VALUES ('0261','POST','VolPayHub','/v2/instructions/currencies/readall','002','R');
INSERT INTO RESTRESOURCES(RESTRESOURCES_PK,METHOD,APPLICATION,PATH,RESOURCEID,OPERATION) VALUES ('0262','GET','VolPayHub','/v2/businessprocessmasters/metainfo','007','R');
INSERT INTO RESTRESOURCES(RESTRESOURCES_PK,METHOD,APPLICATION,PATH,RESOURCEID,OPERATION) VALUES ('0263','GET','VolPayHub','/v2/taskmasters/metainfo','007','R');
INSERT INTO RESTRESOURCES(RESTRESOURCES_PK,METHOD,APPLICATION,PATH,RESOURCEID,OPERATION) VALUES ('0264','GET','VolPayHub','/v2/workflowmasters/metainfo','007','R');
INSERT INTO RESTRESOURCES(RESTRESOURCES_PK,METHOD,APPLICATION,PATH,RESOURCEID,OPERATION) VALUES ('0265','GET','VolPayHub','/v2/businessfunctionmasters/metainfo','007','R');
INSERT INTO RESTRESOURCES(RESTRESOURCES_PK,METHOD,APPLICATION,PATH,RESOURCEID,OPERATION) VALUES ('0266','GET','VolPayHub','/v2/workflowmasters/code','007','R');
INSERT INTO RESTRESOURCES(RESTRESOURCES_PK,METHOD,APPLICATION,PATH,RESOURCEID,OPERATION) VALUES ('0267','GET','VolPayHub','/v2/businessfunctionmasters/code','007','R');
INSERT INTO RESTRESOURCES(RESTRESOURCES_PK,METHOD,APPLICATION,PATH,RESOURCEID,OPERATION) VALUES ('0268','GET','VolPayHub','/v2/businessprocessmasters/code','007','R');
INSERT INTO RESTRESOURCES(RESTRESOURCES_PK,METHOD,APPLICATION,PATH,RESOURCEID,OPERATION) VALUES ('0269','GET','VolPayHub','/v2/taskmasters/code','007','R');
INSERT INTO RESTRESOURCES(RESTRESOURCES_PK,METHOD,APPLICATION,PATH,RESOURCEID,OPERATION) VALUES ('0270','POST','VolPayHub','/v2/businessfunctionmasters/readall','056','R');
INSERT INTO RESTRESOURCES(RESTRESOURCES_PK,METHOD,APPLICATION,PATH,RESOURCEID,OPERATION) VALUES ('0271','POST','VolPayHub','/v2/businessfunctionmasters','056','C');
INSERT INTO RESTRESOURCES(RESTRESOURCES_PK,METHOD,APPLICATION,PATH,RESOURCEID,OPERATION) VALUES ('0272','PUT','VolPayHub','/v2/businessfunctionmasters','056','W');
INSERT INTO RESTRESOURCES(RESTRESOURCES_PK,METHOD,APPLICATION,PATH,RESOURCEID,OPERATION) VALUES ('0273','POST','VolPayHub','/v2/businessfunctionmasters/delete','056','D');
INSERT INTO RESTRESOURCES(RESTRESOURCES_PK,METHOD,APPLICATION,PATH,RESOURCEID,OPERATION) VALUES ('0274','POST','VolPayHub','/v2/businessfunctionmasters/read','056','R');
INSERT INTO RESTRESOURCES(RESTRESOURCES_PK,METHOD,APPLICATION,PATH,RESOURCEID,OPERATION) VALUES ('0275','POST','VolPayHub','/v2/businessprocessmasters/readall','057','R');
INSERT INTO RESTRESOURCES(RESTRESOURCES_PK,METHOD,APPLICATION,PATH,RESOURCEID,OPERATION) VALUES ('0276','POST','VolPayHub','/v2/businessprocessmasters','057','C');
INSERT INTO RESTRESOURCES(RESTRESOURCES_PK,METHOD,APPLICATION,PATH,RESOURCEID,OPERATION) VALUES ('0277','PUT','VolPayHub','/v2/businessprocessmasters','057','W');
INSERT INTO RESTRESOURCES(RESTRESOURCES_PK,METHOD,APPLICATION,PATH,RESOURCEID,OPERATION) VALUES ('0278','POST','VolPayHub','/v2/businessprocessmasters/delete','057','D');
INSERT INTO RESTRESOURCES(RESTRESOURCES_PK,METHOD,APPLICATION,PATH,RESOURCEID,OPERATION) VALUES ('0279','POST','VolPayHub','/v2/businessprocessmasters/read','057','R');
INSERT INTO RESTRESOURCES(RESTRESOURCES_PK,METHOD,APPLICATION,PATH,RESOURCEID,OPERATION) VALUES ('0280','POST','VolPayHub','/v2/taskmasters/readall','058','R');
INSERT INTO RESTRESOURCES(RESTRESOURCES_PK,METHOD,APPLICATION,PATH,RESOURCEID,OPERATION) VALUES ('0281','POST','VolPayHub','/v2/taskmasters','058','C');
INSERT INTO RESTRESOURCES(RESTRESOURCES_PK,METHOD,APPLICATION,PATH,RESOURCEID,OPERATION) VALUES ('0282','PUT','VolPayHub','/v2/taskmasters','058','W');
INSERT INTO RESTRESOURCES(RESTRESOURCES_PK,METHOD,APPLICATION,PATH,RESOURCEID,OPERATION) VALUES ('0283','POST','VolPayHub','/v2/taskmasters/delete','058','D');
INSERT INTO RESTRESOURCES(RESTRESOURCES_PK,METHOD,APPLICATION,PATH,RESOURCEID,OPERATION) VALUES ('0284','POST','VolPayHub','/v2/taskmasters/read','058','R');
INSERT INTO RESTRESOURCES(RESTRESOURCES_PK,METHOD,APPLICATION,PATH,RESOURCEID,OPERATION) VALUES ('0285','POST','VolPayHub','/v2/workflowmasters/readall','059','R');
INSERT INTO RESTRESOURCES(RESTRESOURCES_PK,METHOD,APPLICATION,PATH,RESOURCEID,OPERATION) VALUES ('0286','POST','VolPayHub','/v2/workflowmasters','059','C');
INSERT INTO RESTRESOURCES(RESTRESOURCES_PK,METHOD,APPLICATION,PATH,RESOURCEID,OPERATION) VALUES ('0287','PUT','VolPayHub','/v2/workflowmasters','059','W');
INSERT INTO RESTRESOURCES(RESTRESOURCES_PK,METHOD,APPLICATION,PATH,RESOURCEID,OPERATION) VALUES ('0288','POST','VolPayHub','/v2/workflowmasters/delete','059','D');
INSERT INTO RESTRESOURCES(RESTRESOURCES_PK,METHOD,APPLICATION,PATH,RESOURCEID,OPERATION) VALUES ('0289','POST','VolPayHub','/v2/workflowmasters/read','059','R');
INSERT INTO RESTRESOURCES(RESTRESOURCES_PK,METHOD,APPLICATION,PATH,RESOURCEID,OPERATION) VALUES ('0290','POST','VolPayHub','/v2/instructions/notes','002','R');
INSERT INTO RESTRESOURCES(RESTRESOURCES_PK,METHOD,APPLICATION,PATH,RESOURCEID,OPERATION) VALUES ('0291','POST','VolPayHub','/v2/payments/notes','003','R');
INSERT INTO RESTRESOURCES(RESTRESOURCES_PK,METHOD,APPLICATION,PATH,RESOURCEID,OPERATION) VALUES ('0292','POST','VolPayHub','/v2/roles/attributes','042','R');
INSERT INTO RESTRESOURCES(RESTRESOURCES_PK,METHOD,APPLICATION,PATH,RESOURCEID,OPERATION) VALUES ('0293','POST','VolPayHub','/v2/payments/initiation/{psaCode}','003','R');

-- ROLERESOURCEPERMISSION 
INSERT INTO ROLERESOURCEPERMISSION(ROLEID,RESOURCEID,PERMISSION) VALUES ('Super Admin','056','C');
INSERT INTO ROLERESOURCEPERMISSION(ROLEID,RESOURCEID,PERMISSION) VALUES ('Super Admin','056','R');
INSERT INTO ROLERESOURCEPERMISSION(ROLEID,RESOURCEID,PERMISSION) VALUES ('Super Admin','056','W');
INSERT INTO ROLERESOURCEPERMISSION(ROLEID,RESOURCEID,PERMISSION) VALUES ('Super Admin','056','D');
INSERT INTO ROLERESOURCEPERMISSION(ROLEID,RESOURCEID,PERMISSION) VALUES ('Super Admin','057','C');
INSERT INTO ROLERESOURCEPERMISSION(ROLEID,RESOURCEID,PERMISSION) VALUES ('Super Admin','057','R');
INSERT INTO ROLERESOURCEPERMISSION(ROLEID,RESOURCEID,PERMISSION) VALUES ('Super Admin','057','W');
INSERT INTO ROLERESOURCEPERMISSION(ROLEID,RESOURCEID,PERMISSION) VALUES ('Super Admin','057','D');
INSERT INTO ROLERESOURCEPERMISSION(ROLEID,RESOURCEID,PERMISSION) VALUES ('Super Admin','058','C');
INSERT INTO ROLERESOURCEPERMISSION(ROLEID,RESOURCEID,PERMISSION) VALUES ('Super Admin','058','R');
INSERT INTO ROLERESOURCEPERMISSION(ROLEID,RESOURCEID,PERMISSION) VALUES ('Super Admin','058','W');
INSERT INTO ROLERESOURCEPERMISSION(ROLEID,RESOURCEID,PERMISSION) VALUES ('Super Admin','058','D');
INSERT INTO ROLERESOURCEPERMISSION(ROLEID,RESOURCEID,PERMISSION) VALUES ('Super Admin','059','C');
INSERT INTO ROLERESOURCEPERMISSION(ROLEID,RESOURCEID,PERMISSION) VALUES ('Super Admin','059','R');
INSERT INTO ROLERESOURCEPERMISSION(ROLEID,RESOURCEID,PERMISSION) VALUES ('Super Admin','059','W');
INSERT INTO ROLERESOURCEPERMISSION(ROLEID,RESOURCEID,PERMISSION) VALUES ('Super Admin','059','D'); 

DELETE FROM ATTRIBUTEMASTER;
DELETE FROM ROLEATTRIBUTEASSOCIATION;
DELETE FROM RESOURCEMASTER WHERE RESOURCEID in ('044','045','051');

-- INTERFACE
INSERT INTO INTERFACE (INTERFACEID,INVOCATIONPOINTIDENTIFIER,DOMAINOUT,DOMAININ,ISBULK,ISSYNCHRONOUS,DOMAINOUTTRANSFORMFLOW,DOMAININTRANSFORMFLOW,TIMEOUT,ISIDEMPOTENT,RETRYCOUNT,STATE,DEFAULTDOMAININ) VALUES ('OFAC_INTERFACE1','OFAC','OFACCheckRequest','OFACCheckResponse',0,0,'OFACRequestTransformFlow','OFACResponseTransformFlow',10,1,3,'ACTIVE',NULL);
INSERT INTO INTERFACE (INTERFACEID,INVOCATIONPOINTIDENTIFIER,DOMAINOUT,DOMAININ,ISBULK,ISSYNCHRONOUS,DOMAINOUTTRANSFORMFLOW,DOMAININTRANSFORMFLOW,TIMEOUT,ISIDEMPOTENT,RETRYCOUNT,STATE,DEFAULTDOMAININ) VALUES ('FUNDSCONTROL_INTERFACE1','FUNDSCONTROL','FundsControlRequest','FundsControlResponse',0,0,'FundsControlRequestTransformFlow','FundsControlResponseTransformFlow',10,1,3,'ACTIVE',NULL);
INSERT INTO INTERFACE (INTERFACEID,INVOCATIONPOINTIDENTIFIER,DOMAINOUT,DOMAININ,ISBULK,ISSYNCHRONOUS,DOMAINOUTTRANSFORMFLOW,DOMAININTRANSFORMFLOW,TIMEOUT,ISIDEMPOTENT,RETRYCOUNT,STATE,DEFAULTDOMAININ) VALUES ('LIQUIDITYCONTROL_INTERFACE1','LIQUIDITYCONTROL','LiquidityControlRequest','LiquidityControlResponse',0,0,'LiquidityControlRequestTransformFlow','LiquidityControlResponseTransformFlow',10,1,3,'ACTIVE',NULL);
INSERT INTO INTERFACE (INTERFACEID,INVOCATIONPOINTIDENTIFIER,DOMAINOUT,DOMAININ,ISBULK,ISSYNCHRONOUS,DOMAINOUTTRANSFORMFLOW,DOMAININTRANSFORMFLOW,TIMEOUT,ISIDEMPOTENT,RETRYCOUNT,STATE,DEFAULTDOMAININ) VALUES ('ACCOUNTPOSTING_INTERFACE1','ACCOUNTPOSTING','AccountPostingRequest','AccountPostingResponse',0,0,'AccountPostingRequestTransformFlow','AccountPostingResponseTransformFlow',10,1,3,'ACTIVE',NULL);

INSERT INTO BUSINESSFUNCTIONMASTER(BUSINESSFUNCTIONMASTER_PK,FUNCTIONCODE,WORKFLOWCODE) VALUES ('1','OFACCheck','PAYMENT');
INSERT INTO BUSINESSFUNCTIONMASTER(BUSINESSFUNCTIONMASTER_PK,FUNCTIONCODE,WORKFLOWCODE) VALUES ('2','DebitPartyDerivation','PAYMENT');
INSERT INTO BUSINESSFUNCTIONMASTER(BUSINESSFUNCTIONMASTER_PK,FUNCTIONCODE,WORKFLOWCODE) VALUES ('3','CreditPartyDerivation','PAYMENT');
INSERT INTO BUSINESSFUNCTIONMASTER(BUSINESSFUNCTIONMASTER_PK,FUNCTIONCODE,WORKFLOWCODE) VALUES ('4','ProductSelection','PAYMENT');
INSERT INTO BUSINESSFUNCTIONMASTER(BUSINESSFUNCTIONMASTER_PK,FUNCTIONCODE,WORKFLOWCODE) VALUES ('5','MOPDerivation','PAYMENT');
INSERT INTO BUSINESSFUNCTIONMASTER(BUSINESSFUNCTIONMASTER_PK,FUNCTIONCODE,WORKFLOWCODE) VALUES ('6','ExecutePaymentDuplicateCheck','PAYMENT');
INSERT INTO BUSINESSFUNCTIONMASTER(BUSINESSFUNCTIONMASTER_PK,FUNCTIONCODE,WORKFLOWCODE) VALUES ('7','Warehouse','PAYMENT');
INSERT INTO BUSINESSFUNCTIONMASTER(BUSINESSFUNCTIONMASTER_PK,FUNCTIONCODE,WORKFLOWCODE) VALUES ('8','Fx','PAYMENT');
INSERT INTO BUSINESSFUNCTIONMASTER(BUSINESSFUNCTIONMASTER_PK,FUNCTIONCODE,WORKFLOWCODE) VALUES ('9','PrepareAccountingEntries','PAYMENT');
INSERT INTO BUSINESSFUNCTIONMASTER(BUSINESSFUNCTIONMASTER_PK,FUNCTIONCODE,WORKFLOWCODE) VALUES ('10','FundsControl','PAYMENT');
INSERT INTO BUSINESSFUNCTIONMASTER(BUSINESSFUNCTIONMASTER_PK,FUNCTIONCODE,WORKFLOWCODE) VALUES ('11','LiquidityControl','PAYMENT');
INSERT INTO BUSINESSFUNCTIONMASTER(BUSINESSFUNCTIONMASTER_PK,FUNCTIONCODE,WORKFLOWCODE) VALUES ('12','AccountPosting','PAYMENT');
INSERT INTO BUSINESSFUNCTIONMASTER(BUSINESSFUNCTIONMASTER_PK,FUNCTIONCODE,WORKFLOWCODE) VALUES ('13','TransformAndTransmit','PAYMENT');
INSERT INTO BUSINESSFUNCTIONMASTER(BUSINESSFUNCTIONMASTER_PK,FUNCTIONCODE,WORKFLOWCODE) VALUES ('14','ValidateAndDebulkProcessor','INSTRUCTION');
INSERT INTO BUSINESSFUNCTIONMASTER(BUSINESSFUNCTIONMASTER_PK,FUNCTIONCODE,WORKFLOWCODE) VALUES ('15','CheckThresholds','INSTRUCTION');
INSERT INTO BUSINESSFUNCTIONMASTER(BUSINESSFUNCTIONMASTER_PK,FUNCTIONCODE,WORKFLOWCODE) VALUES ('16','SendDetailsToAckGenerator','INSTRUCTION');
INSERT INTO BUSINESSFUNCTIONMASTER(BUSINESSFUNCTIONMASTER_PK,FUNCTIONCODE,WORKFLOWCODE) VALUES ('17','GenerateFileNotification','INSTRUCTION');
INSERT INTO BUSINESSFUNCTIONMASTER(BUSINESSFUNCTIONMASTER_PK,FUNCTIONCODE,WORKFLOWCODE) VALUES ('18', 'InstructionDuplicateCheck','INSTRUCTION');
INSERT INTO BUSINESSFUNCTIONMASTER(BUSINESSFUNCTIONMASTER_PK,FUNCTIONCODE,WORKFLOWCODE) VALUES ('19','ValidateAndDebulkResponses','RESPONSE');

-- TASKMASTER
INSERT INTO TASKSMASTER(TASKSMASTER_PK,TASKCODE,TASKNAME,TECHNICALFLOWNAME,WORKFLOWCODE) VALUES ('1','OFACCheck','OFACCheck','OFACCheck','PAYMENT');
INSERT INTO TASKSMASTER(TASKSMASTER_PK,TASKCODE,TASKNAME,TECHNICALFLOWNAME,WORKFLOWCODE) VALUES ('2','DebitPartyDerivation','DebitPartyDerivation','DebitPartyDerivation','PAYMENT');
INSERT INTO TASKSMASTER(TASKSMASTER_PK,TASKCODE,TASKNAME,TECHNICALFLOWNAME,WORKFLOWCODE) VALUES ('3','CreditPartyDerivation','CreditPartyDerivation','CreditPartyDerivation','PAYMENT');
INSERT INTO TASKSMASTER(TASKSMASTER_PK,TASKCODE,TASKNAME,TECHNICALFLOWNAME,WORKFLOWCODE) VALUES ('4','ProductSelection','ProductSelection','ProductSelection','PAYMENT');
INSERT INTO TASKSMASTER(TASKSMASTER_PK,TASKCODE,TASKNAME,TECHNICALFLOWNAME,WORKFLOWCODE) VALUES ('5','MOPDerivation','MOPDerivation','MOPDerivation','PAYMENT');
INSERT INTO TASKSMASTER(TASKSMASTER_PK,TASKCODE,TASKNAME,TECHNICALFLOWNAME,WORKFLOWCODE) VALUES ('6','ExecutePaymentDuplicateCheck','ExecutePaymentDuplicateCheck','PaymentDuplicateCheck','PAYMENT');
INSERT INTO TASKSMASTER(TASKSMASTER_PK,TASKCODE,TASKNAME,TECHNICALFLOWNAME,WORKFLOWCODE) VALUES ('7','Warehouse','Warehouse','Warehouse','PAYMENT');
INSERT INTO TASKSMASTER(TASKSMASTER_PK,TASKCODE,TASKNAME,TECHNICALFLOWNAME,WORKFLOWCODE) VALUES ('8','Fx','Fx','Fx','PAYMENT');
INSERT INTO TASKSMASTER(TASKSMASTER_PK,TASKCODE,TASKNAME,TECHNICALFLOWNAME,WORKFLOWCODE) VALUES ('9','PrepareAccountingEntries','PrepareAccountingEntries','PrepareAccountingEntries','PAYMENT');
INSERT INTO TASKSMASTER(TASKSMASTER_PK,TASKCODE,TASKNAME,TECHNICALFLOWNAME,WORKFLOWCODE) VALUES ('10','FundsControl','FundsControl','FundsControl','PAYMENT');
INSERT INTO TASKSMASTER(TASKSMASTER_PK,TASKCODE,TASKNAME,TECHNICALFLOWNAME,WORKFLOWCODE) VALUES ('11','LiquidityControl','LiquidityControl','LiquidityControl','PAYMENT');
INSERT INTO TASKSMASTER(TASKSMASTER_PK,TASKCODE,TASKNAME,TECHNICALFLOWNAME,WORKFLOWCODE) VALUES ('12','AccountPosting','AccountPosting','AccountPosting','PAYMENT');
INSERT INTO TASKSMASTER(TASKSMASTER_PK,TASKCODE,TASKNAME,TECHNICALFLOWNAME,WORKFLOWCODE) VALUES ('13','TransformAndTransmit','TransformAndTransmit','TransformAndTransmit','PAYMENT');
INSERT INTO TASKSMASTER(TASKSMASTER_PK,TASKCODE,TASKNAME,TECHNICALFLOWNAME,WORKFLOWCODE) VALUES ('14','ValidateAndDebulkProcessor','ValidateAndDebulkProcessor','ValidateAndDebulkProcessor','INSTRUCTION');
INSERT INTO TASKSMASTER(TASKSMASTER_PK,TASKCODE,TASKNAME,TECHNICALFLOWNAME,WORKFLOWCODE) VALUES ('15','CheckThresholds','CheckThresholds','CheckThresholds','INSTRUCTION');
INSERT INTO TASKSMASTER(TASKSMASTER_PK,TASKCODE,TASKNAME,TECHNICALFLOWNAME,WORKFLOWCODE) VALUES ('16','SendDetailsToAckGenerator','SendDetailsToAckGenerator','SendDetailsToAckGenerator','INSTRUCTION');
INSERT INTO TASKSMASTER(TASKSMASTER_PK,TASKCODE,TASKNAME,TECHNICALFLOWNAME,WORKFLOWCODE) VALUES ('17','GenerateFileNotification','GenerateFileNotification','GenerateFileNotification','INSTRUCTION');
INSERT INTO TASKSMASTER(TASKSMASTER_PK,TASKCODE,TASKNAME,TECHNICALFLOWNAME,WORKFLOWCODE) VALUES ('18', 'InstructionDuplicateCheck', 'InstructionDuplicateCheck', 'InstructionDuplicateCheck','INSTRUCTION');
INSERT INTO TASKSMASTER(TASKSMASTER_PK,TASKCODE,TASKNAME,TECHNICALFLOWNAME,WORKFLOWCODE) VALUES ('19','ValidateAndDebulkResponses','ValidateAndDebulkResponses','ValidateAndDebulkResponses','RESPONSE');
INSERT INTO BUSINESSFUNCTIONWORKFLOW(BUSINESSFUNCTIONWORKFLOW_PK,FUNCTIONCODE,TASKCODE,ACTIVITYINDEX,STATUS,EFFECTIVEFROMDATE ) VALUES ('1','OFACCheck','OFACCheck',1,'ACTIVE',TO_DATE('2016-12-30','YYYY-MM-DD'));
INSERT INTO BUSINESSFUNCTIONWORKFLOW(BUSINESSFUNCTIONWORKFLOW_PK,FUNCTIONCODE,TASKCODE,ACTIVITYINDEX,STATUS,EFFECTIVEFROMDATE ) VALUES ('2','DebitPartyDerivation','DebitPartyDerivation',2,'ACTIVE',TO_DATE('2016-12-30','YYYY-MM-DD'));
INSERT INTO BUSINESSFUNCTIONWORKFLOW(BUSINESSFUNCTIONWORKFLOW_PK,FUNCTIONCODE,TASKCODE,ACTIVITYINDEX,STATUS,EFFECTIVEFROMDATE ) VALUES ('3','CreditPartyDerivation','CreditPartyDerivation',3,'ACTIVE',TO_DATE('2016-12-30','YYYY-MM-DD'));
INSERT INTO BUSINESSFUNCTIONWORKFLOW(BUSINESSFUNCTIONWORKFLOW_PK,FUNCTIONCODE,TASKCODE,ACTIVITYINDEX,STATUS,EFFECTIVEFROMDATE ) VALUES ('4','ProductSelection','ProductSelection',4,'ACTIVE',TO_DATE('2016-12-30','YYYY-MM-DD'));
INSERT INTO BUSINESSFUNCTIONWORKFLOW(BUSINESSFUNCTIONWORKFLOW_PK,FUNCTIONCODE,TASKCODE,ACTIVITYINDEX,STATUS,EFFECTIVEFROMDATE ) VALUES ('5','MOPDerivation','MOPDerivation',5,'ACTIVE',TO_DATE('2016-12-30','YYYY-MM-DD'));
INSERT INTO BUSINESSFUNCTIONWORKFLOW(BUSINESSFUNCTIONWORKFLOW_PK,FUNCTIONCODE,TASKCODE,ACTIVITYINDEX,STATUS,EFFECTIVEFROMDATE ) VALUES ('6','ExecutePaymentDuplicateCheck','ExecutePaymentDuplicateCheck',6,'ACTIVE',TO_DATE('2016-12-30','YYYY-MM-DD'));
INSERT INTO BUSINESSFUNCTIONWORKFLOW(BUSINESSFUNCTIONWORKFLOW_PK,FUNCTIONCODE,TASKCODE,ACTIVITYINDEX,STATUS,EFFECTIVEFROMDATE ) VALUES ('7','Warehouse','Warehouse',7,'ACTIVE',TO_DATE('2016-12-30','YYYY-MM-DD'));
INSERT INTO BUSINESSFUNCTIONWORKFLOW(BUSINESSFUNCTIONWORKFLOW_PK,FUNCTIONCODE,TASKCODE,ACTIVITYINDEX,STATUS,EFFECTIVEFROMDATE ) VALUES ('8','Fx','Fx',8,'ACTIVE',TO_DATE('2016-12-30','YYYY-MM-DD'));
INSERT INTO BUSINESSFUNCTIONWORKFLOW(BUSINESSFUNCTIONWORKFLOW_PK,FUNCTIONCODE,TASKCODE,ACTIVITYINDEX,STATUS,EFFECTIVEFROMDATE ) VALUES ('9','PrepareAccountingEntries','PrepareAccountingEntries',9,'ACTIVE',TO_DATE('2016-12-30','YYYY-MM-DD'));
INSERT INTO BUSINESSFUNCTIONWORKFLOW(BUSINESSFUNCTIONWORKFLOW_PK,FUNCTIONCODE,TASKCODE,ACTIVITYINDEX,STATUS,EFFECTIVEFROMDATE ) VALUES ('10','FundsControl','FundsControl',10,'ACTIVE',TO_DATE('2016-12-30','YYYY-MM-DD'));
INSERT INTO BUSINESSFUNCTIONWORKFLOW(BUSINESSFUNCTIONWORKFLOW_PK,FUNCTIONCODE,TASKCODE,ACTIVITYINDEX,STATUS,EFFECTIVEFROMDATE ) VALUES ('11','LiquidityControl','LiquidityControl',11,'ACTIVE',TO_DATE('2016-12-30','YYYY-MM-DD'));
INSERT INTO BUSINESSFUNCTIONWORKFLOW(BUSINESSFUNCTIONWORKFLOW_PK,FUNCTIONCODE,TASKCODE,ACTIVITYINDEX,STATUS,EFFECTIVEFROMDATE ) VALUES ('12','AccountPosting','AccountPosting',12,'ACTIVE',TO_DATE('2016-12-30','YYYY-MM-DD'));
INSERT INTO BUSINESSFUNCTIONWORKFLOW(BUSINESSFUNCTIONWORKFLOW_PK,FUNCTIONCODE,TASKCODE,ACTIVITYINDEX,TASKCONFIG,STATUS,EFFECTIVEFROMDATE ) VALUES ('13','TransformAndTransmit','TransformAndTransmit',13,'<TaskConfig><Configs><Name>UPDATENEEDED</Name><Value>TRUE</Value></Configs></TaskConfig>','ACTIVE',TO_DATE('2016-12-30','YYYY-MM-DD'));
INSERT INTO BUSINESSFUNCTIONWORKFLOW(BUSINESSFUNCTIONWORKFLOW_PK,FUNCTIONCODE,TASKCODE,ACTIVITYINDEX,STATUS,EFFECTIVEFROMDATE ) VALUES ('14','ValidateAndDebulkProcessor','ValidateAndDebulkProcessor',2,'ACTIVE',TO_DATE('2016-12-30','YYYY-MM-DD'));
INSERT INTO BUSINESSFUNCTIONWORKFLOW(BUSINESSFUNCTIONWORKFLOW_PK,FUNCTIONCODE,TASKCODE,ACTIVITYINDEX,STATUS,EFFECTIVEFROMDATE ) VALUES ('15','CheckThresholds','CheckThresholds',3,'ACTIVE',TO_DATE('2016-12-30','YYYY-MM-DD'));
INSERT INTO BUSINESSFUNCTIONWORKFLOW(BUSINESSFUNCTIONWORKFLOW_PK,FUNCTIONCODE,TASKCODE,ACTIVITYINDEX,STATUS,EFFECTIVEFROMDATE ) VALUES ('16','SendDetailsToAckGenerator','SendDetailsToAckGenerator',4,'ACTIVE',TO_DATE('2016-12-30','YYYY-MM-DD'));
INSERT INTO BUSINESSFUNCTIONWORKFLOW(BUSINESSFUNCTIONWORKFLOW_PK,FUNCTIONCODE,TASKCODE,ACTIVITYINDEX,STATUS,EFFECTIVEFROMDATE ) VALUES ('17','GenerateFileNotification','GenerateFileNotification',5,'ACTIVE',TO_DATE('2016-12-30','YYYY-MM-DD'));
INSERT INTO BUSINESSFUNCTIONWORKFLOW(BUSINESSFUNCTIONWORKFLOW_PK,FUNCTIONCODE,TASKCODE,ACTIVITYINDEX,STATUS,EFFECTIVEFROMDATE ) VALUES ('18', 'InstructionDuplicateCheck', 'InstructionDuplicateCheck', 1,'ACTIVE',TO_DATE('2016-12-30','YYYY-MM-DD'));
INSERT INTO BUSINESSFUNCTIONWORKFLOW(BUSINESSFUNCTIONWORKFLOW_PK,FUNCTIONCODE,TASKCODE,ACTIVITYINDEX,STATUS,EFFECTIVEFROMDATE ) VALUES ('19','ValidateAndDebulkResponses','ValidateAndDebulkResponses',1,'ACTIVE',TO_DATE('2016-12-30','YYYY-MM-DD'));
--BUSINESSPROCESSWORKFLOW
INSERT INTO BUSINESSPROCESSWORKFLOW(BUSINESSPROCESSWORKFLOW_PK,PROCESSCODE,FUNCTIONCODE,ACTIVITYINDEX,WORKFLOWCODE,STATUS,EFFECTIVEFROMDATE ) VALUES ('1','VOLPAY-DEFAULT','OFACCheck',1,'PAYMENT','ACTIVE',TO_DATE('2016-12-30','YYYY-MM-DD'));
INSERT INTO BUSINESSPROCESSWORKFLOW(BUSINESSPROCESSWORKFLOW_PK,PROCESSCODE,FUNCTIONCODE,ACTIVITYINDEX,WORKFLOWCODE,STATUS,EFFECTIVEFROMDATE ) VALUES ('2','VOLPAY-DEFAULT','DebitPartyDerivation',2,'PAYMENT','ACTIVE',TO_DATE('2016-12-30','YYYY-MM-DD'));
INSERT INTO BUSINESSPROCESSWORKFLOW(BUSINESSPROCESSWORKFLOW_PK,PROCESSCODE,FUNCTIONCODE,ACTIVITYINDEX,WORKFLOWCODE,STATUS,EFFECTIVEFROMDATE ) VALUES ('3','VOLPAY-DEFAULT','CreditPartyDerivation',3,'PAYMENT','ACTIVE',TO_DATE('2016-12-30','YYYY-MM-DD'));
INSERT INTO BUSINESSPROCESSWORKFLOW(BUSINESSPROCESSWORKFLOW_PK,PROCESSCODE,FUNCTIONCODE,ACTIVITYINDEX,WORKFLOWCODE,STATUS,EFFECTIVEFROMDATE ) VALUES ('4','VOLPAY-DEFAULT','ProductSelection',4,'PAYMENT','ACTIVE',TO_DATE('2016-12-30','YYYY-MM-DD'));
INSERT INTO BUSINESSPROCESSWORKFLOW(BUSINESSPROCESSWORKFLOW_PK,PROCESSCODE,FUNCTIONCODE,ACTIVITYINDEX,WORKFLOWCODE,STATUS,EFFECTIVEFROMDATE ) VALUES ('5','VOLPAY-DEFAULT','MOPDerivation',5,'PAYMENT','ACTIVE',TO_DATE('2016-12-30','YYYY-MM-DD'));
INSERT INTO BUSINESSPROCESSWORKFLOW(BUSINESSPROCESSWORKFLOW_PK,PROCESSCODE,FUNCTIONCODE,ACTIVITYINDEX,WORKFLOWCODE,STATUS,EFFECTIVEFROMDATE ) VALUES ('6','VOLPAY-DEFAULT','ExecutePaymentDuplicateCheck',6,'PAYMENT','ACTIVE',TO_DATE('2016-12-30','YYYY-MM-DD'));
INSERT INTO BUSINESSPROCESSWORKFLOW(BUSINESSPROCESSWORKFLOW_PK,PROCESSCODE,FUNCTIONCODE,ACTIVITYINDEX,WORKFLOWCODE,STATUS,EFFECTIVEFROMDATE ) VALUES ('7','VOLPAY-DEFAULT','Warehouse',7,'PAYMENT','ACTIVE',TO_DATE('2016-12-30','YYYY-MM-DD'));
INSERT INTO BUSINESSPROCESSWORKFLOW(BUSINESSPROCESSWORKFLOW_PK,PROCESSCODE,FUNCTIONCODE,ACTIVITYINDEX,WORKFLOWCODE,STATUS,EFFECTIVEFROMDATE ) VALUES ('8','VOLPAY-DEFAULT','Fx',8,'PAYMENT','ACTIVE',TO_DATE('2016-12-30','YYYY-MM-DD'));
INSERT INTO BUSINESSPROCESSWORKFLOW(BUSINESSPROCESSWORKFLOW_PK,PROCESSCODE,FUNCTIONCODE,ACTIVITYINDEX,WORKFLOWCODE,STATUS,EFFECTIVEFROMDATE ) VALUES ('9','VOLPAY-DEFAULT','PrepareAccountingEntries',9,'PAYMENT','ACTIVE',TO_DATE('2016-12-30','YYYY-MM-DD'));
INSERT INTO BUSINESSPROCESSWORKFLOW(BUSINESSPROCESSWORKFLOW_PK,PROCESSCODE,FUNCTIONCODE,ACTIVITYINDEX,WORKFLOWCODE,STATUS,EFFECTIVEFROMDATE ) VALUES ('10','VOLPAY-DEFAULT','FundsControl',10,'PAYMENT','ACTIVE',TO_DATE('2016-12-30','YYYY-MM-DD'));
INSERT INTO BUSINESSPROCESSWORKFLOW(BUSINESSPROCESSWORKFLOW_PK,PROCESSCODE,FUNCTIONCODE,ACTIVITYINDEX,WORKFLOWCODE,STATUS,EFFECTIVEFROMDATE ) VALUES ('11','VOLPAY-DEFAULT','LiquidityControl',11,'PAYMENT','ACTIVE',TO_DATE('2016-12-30','YYYY-MM-DD'));
INSERT INTO BUSINESSPROCESSWORKFLOW(BUSINESSPROCESSWORKFLOW_PK,PROCESSCODE,FUNCTIONCODE,ACTIVITYINDEX,WORKFLOWCODE,STATUS,EFFECTIVEFROMDATE ) VALUES ('12','VOLPAY-DEFAULT','AccountPosting',12,'PAYMENT','ACTIVE',TO_DATE('2016-12-30','YYYY-MM-DD'));
INSERT INTO BUSINESSPROCESSWORKFLOW(BUSINESSPROCESSWORKFLOW_PK,PROCESSCODE,FUNCTIONCODE,ACTIVITYINDEX,WORKFLOWCODE,STATUS,EFFECTIVEFROMDATE ) VALUES ('13','VOLPAY-DEFAULT','TransformAndTransmit',13,'PAYMENT','ACTIVE',TO_DATE('2016-12-30','YYYY-MM-DD'));
INSERT INTO BUSINESSPROCESSWORKFLOW(BUSINESSPROCESSWORKFLOW_PK,PROCESSCODE,FUNCTIONCODE,ACTIVITYINDEX,WORKFLOWCODE,STATUS,EFFECTIVEFROMDATE ) VALUES ('14','VOLPAY-DEFAULT','ValidateAndDebulkProcessor',2,'INSTRUCTION','ACTIVE',TO_DATE('2016-12-30','YYYY-MM-DD'));
INSERT INTO BUSINESSPROCESSWORKFLOW(BUSINESSPROCESSWORKFLOW_PK,PROCESSCODE,FUNCTIONCODE,ACTIVITYINDEX,WORKFLOWCODE,STATUS,EFFECTIVEFROMDATE ) VALUES ('15','VOLPAY-DEFAULT','CheckThresholds',3,'INSTRUCTION','ACTIVE',TO_DATE('2016-12-30','YYYY-MM-DD'));
INSERT INTO BUSINESSPROCESSWORKFLOW(BUSINESSPROCESSWORKFLOW_PK,PROCESSCODE,FUNCTIONCODE,ACTIVITYINDEX,WORKFLOWCODE,STATUS,EFFECTIVEFROMDATE ) VALUES ('16','VOLPAY-DEFAULT','SendDetailsToAckGenerator',4,'INSTRUCTION','ACTIVE',TO_DATE('2016-12-30','YYYY-MM-DD'));
INSERT INTO BUSINESSPROCESSWORKFLOW(BUSINESSPROCESSWORKFLOW_PK,PROCESSCODE,FUNCTIONCODE,ACTIVITYINDEX,WORKFLOWCODE,STATUS,EFFECTIVEFROMDATE ) VALUES ('17','VOLPAY-DEFAULT','GenerateFileNotification',5,'INSTRUCTION','ACTIVE',TO_DATE('2016-12-30','YYYY-MM-DD'));
INSERT INTO BUSINESSPROCESSWORKFLOW(BUSINESSPROCESSWORKFLOW_PK,PROCESSCODE,FUNCTIONCODE,ACTIVITYINDEX,WORKFLOWCODE,STATUS,EFFECTIVEFROMDATE ) VALUES ('18', 'VOLPAY-DEFAULT', 'InstructionDuplicateCheck', 1, 'INSTRUCTION', 'ACTIVE',TO_DATE('2016-12-30','YYYY-MM-DD'));
INSERT INTO BUSINESSPROCESSWORKFLOW(BUSINESSPROCESSWORKFLOW_PK,PROCESSCODE,FUNCTIONCODE,ACTIVITYINDEX,WORKFLOWCODE,STATUS,EFFECTIVEFROMDATE ) VALUES ('19', 'VOLPAY-DEFAULT', 'ValidateAndDebulkResponses', 6, 'RESPONSE', 'ACTIVE',TO_DATE('2016-12-30','YYYY-MM-DD'));
--MENURESOURCEASSOCIATION
-- ISSUEDEFINITION
INSERT INTO ISSUEDEFINITION (PROCESSNAME, PARTYSERVICEASSOCIATIONCODE, ISSUECODE, DESCRIPTION, ISSUERESOLUTION, SEVERITY, ISSUEORIGIN, STATUS)  VALUES('All', 'All', 'DUP101', 'Duplicate payment  ${paymentIds}', 'Remove duplicate', 'High', 'User', 'DUPLICATE');
INSERT INTO ISSUEDEFINITION (PROCESSNAME, PARTYSERVICEASSOCIATIONCODE, ISSUECODE, DESCRIPTION, ISSUERESOLUTION, SEVERITY, ISSUEORIGIN, STATUS)  VALUES('All', 'All', 'VPA101', 'Payment ${PAYMENTID} validation error in file ${INSTRUCTIONID}', 'Fix error', 'High', 'User', 'REPAIR');
INSERT INTO ISSUEDEFINITION (PROCESSNAME, PARTYSERVICEASSOCIATIONCODE, ISSUECODE, DESCRIPTION, ISSUERESOLUTION, SEVERITY, ISSUEORIGIN, STATUS)  VALUES('All', 'All', 'PHOA', 'Phone the next agent', 'Call now', 'High', 'User', 'Repair');
INSERT INTO ISSUEDEFINITION (PROCESSNAME, PARTYSERVICEASSOCIATIONCODE, ISSUECODE, DESCRIPTION, ISSUERESOLUTION, SEVERITY, ISSUEORIGIN, STATUS)  VALUES('All', 'All', 'FileDUP101', 'File duplicated by ${fileIds}', 'Remove duplicate', 'High', 'User', 'DUPLICATE');
INSERT INTO ISSUEDEFINITION (PROCESSNAME, PARTYSERVICEASSOCIATIONCODE, ISSUECODE, DESCRIPTION, ISSUERESOLUTION, SEVERITY, ISSUEORIGIN, STATUS)  VALUES('All', 'All', 'FileDUP102', 'File duplicated by  ${fieldIds} due to Field Duplicate failure', 'Remove duplicate', 'High', 'User', 'DUPLICATE');
INSERT INTO ISSUEDEFINITION (PROCESSNAME, PARTYSERVICEASSOCIATIONCODE, ISSUECODE, DESCRIPTION, ISSUERESOLUTION, SEVERITY, ISSUEORIGIN, STATUS)  VALUES('All', 'All', 'VAL101', 'validation error in file ${fileIds}', 'Fix error', 'High', 'User', 'REPAIR');
INSERT INTO ISSUEDEFINITION (PROCESSNAME, PARTYSERVICEASSOCIATIONCODE, ISSUECODE, DESCRIPTION, ISSUERESOLUTION, SEVERITY, ISSUEORIGIN, STATUS)  VALUES('All', 'All', 'VAL102', 'validation errors are ${validationList}', 'Fix error', 'High', 'User', 'REPAIR');
INSERT INTO ISSUEDEFINITION (PROCESSNAME, PARTYSERVICEASSOCIATIONCODE, ISSUECODE, DESCRIPTION, ISSUERESOLUTION, SEVERITY, ISSUEORIGIN, STATUS)  VALUES('All', 'All', 'PAR101', 'parse errors are ${parselist}', 'Fix error', 'High', 'User', 'REJECTED');
-- STATUSDEFINITION
INSERT INTO STATUSDEFINITION (STATUS, DESCRIPTION)  VALUES('Completed', 'Transaction is completely processed.');
INSERT INTO STATUSDEFINITION (STATUS, DESCRIPTION)  VALUES('Duplicate', 'Transaction is duplicate with earlier processed transactions.');
INSERT INTO STATUSDEFINITION (STATUS, DESCRIPTION)  VALUES('Rejected', 'Rejected transactions by the hub.');
INSERT INTO STATUSDEFINITION (STATUS, DESCRIPTION)  VALUES('Suspended', 'File can be put in to suspended mode for multiple reasons; a) based on the business rule b) some clients may decide to use SUSPENDED STATUS for Duplicate scenario as well. Instead of having DUPLICATE as a seperate STATUS, they may want to see it SUSPENDED with reason statement mentioning its a duplicate file.');
INSERT INTO STATUSDEFINITION (STATUS, DESCRIPTION)  VALUES('Cancelled', NULL);
INSERT INTO STATUSDEFINITION (STATUS, DESCRIPTION)  VALUES('Deleted', 'When will payment have DELETED STATUS ? I do not envisage the scenario where Payment can be DELETED by users.');
-- STATUSACTION
INSERT INTO STATUSACTION (STATUS, PROCESSNAME, ACTIONS)  VALUES('Duplicate', 'All', 'Reject,Approve,Add Notes');
INSERT INTO STATUSACTION (STATUS, PROCESSNAME, ACTIONS)  VALUES('Repair', 'All', 'Reject,Repair');
-- ACTIONDEFINITION
INSERT INTO ACTIONDEFINITION (ACTION, DESCRIPTION)  VALUES('Add Notes', 'Allow operator to add comments and save');



/*reports*/





INSERT INTO ReportParams (ReportID,ReportName,ParamKey,ParamValue,ParamsType,Description) VALUES ('1','Service Configuration','FLOWNAME',HEXTORAW('47656E657269635265706F7274'),'FLOW','Report Flow Name');
INSERT INTO ReportParams (ReportID,ReportName,ParamKey,ParamValue,ParamsType,Description) VALUES ('1','Service Configuration','REPORT_QUERY',HEXTORAW('53454C4543540D0A202020204D7367466F726D61742C2020200D0A202020204D73674E616D65202C0D0A202020204D7367547970650D0A46524F4D0D0A2020202053657276696365436F6E6669670D0A202020206F72646572206279204D736747726F7570'),'QUERY','Query to be used in the report');
INSERT INTO ReportParams (ReportID,ReportName,ParamKey,ParamValue,ParamsType,Description) VALUES ('1','Service Configuration','TEMPLATEID',HEXTORAW('31'),'NUMBER','Report template to be used for the report');

INSERT INTO ReportTemplates (TemplateID,Template) VALUES ('1',HEXTORAW('3C3F786D6C2076657273696F6E3D22312E302220656E636F64696E673D225554462D38223F3E0D0A3C67656E6572615265706F72746520786D6C6E733A7873693D22687474703A2F2F7777772E77332E6F72672F323030312F584D4C536368656D612D696E7374616E6365223E0D0A093C706172616D65746572733E0D0A09093C706172616D2069643D22466F6E74223E417269616C3C2F706172616D3E0D0A09093C706172616D2069643D224F6464526F77436F6C6F72223E233034354642343C2F706172616D3E0D0A09093C706172616D2069643D22526F77466F6E7453697A65223E373C2F706172616D3E0D0A09093C706172616D2069643D225265706F72745469746C65223E5365727669636520436F6E666967205265706F72743C2F706172616D3E0D0A09093C706172616D2069643D225265706F72744E616D65223E5365727669636520436F6E66696775726174696F6E3C2F706172616D3E0D0A09093C706172616D2069643D22506167654F7269656E746174696F6E223E504F5254524149543C2F706172616D3E0D0A09093C706172616D2069643D225061676554797065223E4C45545445523C2F706172616D3E0D0A09093C706172616D2069643D225469746C65436F6C6F72223E233139304230373C2F706172616D3E0D0A09093C706172616D2069643D225469746C656261636B436F6C6F72223E234134413441343C2F706172616D3E0D0A09093C706172616D2069643D225469746C65466F6E7453697A65223E393C2F706172616D3E0D0A09093C706172616D2069643D224C6F676F496D616765223E433A2F55736572732F566F6C616E74652F4465736B746F702F766F6C616E74655F6C6F676F2E706E673C2F706172616D3E0D0A09093C706172616D2069643D22466F74746572496D616765223E433A2F55736572732F566F6C616E74652F4465736B746F702F766F6C616E74655F6C6F676F2E706E673C2F706172616D3E0D0A09093C706172616D2069643D22456E61626C654F6464526F77223E66616C73653C2F706172616D3E0D0A09093C706172616D2069643D22426F74746F6D50616464696E67223E343C2F706172616D3E0D0A09093C706172616D2069643D22546F7050616464696E67223E343C2F706172616D3E0D0A09093C706172616D2069643D22496D6167655769647468223E38303C2F706172616D3E0D0A09093C706172616D2069643D22557365724E616D65223E41646D696E3C2F706172616D3E0D0A09093C706172616D2069643D2254657874416C69676E223E4C4546543C2F706172616D3E0D0A09093C706172616D2069643D224C6162656C466F6F746572223E5365727669636520436F6E66696775726174696F6E20696E20566F6C5061793C2F706172616D3E0D0A09093C706172616D2069643D22496D616765486569676874223E34303C2F706172616D3E0D0A093C2F706172616D65746572733E0D0A093C6D657461446174613E0D0A09093C636F6C756D6E2069643D224D5347464F524D4154222074657874416C69676E3D2252494748542220766572746963616C416C69676E3D224D4944444C4522207061747465726E3D222220747970653D22737472696E67222077696474683D223130302220666F6E7453697A653D22382220626F6C643D2266616C736522206974616C69633D2266616C73652220756E6465726C696E653D2266616C73652220636F6C6F723D2223303030303022206261636B636F6C6F723D2223464646464646222073756D6D6172793D22223E466F726D61743C2F636F6C756D6E3E0D0A09093C636F6C756D6E2069643D224D53474E414D45222074657874416C69676E3D2252494748542220766572746963616C416C69676E3D224D4944444C4522207061747465726E3D222220747970653D22737472696E67222077696474683D2239302220666F6E7453697A653D22382220626F6C643D2266616C736522206974616C69633D2266616C73652220756E6465726C696E653D2266616C73652220636F6C6F723D2223303030303022206261636B636F6C6F723D2223464646464646222073756D6D6172793D22223E5469706F3C2F636F6C756D6E3E0D0A09093C636F6C756D6E2069643D224D534754595045222074657874416C69676E3D2252494748542220766572746963616C416C69676E3D224D4944444C4522207061747465726E3D222220747970653D22737472696E67222077696474683D2237352220666F6E7453697A653D22382220626F6C643D2266616C736522206974616C69633D2266616C73652220756E6465726C696E653D2266616C73652220636F6C6F723D2223303030303022206261636B636F6C6F723D2223464646464646222073756D6D6172793D22223E457374617475733C2F636F6C756D6E3E0D0A093C2F6D657461446174613E0D0A090D0A3C2F67656E6572615265706F7274653E'));


--UPDATE CUTOFF SET XML_FIELD= HEXTORAW('3C3F786D6C2076657273696F6E3D22312E302220656E636F64696E673D225554462D38223F3E0D0A3C4375744F66663E0D0A093C4375746F6666436F64653E46697665504D3C2F4375746F6666436F64653E0D0A093C4375746F66664E616D653E4669766520504D20437574204F66663C2F4375746F66664E616D653E0D0A093C5374617475733E4143544956453C2F5374617475733E0D0A093C45666665637469766546726F6D446174653E323031362D30312D30313C2F45666665637469766546726F6D446174653E0D0A093C4F666654696D6552616E67653E0D0A09093C537461727454696D653E32303A30303A30302E3935393C2F537461727454696D653E0D0A09093C456E6454696D653E30313A30303A30302E3935393C2F456E6454696D653E0D0A093C2F4F666654696D6552616E67653E0D0A093C4375744F66665F504B3E3734313C2F4375744F66665F504B3E0D0A3C2F4375744F66663E') where CUTOFFCODE='FivePM';

--UPDATE MOP SET EXPECTRESPONSE=1,PROCESSCODE='VOLPAY-DEFAULT',RESPONSEFORMATIDENTIFIERFLOW='ISO_PAIN_001_ResponseFormatIdentifier' where MOP='ISO_PAIN_001';

--UPDATE MOP set CURRENCYCODE='CAD,USD' where MOP='BOOK_INCOMING';

commit;