DELETE FROM INCIDENCEDEFINITION WHERE INCIDENCECODE IN ('CONFCHECK001');
INSERT INTO INCIDENCEDEFINITION (INCIDENCEDEFINITION_PK,PROCESSNAME,PARTYSERVICEASSOCIATIONCODE,INCIDENCECODE,INCIDENCETYPE,DESCRIPTION,INCIDENCERESOLUTION,SEVERITY,INCIDENCEORIGIN,CANCLIENTSETPREFERENCE,OPSSEVERITYPREFERENCE,CLIENTSEVERITYPREFERENCE,REPAIRANDMANUALINPUT,WORKFLOWCODE,PROCESSSTATUS,STATUS,EFFECTIVEFROMDATE,EFFECTIVETILLDATE)  VALUES(SYS_GUID(),NULL,NULL,'CONFCHECK001','ISSUE','Payment status changed to WAITING_FOR_CONFIRMATIONINSTR','Check the payment','High','User',NULL,NULL,NULL,NULL,'PAYMENT','WAITING_FOR_CONFIRMATIONINSTR','ACTIVE',TO_DATE('2017-01-01','YYYY-MM-DD'),NULL);

DELETE FROM INCIDENCEMASTER WHERE INCIDENCECODE IN ('CONFCHECK001');
INSERT INTO INCIDENCEMASTER (INCIDENCECODE,WORKFLOWCODE,ALLOWEDPROCESSSTATUS,ALLOWSTP)  VALUES('CONFCHECK001','PAYMENT','WAITING_FOR_CONFIRMATIONINSTR',1);

UPDATE RESTRESOURCES SET RESOURCEID = '003' WHERE "PATH" = '/v2/confirmation/{mopName}';
UPDATE RESTRESOURCES SET RESOURCEID = '003' WHERE "PATH" = '/v2/interface/override';
UPDATE RESTRESOURCES SET RESOURCEID = '003' WHERE "PATH" = '/v2/interface/override/response';
UPDATE RESTRESOURCES SET "OPERATION" = 'PaymentConfirmation' WHERE "PATH" = '/v2/confirmation/{mopName}';
UPDATE RESTRESOURCES SET "OPERATION" = 'Override' WHERE "PATH" = '/v2/interface/override/response';
UPDATE RESTRESOURCES SET "OPERATION" = 'Override' WHERE "PATH" = '/v2/interface/override';
UPDATE RESTRESOURCES SET METHOD = 'GET' WHERE "PATH" = '/v2/manualpaymentinitiationtemplate/rolesaccessible/readall';

DELETE FROM RESTRESOURCES WHERE "PATH" = '/v2/users/delete' AND METHOD = 'POST';
INSERT INTO RESTRESOURCES(RESTRESOURCES_PK, "METHOD", APPLICATION, "PATH", RESOURCEID, OPERATION, DESCRIPTION) VALUES((SELECT max(CAST(RESTRESOURCES_PK AS INTEGER)) + 1 AS RESTRESOURCES_PK FROM RESTRESOURCES), 'POST', 'VolPayHub', '/v2/users/delete', '001', 'D', 'API for deleting User Profile');

DELETE FROM RESTRESOURCES WHERE "PATH" = '/v2/payments/addnotes' AND METHOD = 'POST';
INSERT INTO RESTRESOURCES(RESTRESOURCES_PK, "METHOD", APPLICATION, "PATH", RESOURCEID, OPERATION, DESCRIPTION) VALUES((SELECT max(CAST(RESTRESOURCES_PK AS INTEGER)) + 1 AS RESTRESOURCES_PK FROM RESTRESOURCES), 'POST', 'VolPayHub', '/v2/payments/addnotes', '003', 'AddNotes', 'API to Generate Web Forms For Add Notes');

DELETE FROM RESTRESOURCES WHERE "PATH" = '/v2/confirmation/manualconfirmation' AND METHOD = 'POST';
DELETE FROM RESTRESOURCES WHERE "PATH" = '/v2/payments/manualconfirmation' AND METHOD = 'POST';
INSERT INTO RESTRESOURCES(RESTRESOURCES_PK, "METHOD", APPLICATION, "PATH", RESOURCEID, OPERATION, DESCRIPTION) VALUES((SELECT max(CAST(RESTRESOURCES_PK AS INTEGER)) + 1 AS RESTRESOURCES_PK FROM RESTRESOURCES), 'POST', 'VolPayHub', '/v2/payments/manualconfirmation', '003', 'PaymentConfirmation', 'API to Generate Web Forms For Payment Confirmation');

DELETE FROM RESTRESOURCES WHERE "PATH" = '/v2/approvals/read' AND METHOD = 'POST';
INSERT INTO RESTRESOURCES(RESTRESOURCES_PK, "METHOD", APPLICATION, "PATH", RESOURCEID, OPERATION, DESCRIPTION) VALUES((SELECT max(CAST(RESTRESOURCES_PK AS INTEGER)) + 1 AS RESTRESOURCES_PK FROM RESTRESOURCES), 'POST', 'VolPayHub', '/v2/approvals/read', '041', 'R', 'API for getting ApprovalDetails');

DELETE FROM STATUSDEFINITION WHERE PROCESSSTATUS = 'REPAIRED_WAITFORAPPROVAL' AND WORKFLOWCODE = 'PAYMENT';
DELETE FROM STATUSDEFINITION WHERE PROCESSSTATUS = 'REPAIRED-WAITFORAPPROVAL' AND WORKFLOWCODE = 'PAYMENT';
INSERT INTO STATUSDEFINITION(ALIASNAME, CLIENTALIASNAME, DESCRIPTION, USERCONTROL, PROCESSSTATUS, WORKFLOWCODE, STATUS, EFFECTIVEFROMDATE, EFFECTIVETILLDATE) VALUES('REPAIRED-WAITFORAPPROVAL', NULL, 'Repaired Payment is Waiting For Approval', NULL, 'REPAIRED_WAITFORAPPROVAL', 'PAYMENT', 'ACTIVE', TO_DATE('2017-01-01','YYYY-MM-DD'), NULL);

DELETE FROM ACTIONDEFINITION WHERE ACTIONNAME = 'PaymentConfirmation' AND WORKFLOWCODE = 'PAYMENT';
INSERT INTO ACTIONDEFINITION(ACTIONNAME, DESCRIPTION, ACTIONDEFINITION_PK, WORKFLOWCODE, ALIASNAME, CLIENTALIASNAME, DUALCONTROLREQUIRED, MANDATENOTE, GROUPACTIONALLOWED, RESTURL, RESTMETHOD, SUCCESSURL, FAILUREURL, FLOWNAME, STATUS, EFFECTIVEFROMDATE, EFFECTIVETILLDATE, FUNCTIONNAME) VALUES('PaymentConfirmation', 'Payment Confirmation for a Payment', (SELECT max(CAST(ACTIONDEFINITION_PK AS INTEGER)) + 1 AS ACTIONDEFINITION_PK FROM ACTIONDEFINITION), 'PAYMENT', 'Payment Confirmation', NULL, 0, 0, 0, '/v2/payments/manualconfirmation', 'POST', NULL, NULL, NULL, 'ACTIVE', TO_DATE('2017-01-01', 'YYYY-MM-DD'), NULL, 'DisplayPopUpWithWebFormInput');

DELETE FROM ACTIONDEFINITION WHERE ACTIONNAME = 'Override' AND WORKFLOWCODE = 'PAYMENT';
INSERT INTO ACTIONDEFINITION(ACTIONNAME, DESCRIPTION, ACTIONDEFINITION_PK, WORKFLOWCODE, ALIASNAME, CLIENTALIASNAME, DUALCONTROLREQUIRED, MANDATENOTE, GROUPACTIONALLOWED, RESTURL, RESTMETHOD, SUCCESSURL, FAILUREURL, FLOWNAME, STATUS, EFFECTIVEFROMDATE, EFFECTIVETILLDATE, FUNCTIONNAME) VALUES('Override', 'Override for a Payment', (SELECT max(CAST(ACTIONDEFINITION_PK AS INTEGER)) + 1 AS ACTIONDEFINITION_PK FROM ACTIONDEFINITION), 'PAYMENT', NULL, NULL, 0, 0, 0, '/v2/interface/override', 'POST', NULL, NULL, NULL, 'ACTIVE', TO_DATE('2017-01-01', 'YYYY-MM-DD'), NULL, 'DisplayPopUpWithWebFormInput');

DELETE FROM STATUSACTION WHERE ACTION = 'PaymentConfirmation' AND PROCESSSTATUS = 'COMPLETED' AND WORKFLOWCODE = 'PAYMENT';
INSERT INTO STATUSACTION("ACTION", STATUSACTION_PK, WORKFLOWCODE, PROCESSSTATUS, STATUS, EFFECTIVEFROMDATE, EFFECTIVETILLDATE, PROCESSNAME) VALUES('PaymentConfirmation', SYS_GUID(), 'PAYMENT', 'COMPLETED', 'ACTIVE', TO_DATE('2017-01-01', 'YYYY-MM-DD'), NULL, NULL);

DELETE FROM STATUSACTION WHERE ACTION = 'PaymentConfirmation' AND PROCESSSTATUS = 'DELIVERED' AND WORKFLOWCODE = 'PAYMENT';
INSERT INTO STATUSACTION("ACTION", STATUSACTION_PK, WORKFLOWCODE, PROCESSSTATUS, STATUS, EFFECTIVEFROMDATE, EFFECTIVETILLDATE, PROCESSNAME) VALUES('PaymentConfirmation', SYS_GUID(), 'PAYMENT', 'DELIVERED', 'ACTIVE', TO_DATE('2017-01-01', 'YYYY-MM-DD'), NULL, NULL);

DELETE FROM STATUSACTION WHERE ACTION = 'PaymentConfirmation' AND PROCESSSTATUS = 'ACCEPTED' AND WORKFLOWCODE = 'PAYMENT';
INSERT INTO STATUSACTION("ACTION", STATUSACTION_PK, WORKFLOWCODE, PROCESSSTATUS, STATUS, EFFECTIVEFROMDATE, EFFECTIVETILLDATE, PROCESSNAME) VALUES('PaymentConfirmation', SYS_GUID(), 'PAYMENT', 'ACCEPTED', 'ACTIVE', TO_DATE('2017-01-01', 'YYYY-MM-DD'), NULL, NULL);

DELETE FROM STATUSACTION WHERE ACTION = 'PaymentConfirmation' AND PROCESSSTATUS = 'PROCESSING' AND WORKFLOWCODE = 'PAYMENT';
INSERT INTO STATUSACTION("ACTION", STATUSACTION_PK, WORKFLOWCODE, PROCESSSTATUS, STATUS, EFFECTIVEFROMDATE, EFFECTIVETILLDATE, PROCESSNAME) VALUES('PaymentConfirmation', SYS_GUID(), 'PAYMENT', 'PROCESSING', 'ACTIVE', TO_DATE('2017-01-01', 'YYYY-MM-DD'), NULL, NULL);

DELETE FROM STATUSACTION WHERE ACTION = 'PaymentConfirmation' AND PROCESSSTATUS = 'PENDING' AND WORKFLOWCODE = 'PAYMENT';
INSERT INTO STATUSACTION("ACTION", STATUSACTION_PK, WORKFLOWCODE, PROCESSSTATUS, STATUS, EFFECTIVEFROMDATE, EFFECTIVETILLDATE, PROCESSNAME) VALUES('PaymentConfirmation', SYS_GUID(), 'PAYMENT', 'PENDING', 'ACTIVE', TO_DATE('2017-01-01', 'YYYY-MM-DD'), NULL, NULL);

DELETE FROM STATUSACTION WHERE ACTION = 'PaymentConfirmation' AND PROCESSSTATUS = 'PARTIALLYACCEPTED' AND WORKFLOWCODE = 'PAYMENT';
INSERT INTO STATUSACTION("ACTION", STATUSACTION_PK, WORKFLOWCODE, PROCESSSTATUS, STATUS, EFFECTIVEFROMDATE, EFFECTIVETILLDATE, PROCESSNAME) VALUES('PaymentConfirmation', SYS_GUID(), 'PAYMENT', 'PARTIALLYACCEPTED', 'ACTIVE', TO_DATE('2017-01-01', 'YYYY-MM-DD'), NULL, NULL);

DELETE FROM STATUSACTION WHERE ACTION = 'PaymentConfirmation' AND PROCESSSTATUS = 'PARTIALLYCOMPLETED' AND WORKFLOWCODE = 'PAYMENT';
INSERT INTO STATUSACTION("ACTION", STATUSACTION_PK, WORKFLOWCODE, PROCESSSTATUS, STATUS, EFFECTIVEFROMDATE, EFFECTIVETILLDATE, PROCESSNAME) VALUES('PaymentConfirmation', SYS_GUID(), 'PAYMENT', 'PARTIALLYCOMPLETED', 'ACTIVE', TO_DATE('2017-01-01', 'YYYY-MM-DD'), NULL, NULL);

DELETE FROM STATUSACTION WHERE ACTION = 'PaymentConfirmation' AND PROCESSSTATUS = 'COMPLETED WITH AMENDMENTS' AND WORKFLOWCODE = 'PAYMENT';
INSERT INTO STATUSACTION("ACTION", STATUSACTION_PK, WORKFLOWCODE, PROCESSSTATUS, STATUS, EFFECTIVEFROMDATE, EFFECTIVETILLDATE, PROCESSNAME) VALUES('PaymentConfirmation', SYS_GUID(), 'PAYMENT', 'COMPLETED WITH AMENDMENTS', 'ACTIVE', TO_DATE('2017-01-01', 'YYYY-MM-DD'), NULL, NULL);

DELETE FROM STATUSACTION WHERE ACTION = 'Override' AND PROCESSSTATUS = 'WAITING_OFACRESPONSE' AND WORKFLOWCODE = 'PAYMENT';
INSERT INTO STATUSACTION("ACTION", STATUSACTION_PK, WORKFLOWCODE, PROCESSSTATUS, STATUS, EFFECTIVEFROMDATE, EFFECTIVETILLDATE, PROCESSNAME) VALUES('Override', SYS_GUID(), 'PAYMENT', 'WAITING_OFACRESPONSE', 'ACTIVE', TO_DATE('2017-01-01', 'YYYY-MM-DD'), NULL, NULL);

DELETE FROM STATUSACTION WHERE ACTION = 'Override' AND PROCESSSTATUS = 'WAITING_FUNDSCONTROLRESPONSE' AND WORKFLOWCODE = 'PAYMENT';
INSERT INTO STATUSACTION("ACTION", STATUSACTION_PK, WORKFLOWCODE, PROCESSSTATUS, STATUS, EFFECTIVEFROMDATE, EFFECTIVETILLDATE, PROCESSNAME) VALUES('Override', SYS_GUID(), 'PAYMENT', 'WAITING_FUNDSCONTROLRESPONSE', 'ACTIVE', TO_DATE('2017-01-01', 'YYYY-MM-DD'), NULL, NULL);

DELETE FROM STATUSACTION WHERE ACTION = 'Override' AND PROCESSSTATUS = 'WAITING_LIQUIDITYCONTROLRESPONSE' AND WORKFLOWCODE = 'PAYMENT';
INSERT INTO STATUSACTION("ACTION", STATUSACTION_PK, WORKFLOWCODE, PROCESSSTATUS, STATUS, EFFECTIVEFROMDATE, EFFECTIVETILLDATE, PROCESSNAME) VALUES('Override', SYS_GUID(), 'PAYMENT', 'WAITING_LIQUIDITYCONTROLRESPONSE', 'ACTIVE', TO_DATE('2017-01-01', 'YYYY-MM-DD'), NULL, NULL);

DELETE FROM ROLERESOURCEPERMISSION WHERE RESOURCEID = '003' AND PERMISSION = 'PaymentConfirmation';
DELETE FROM ROLERESOURCEPERMISSION WHERE RESOURCEID = '003' AND PERMISSION = 'Override';
INSERT INTO ROLERESOURCEPERMISSION(ROLEID, RESOURCEID, PERMISSION) VALUES('Super Admin', '003', 'PaymentConfirmation');
INSERT INTO ROLERESOURCEPERMISSION(ROLEID, RESOURCEID, PERMISSION) VALUES('Super Admin', '003', 'Override');

DELETE FROM INCIDENCEMASTER WHERE INCIDENCECODE IN ('CRTMATCHROF001','ROF_COMPLETED','RROF_COMPLETED','TRSATTMSG009','WAIT_OUT_RRFI','WAIT_IN_RRFI','USER_DECLINED_RRFI','USER_DECLINED_RFI','RFI_COMPLETED','WAIT_OUT_RROF','WAIT_IN_RROF','USER_DECLINED_RROF','USER_DECLINED_ROF','WAIT_IN_CT','WAIT_OUT_CT','ATTCHSTSREJECTED','ATTCHSTSPROCESSED','ATTCHSTSCOMPLETED','WAITINGFORRROFCONF');
INSERT INTO INCIDENCEMASTER (INCIDENCECODE,WORKFLOWCODE,ALLOWEDPROCESSSTATUS,ALLOWSTP) VALUES('CRTMATCHROF001','PAYMENT','REPAIR',0);
INSERT INTO INCIDENCEMASTER (INCIDENCECODE,WORKFLOWCODE,ALLOWEDPROCESSSTATUS,ALLOWSTP) VALUES('ROF_COMPLETED','ATTCHMSG_TXN','COMPLETED',0);
INSERT INTO INCIDENCEMASTER (INCIDENCECODE,WORKFLOWCODE,ALLOWEDPROCESSSTATUS,ALLOWSTP) VALUES('RROF_COMPLETED','ATTCHMSG_TXN','COMPLETED',0);
INSERT INTO INCIDENCEMASTER (INCIDENCECODE,WORKFLOWCODE,ALLOWEDPROCESSSTATUS,ALLOWEDPARAMETER,ALLOWSTP) VALUES('TRSATTMSG009','ATTCHMSG_TXN','REPAIR','msg',0);
INSERT INTO INCIDENCEMASTER (INCIDENCECODE,WORKFLOWCODE,ALLOWEDPROCESSSTATUS,ALLOWSTP) VALUES('WAIT_OUT_RRFI','ATTCHMSG_TXN','WAIT_OUT_RRFI',0);
INSERT INTO INCIDENCEMASTER (INCIDENCECODE,WORKFLOWCODE,ALLOWEDPROCESSSTATUS,ALLOWSTP) VALUES('WAIT_IN_RRFI','ATTCHMSG_TXN','WAIT_IN_RRFI',0);
INSERT INTO INCIDENCEMASTER (INCIDENCECODE,WORKFLOWCODE,ALLOWEDPROCESSSTATUS,ALLOWSTP) VALUES('USER_DECLINED_RRFI','ATTCHMSG_TXN','USER_DECLINED_RRFI',0);
INSERT INTO INCIDENCEMASTER (INCIDENCECODE,WORKFLOWCODE,ALLOWEDPROCESSSTATUS,ALLOWSTP) VALUES('USER_DECLINED_RFI','ATTCHMSG_TXN','USER_DECLINED_RFI',0);
INSERT INTO INCIDENCEMASTER (INCIDENCECODE,WORKFLOWCODE,ALLOWEDPROCESSSTATUS,ALLOWSTP) VALUES('RFI_COMPLETED','ATTCHMSG_TXN','RFI_COMPLETED',0);
INSERT INTO INCIDENCEMASTER (INCIDENCECODE,WORKFLOWCODE,ALLOWEDPROCESSSTATUS,ALLOWSTP) VALUES('WAIT_OUT_RROF','ATTCHMSG_TXN','WAIT_OUT_RROF',0);
INSERT INTO INCIDENCEMASTER (INCIDENCECODE,WORKFLOWCODE,ALLOWEDPROCESSSTATUS,ALLOWSTP) VALUES('WAIT_IN_RROF','ATTCHMSG_TXN','WAIT_IN_RROF',0);
INSERT INTO INCIDENCEMASTER (INCIDENCECODE,WORKFLOWCODE,ALLOWEDPROCESSSTATUS,ALLOWSTP) VALUES('USER_DECLINED_RROF','ATTCHMSG_TXN','USER_DECLINED_RROF',0);
INSERT INTO INCIDENCEMASTER (INCIDENCECODE,WORKFLOWCODE,ALLOWEDPROCESSSTATUS,ALLOWSTP) VALUES('USER_DECLINED_ROF','ATTCHMSG_TXN','USER_DECLINED_ROF',0);
INSERT INTO INCIDENCEMASTER (INCIDENCECODE,WORKFLOWCODE,ALLOWEDPROCESSSTATUS,ALLOWSTP) VALUES('WAIT_IN_CT','ATTCHMSG_TXN','WAIT_IN_CT',0);
INSERT INTO INCIDENCEMASTER (INCIDENCECODE,WORKFLOWCODE,ALLOWEDPROCESSSTATUS,ALLOWSTP) VALUES('WAIT_OUT_CT','ATTCHMSG_TXN','WAIT_OUT_CT',0);
INSERT INTO INCIDENCEMASTER (INCIDENCECODE,WORKFLOWCODE,ALLOWEDPROCESSSTATUS,ALLOWSTP) VALUES('ATTCHSTSREJECTED','ATTCHMSG_TXN','ATTCHSTSREJECTED',0);
INSERT INTO INCIDENCEMASTER (INCIDENCECODE,WORKFLOWCODE,ALLOWEDPROCESSSTATUS,ALLOWSTP) VALUES('ATTCHSTSPROCESSED','ATTCHMSG_TXN','ATTCHSTSPROCESSED',0);
INSERT INTO INCIDENCEMASTER (INCIDENCECODE,WORKFLOWCODE,ALLOWEDPROCESSSTATUS,ALLOWSTP) VALUES('ATTCHSTSCOMPLETED','ATTCHMSG_TXN','ATTCHSTSCOMPLETED',0);
INSERT INTO INCIDENCEMASTER (INCIDENCECODE,WORKFLOWCODE,ALLOWEDPROCESSSTATUS,ALLOWSTP) VALUES('WAITINGFORRROFCONF','ATTCHMSG_TXN','WAITINGFORRROFCONF',0);

DELETE FROM INCIDENCEDEFINITION WHERE INCIDENCECODE IN ('CRTMATCHROF001','ROF_COMPLETED','RROF_COMPLETED','TRSATTMSG009','WAIT_OUT_RRFI','WAIT_IN_RRFI','USER_DECLINED_RRFI','USER_DECLINED_RFI','RFI_COMPLETED','WAIT_OUT_RROF','WAIT_IN_RROF','USER_DECLINED_RROF','USER_DECLINED_ROF','WAIT_IN_CT','WAIT_OUT_CT','ATTCHSTSREJECTED','ATTCHSTSPROCESSED','ATTCHSTSCOMPLETED','WAITINGFORRROFCONF');
INSERT INTO INCIDENCEDEFINITION (INCIDENCEDEFINITION_PK,INCIDENCECODE,DESCRIPTION,INCIDENCERESOLUTION,SEVERITY,INCIDENCEORIGIN,CANCLIENTSETPREFERENCE,OPSSEVERITYPREFERENCE,CLIENTSEVERITYPREFERENCE,REPAIRANDMANUALINPUT,PROCESSSTATUS,INCIDENCETYPE,WORKFLOWCODE,PROCESSNAME,PARTYSERVICEASSOCIATIONCODE,STATUS,EFFECTIVEFROMDATE,EFFECTIVETILLDATE) VALUES(SYS_GUID(),'CRTMATCHROF001','Transaction Id is not present in PFD for RROF','Error','High','User',NULL,NULL,NULL,NULL,'REPAIR','ISSUE','PAYMENT',NULL,NULL,'ACTIVE',TO_DATE('2017-04-25', 'YYYY-MM-DD'),NULL);
INSERT INTO INCIDENCEDEFINITION (INCIDENCEDEFINITION_PK,INCIDENCECODE,DESCRIPTION,INCIDENCERESOLUTION,SEVERITY,INCIDENCEORIGIN,CANCLIENTSETPREFERENCE,OPSSEVERITYPREFERENCE,CLIENTSEVERITYPREFERENCE,REPAIRANDMANUALINPUT,PROCESSSTATUS,INCIDENCETYPE,WORKFLOWCODE,PROCESSNAME,PARTYSERVICEASSOCIATIONCODE,STATUS,EFFECTIVEFROMDATE,EFFECTIVETILLDATE) VALUES(SYS_GUID(),'RROF_COMPLETED','Status changed to completed','RROF Status change','High','User',NULL,NULL,NULL,NULL,'COMPLETED','ISSUE','ATTCHMSG_TXN',NULL,NULL,'ACTIVE',TO_DATE('2017-04-25', 'YYYY-MM-DD'),NULL);
INSERT INTO INCIDENCEDEFINITION (INCIDENCEDEFINITION_PK,INCIDENCECODE,DESCRIPTION,INCIDENCERESOLUTION,SEVERITY,INCIDENCEORIGIN,CANCLIENTSETPREFERENCE,OPSSEVERITYPREFERENCE,CLIENTSEVERITYPREFERENCE,REPAIRANDMANUALINPUT,PROCESSSTATUS,INCIDENCETYPE,WORKFLOWCODE,PROCESSNAME,PARTYSERVICEASSOCIATIONCODE,STATUS,EFFECTIVEFROMDATE,EFFECTIVETILLDATE) VALUES(SYS_GUID(),'TRSATTMSG009','${msg}','Error','High','User',NULL,NULL,NULL,NULL,'REPAIR','ISSUE','ATTCHMSG_TXN',NULL,NULL,'ACTIVE',TO_DATE('2017-04-25', 'YYYY-MM-DD'),NULL);
INSERT INTO INCIDENCEDEFINITION (INCIDENCEDEFINITION_PK,INCIDENCECODE,DESCRIPTION,INCIDENCERESOLUTION,SEVERITY,INCIDENCEORIGIN,CANCLIENTSETPREFERENCE,OPSSEVERITYPREFERENCE,CLIENTSEVERITYPREFERENCE,REPAIRANDMANUALINPUT,PROCESSSTATUS,INCIDENCETYPE,WORKFLOWCODE,PROCESSNAME,PARTYSERVICEASSOCIATIONCODE,STATUS,EFFECTIVEFROMDATE,EFFECTIVETILLDATE) VALUES(SYS_GUID(),'WAIT_OUT_RRFI','Status changed to WAIT_OUT_RRFI','RRFI Status change','High','User',NULL,NULL,NULL,NULL,'WAIT_OUT_RRFI','ISSUE','ATTCHMSG_TXN',NULL,NULL,'ACTIVE',TO_DATE('2017-04-25', 'YYYY-MM-DD'),NULL);
INSERT INTO INCIDENCEDEFINITION (INCIDENCEDEFINITION_PK,INCIDENCECODE,DESCRIPTION,INCIDENCERESOLUTION,SEVERITY,INCIDENCEORIGIN,CANCLIENTSETPREFERENCE,OPSSEVERITYPREFERENCE,CLIENTSEVERITYPREFERENCE,REPAIRANDMANUALINPUT,PROCESSSTATUS,INCIDENCETYPE,WORKFLOWCODE,PROCESSNAME,PARTYSERVICEASSOCIATIONCODE,STATUS,EFFECTIVEFROMDATE,EFFECTIVETILLDATE) VALUES(SYS_GUID(),'WAIT_IN_RRFI','Status changed to WAIT_IN_RRFI','RRFI Status change','High','User',NULL,NULL,NULL,NULL,'WAIT_IN_RRFI','ISSUE','ATTCHMSG_TXN',NULL,NULL,'ACTIVE',TO_DATE('2017-04-25', 'YYYY-MM-DD'),NULL);
INSERT INTO INCIDENCEDEFINITION (INCIDENCEDEFINITION_PK,INCIDENCECODE,DESCRIPTION,INCIDENCERESOLUTION,SEVERITY,INCIDENCEORIGIN,CANCLIENTSETPREFERENCE,OPSSEVERITYPREFERENCE,CLIENTSEVERITYPREFERENCE,REPAIRANDMANUALINPUT,PROCESSSTATUS,INCIDENCETYPE,WORKFLOWCODE,PROCESSNAME,PARTYSERVICEASSOCIATIONCODE,STATUS,EFFECTIVEFROMDATE,EFFECTIVETILLDATE) VALUES(SYS_GUID(),'USER_DECLINED_RRFI','Status changed to USER_DECLINED_RRFI','Status change','High','User',NULL,NULL,NULL,NULL,'USER_DECLINED_RRFI','ISSUE','ATTCHMSG_TXN',NULL,NULL,'ACTIVE',TO_DATE('2017-04-25', 'YYYY-MM-DD'),NULL);
INSERT INTO INCIDENCEDEFINITION (INCIDENCEDEFINITION_PK,INCIDENCECODE,DESCRIPTION,INCIDENCERESOLUTION,SEVERITY,INCIDENCEORIGIN,CANCLIENTSETPREFERENCE,OPSSEVERITYPREFERENCE,CLIENTSEVERITYPREFERENCE,REPAIRANDMANUALINPUT,PROCESSSTATUS,INCIDENCETYPE,WORKFLOWCODE,PROCESSNAME,PARTYSERVICEASSOCIATIONCODE,STATUS,EFFECTIVEFROMDATE,EFFECTIVETILLDATE) VALUES(SYS_GUID(),'RFI_COMPLETED','Status changed to RFI_COMPLETED','RFI Status change','High','User',NULL,NULL,NULL,NULL,'RFI_COMPLETED','ISSUE','ATTCHMSG_TXN',NULL,NULL,'ACTIVE',TO_DATE('2017-04-25', 'YYYY-MM-DD'),NULL);
INSERT INTO INCIDENCEDEFINITION (INCIDENCEDEFINITION_PK,INCIDENCECODE,DESCRIPTION,INCIDENCERESOLUTION,SEVERITY,INCIDENCEORIGIN,CANCLIENTSETPREFERENCE,OPSSEVERITYPREFERENCE,CLIENTSEVERITYPREFERENCE,REPAIRANDMANUALINPUT,PROCESSSTATUS,INCIDENCETYPE,WORKFLOWCODE,PROCESSNAME,PARTYSERVICEASSOCIATIONCODE,STATUS,EFFECTIVEFROMDATE,EFFECTIVETILLDATE) VALUES(SYS_GUID(),'WAIT_OUT_RROF','Status changed to WAIT_OUT_RROF','RROF Status change','High','User',NULL,NULL,NULL,NULL,'WAIT_OUT_RROF','ISSUE','ATTCHMSG_TXN',NULL,NULL,'ACTIVE',TO_DATE('2017-04-25', 'YYYY-MM-DD'),NULL);
INSERT INTO INCIDENCEDEFINITION (INCIDENCEDEFINITION_PK,INCIDENCECODE,DESCRIPTION,INCIDENCERESOLUTION,SEVERITY,INCIDENCEORIGIN,CANCLIENTSETPREFERENCE,OPSSEVERITYPREFERENCE,CLIENTSEVERITYPREFERENCE,REPAIRANDMANUALINPUT,PROCESSSTATUS,INCIDENCETYPE,WORKFLOWCODE,PROCESSNAME,PARTYSERVICEASSOCIATIONCODE,STATUS,EFFECTIVEFROMDATE,EFFECTIVETILLDATE) VALUES(SYS_GUID(),'WAIT_IN_RROF','Status changed to WAIT_IN_RROF','RROF Status change','High','User',NULL,NULL,NULL,NULL,'WAIT_IN_RROF','ISSUE','ATTCHMSG_TXN',NULL,NULL,'ACTIVE',TO_DATE('2017-04-25', 'YYYY-MM-DD'),NULL);
INSERT INTO INCIDENCEDEFINITION (INCIDENCEDEFINITION_PK,INCIDENCECODE,DESCRIPTION,INCIDENCERESOLUTION,SEVERITY,INCIDENCEORIGIN,CANCLIENTSETPREFERENCE,OPSSEVERITYPREFERENCE,CLIENTSEVERITYPREFERENCE,REPAIRANDMANUALINPUT,PROCESSSTATUS,INCIDENCETYPE,WORKFLOWCODE,PROCESSNAME,PARTYSERVICEASSOCIATIONCODE,STATUS,EFFECTIVEFROMDATE,EFFECTIVETILLDATE) VALUES(SYS_GUID(),'USER_DECLINED_RROF','Status changed to USER_DECLINED_RROF','RROF Status change','High','User',NULL,NULL,NULL,NULL,'USER_DECLINED_RROF','ISSUE','ATTCHMSG_TXN',NULL,NULL,'ACTIVE',TO_DATE('2017-04-25', 'YYYY-MM-DD'),NULL);
INSERT INTO INCIDENCEDEFINITION (INCIDENCEDEFINITION_PK,INCIDENCECODE,DESCRIPTION,INCIDENCERESOLUTION,SEVERITY,INCIDENCEORIGIN,CANCLIENTSETPREFERENCE,OPSSEVERITYPREFERENCE,CLIENTSEVERITYPREFERENCE,REPAIRANDMANUALINPUT,PROCESSSTATUS,INCIDENCETYPE,WORKFLOWCODE,PROCESSNAME,PARTYSERVICEASSOCIATIONCODE,STATUS,EFFECTIVEFROMDATE,EFFECTIVETILLDATE) VALUES(SYS_GUID(),'USER_DECLINED_ROF','Status changed to USER_DECLINED_ROF','ROF Status change','High','User',NULL,NULL,NULL,NULL,'USER_DECLINED_ROF','ISSUE','ATTCHMSG_TXN',NULL,NULL,'ACTIVE',TO_DATE('2017-04-25', 'YYYY-MM-DD'),NULL);
INSERT INTO INCIDENCEDEFINITION (INCIDENCEDEFINITION_PK,INCIDENCECODE,DESCRIPTION,INCIDENCERESOLUTION,SEVERITY,INCIDENCEORIGIN,CANCLIENTSETPREFERENCE,OPSSEVERITYPREFERENCE,CLIENTSEVERITYPREFERENCE,REPAIRANDMANUALINPUT,PROCESSSTATUS,INCIDENCETYPE,WORKFLOWCODE,PROCESSNAME,PARTYSERVICEASSOCIATIONCODE,STATUS,EFFECTIVEFROMDATE,EFFECTIVETILLDATE) VALUES(SYS_GUID(),'WAIT_IN_CT','Status changed to WAIT_IN_CT','Status change','High','User',NULL,NULL,NULL,NULL,'WAIT_IN_CT','ISSUE','ATTCHMSG_TXN',NULL,NULL,'ACTIVE',TO_DATE('2017-04-25', 'YYYY-MM-DD'),NULL);
INSERT INTO INCIDENCEDEFINITION (INCIDENCEDEFINITION_PK,INCIDENCECODE,DESCRIPTION,INCIDENCERESOLUTION,SEVERITY,INCIDENCEORIGIN,CANCLIENTSETPREFERENCE,OPSSEVERITYPREFERENCE,CLIENTSEVERITYPREFERENCE,REPAIRANDMANUALINPUT,PROCESSSTATUS,INCIDENCETYPE,WORKFLOWCODE,PROCESSNAME,PARTYSERVICEASSOCIATIONCODE,STATUS,EFFECTIVEFROMDATE,EFFECTIVETILLDATE) VALUES(SYS_GUID(),'WAIT_OUT_CT','Status changed to WAIT_OUT_CT','Status change','High','User',NULL,NULL,NULL,NULL,'WAIT_OUT_CT','ISSUE','ATTCHMSG_TXN',NULL,NULL,'ACTIVE',TO_DATE('2017-04-25', 'YYYY-MM-DD'),NULL);
INSERT INTO INCIDENCEDEFINITION (INCIDENCEDEFINITION_PK,INCIDENCECODE,DESCRIPTION,INCIDENCERESOLUTION,SEVERITY,INCIDENCEORIGIN,CANCLIENTSETPREFERENCE,OPSSEVERITYPREFERENCE,CLIENTSEVERITYPREFERENCE,REPAIRANDMANUALINPUT,PROCESSSTATUS,INCIDENCETYPE,WORKFLOWCODE,PROCESSNAME,PARTYSERVICEASSOCIATIONCODE,STATUS,EFFECTIVEFROMDATE,EFFECTIVETILLDATE) VALUES(SYS_GUID(),'USER_DECLINED_RFI','Status changed to USER_DECLINED_RFI','RFI Status change','High','User',NULL,NULL,NULL,NULL,'USER_DECLINED_RFI','ISSUE','ATTCHMSG_TXN',NULL,NULL,'ACTIVE',TO_DATE('2017-04-25', 'YYYY-MM-DD'),NULL);

INSERT INTO INCIDENCEDEFINITION (INCIDENCEDEFINITION_PK,INCIDENCECODE,DESCRIPTION,INCIDENCERESOLUTION,SEVERITY,INCIDENCEORIGIN,CANCLIENTSETPREFERENCE,OPSSEVERITYPREFERENCE,CLIENTSEVERITYPREFERENCE,REPAIRANDMANUALINPUT,PROCESSSTATUS,INCIDENCETYPE,WORKFLOWCODE,PROCESSNAME,PARTYSERVICEASSOCIATIONCODE,STATUS,EFFECTIVEFROMDATE,EFFECTIVETILLDATE) VALUES(SYS_GUID(),'ATTCHSTSREJECTED','Status changed to rejected','attached messge Status change','High','User',NULL,NULL,NULL,NULL,'REJECTED','ISSUE','ATTCHMSG_TXN',NULL,NULL,'ACTIVE',TO_DATE('2017-04-25', 'YYYY-MM-DD'),NULL);
INSERT INTO INCIDENCEDEFINITION (INCIDENCEDEFINITION_PK,INCIDENCECODE,DESCRIPTION,INCIDENCERESOLUTION,SEVERITY,INCIDENCEORIGIN,CANCLIENTSETPREFERENCE,OPSSEVERITYPREFERENCE,CLIENTSEVERITYPREFERENCE,REPAIRANDMANUALINPUT,PROCESSSTATUS,INCIDENCETYPE,WORKFLOWCODE,PROCESSNAME,PARTYSERVICEASSOCIATIONCODE,STATUS,EFFECTIVEFROMDATE,EFFECTIVETILLDATE) VALUES(SYS_GUID(),'ATTCHSTSPROCESSED','Status changed to processed','attached message Status change','High','User',NULL,NULL,NULL,NULL,'PROCESSED','ISSUE','ATTCHMSG_TXN',NULL,NULL,'ACTIVE',TO_DATE('2017-04-25', 'YYYY-MM-DD'),NULL);
INSERT INTO INCIDENCEDEFINITION (INCIDENCEDEFINITION_PK,INCIDENCECODE,DESCRIPTION,INCIDENCERESOLUTION,SEVERITY,INCIDENCEORIGIN,CANCLIENTSETPREFERENCE,OPSSEVERITYPREFERENCE,CLIENTSEVERITYPREFERENCE,REPAIRANDMANUALINPUT,PROCESSSTATUS,INCIDENCETYPE,WORKFLOWCODE,PROCESSNAME,PARTYSERVICEASSOCIATIONCODE,STATUS,EFFECTIVEFROMDATE,EFFECTIVETILLDATE) VALUES(SYS_GUID(),'ATTCHSTSCOMPLETED','Status changed to completed','attached message Status change','High','User',NULL,NULL,NULL,NULL,'COMPLETED','ISSUE','ATTCHMSG_TXN',NULL,NULL,'ACTIVE',TO_DATE('2017-04-25', 'YYYY-MM-DD'),NULL);
INSERT INTO INCIDENCEDEFINITION (INCIDENCEDEFINITION_PK,INCIDENCECODE,DESCRIPTION,INCIDENCERESOLUTION,SEVERITY,INCIDENCEORIGIN,CANCLIENTSETPREFERENCE,OPSSEVERITYPREFERENCE,CLIENTSEVERITYPREFERENCE,REPAIRANDMANUALINPUT,PROCESSSTATUS,INCIDENCETYPE,WORKFLOWCODE,PROCESSNAME,PARTYSERVICEASSOCIATIONCODE,STATUS,EFFECTIVEFROMDATE,EFFECTIVETILLDATE) VALUES(SYS_GUID(),'WAITINGFORRROFCONF','Status changed to waiting for RROFconf','attached message Status change','High','User',NULL,NULL,NULL,NULL,'WAITING_FOR_RROFCONFIRMATION','ISSUE','ATTCHMSG_TXN',NULL,NULL,'ACTIVE',TO_DATE('2017-04-25', 'YYYY-MM-DD'),NULL);

DELETE FROM TASKSMASTER WHERE TASKCODE = 'CreditorAcctIdentifyAndValidate-RFP';
INSERT INTO TASKSMASTER (TASKSMASTER_PK, TASKCODE, TASKNAME, TECHNICALFLOWNAME, TASKDESCRIPTION, WORKFLOWCODE) VALUES((SELECT max(CAST(TASKSMASTER_PK AS INTEGER)) + 1 AS TASKSMASTER_PK FROM TASKSMASTER), 'CreditorAcctIdentifyAndValidate-RFP', 'LocalPartyValidation', 'LocalPartyValidation', NULL, 'RFP_TXN');
DELETE FROM TASKSMASTER WHERE TASKCODE = 'ProductSelection-RFP';
INSERT INTO TASKSMASTER (TASKSMASTER_PK, TASKCODE, TASKNAME, TECHNICALFLOWNAME, TASKDESCRIPTION, WORKFLOWCODE) VALUES((SELECT max(CAST(TASKSMASTER_PK AS INTEGER)) + 1 AS TASKSMASTER_PK FROM TASKSMASTER), 'ProductSelection-RFP', 'ProductSelection', 'ProductSelection', NULL, 'RFP_TXN');
DELETE FROM TASKSMASTER WHERE TASKCODE = 'MOPDerivation-RFP';
INSERT INTO TASKSMASTER (TASKSMASTER_PK, TASKCODE, TASKNAME, TECHNICALFLOWNAME, TASKDESCRIPTION, WORKFLOWCODE) VALUES((SELECT max(CAST(TASKSMASTER_PK AS INTEGER)) + 1 AS TASKSMASTER_PK FROM TASKSMASTER), 'MOPDerivation-RFP', 'MOPDerivation', 'MOPDerivation', NULL, 'RFP_TXN');
DELETE FROM TASKSMASTER WHERE TASKCODE = 'TransformAndTransmit-RFP';
INSERT INTO TASKSMASTER (TASKSMASTER_PK, TASKCODE, TASKNAME, TECHNICALFLOWNAME, TASKDESCRIPTION, WORKFLOWCODE) VALUES((SELECT max(CAST(TASKSMASTER_PK AS INTEGER)) + 1 AS TASKSMASTER_PK FROM TASKSMASTER), 'TransformAndTransmit-RFP', 'TransformAndTransmit', 'TransformAndTransmit', NULL, 'RFP_TXN');
DELETE FROM TASKSMASTER WHERE TASKCODE = 'CreditPartyDerivation-RFP';
INSERT INTO TASKSMASTER (TASKSMASTER_PK, TASKCODE, TASKNAME, TECHNICALFLOWNAME, TASKDESCRIPTION, WORKFLOWCODE) VALUES((SELECT max(CAST(TASKSMASTER_PK AS INTEGER)) + 1 AS TASKSMASTER_PK FROM TASKSMASTER), 'CreditPartyDerivation-RFP', 'CreditPartyDerivation-RFP', 'CreditPartyDerivation', NULL, 'RFP_TXN');

DELETE FROM INCIDENCEMASTER WHERE INCIDENCECODE IN ('DPD011');
INSERT INTO INCIDENCEMASTER (INCIDENCECODE,WORKFLOWCODE,ALLOWEDPROCESSSTATUS,ALLOWEDPARAMETER,ALLOWSTP) VALUES('DPD011','PAYMENT','REPAIR','msg',0);

DELETE FROM RESOURCEAPPROVALPERMISSION WHERE RESOURCEID = '003' AND "OPERATION" = 'PaymentConfirmation';
DELETE FROM RESOURCEAPPROVALPERMISSION WHERE RESOURCEID = '003' AND "OPERATION" = 'Override';

INSERT INTO RESOURCEAPPROVALPERMISSION(RESOURCEAPPROVALPERMISSION_PK, RESOURCEID, "OPERATION", APPROVALCOUNT, CONDITIONID) VALUES(SYS_GUID(), '003', 'PaymentConfirmation', 1, NULL);
INSERT INTO RESOURCEAPPROVALPERMISSION(RESOURCEAPPROVALPERMISSION_PK, RESOURCEID, "OPERATION", APPROVALCOUNT, CONDITIONID) VALUES(SYS_GUID(), '003', 'Override', 1, NULL);

UPDATE RESOURCEAPPROVALPERMISSION SET APPROVALCOUNT = 2 WHERE APPROVALCOUNT = 1;

DELETE FROM INCIDENCEMASTER WHERE INCIDENCECODE IN ('TRSATTMSG010');
INSERT INTO INCIDENCEMASTER(INCIDENCECODE, WORKFLOWCODE, ALLOWEDPROCESSSTATUS, ALLOWEDPARAMETER, ALLOWSTP) VALUES('TRSATTMSG010', 'PAYMENT', 'REPAIR', 'attchMsgID', 0);

DELETE FROM INCIDENCEDEFINITION WHERE INCIDENCECODE IN ('TRSATTMSG010');
INSERT INTO INCIDENCEDEFINITION(INCIDENCECODE, DESCRIPTION, INCIDENCERESOLUTION, SEVERITY, INCIDENCEORIGIN, CANCLIENTSETPREFERENCE, OPSSEVERITYPREFERENCE, CLIENTSEVERITYPREFERENCE, REPAIRANDMANUALINPUT, PROCESSSTATUS, INCIDENCETYPE, WORKFLOWCODE, INCIDENCEDEFINITION_PK, PROCESSNAME, PARTYSERVICEASSOCIATIONCODE, STATUS, EFFECTIVEFROMDATE, EFFECTIVETILLDATE) VALUES('TRSATTMSG010', 'Unable to find attach message original instruction ID', 'Error', 'High', 'User', NULL, NULL, NULL, NULL, 'REPAIR', 'ISSUE', 'PAYMENT', SYS_GUID(), NULL, NULL, 'ACTIVE', TO_DATE('2017-04-25', 'YYYY-MM-DD'), NULL);

DELETE FROM INCIDENCEDEFINITION WHERE INCIDENCECODE IN ('DPD011');
INSERT INTO INCIDENCEDEFINITION (INCIDENCEDEFINITION_PK,INCIDENCECODE,DESCRIPTION,INCIDENCERESOLUTION,SEVERITY,INCIDENCEORIGIN,CANCLIENTSETPREFERENCE,OPSSEVERITYPREFERENCE,CLIENTSEVERITYPREFERENCE,REPAIRANDMANUALINPUT,PROCESSSTATUS,INCIDENCETYPE,WORKFLOWCODE,PROCESSNAME,PARTYSERVICEASSOCIATIONCODE,STATUS,EFFECTIVEFROMDATE,EFFECTIVETILLDATE) VALUES(SYS_GUID(),'DPD011','${msg}','Error','High','User',NULL,NULL,NULL,NULL,'REPAIR','ISSUE','PAYMENT',NULL,NULL,'ACTIVE',TO_DATE('2017-04-25', 'YYYY-MM-DD'),NULL);

UPDATE SERVICECONFIG SET MESSAGEFUNCTION = 'Request for Information' WHERE MSGFORMAT = 'ManualRFI';
UPDATE SERVICECONFIG SET MESSAGEFUNCTION = 'Response to Request for Information' WHERE MSGFORMAT = 'ManualRRFI';
UPDATE SERVICECONFIG SET MESSAGEFUNCTION = 'Return of Funds' WHERE MSGFORMAT = 'ManualROF';
UPDATE SERVICECONFIG SET MESSAGEFUNCTION = 'Response to Return of Funds' WHERE MSGFORMAT = 'ManualRROF';
UPDATE SERVICECONFIG SET MESSAGEFUNCTION = 'Response to Request for Payment' WHERE MSGFORMAT = 'ManualRRFP';

DELETE FROM RESTRESOURCES WHERE "PATH" = '/v2/users/audit/readall' AND METHOD = 'POST';
INSERT INTO RESTRESOURCES(RESTRESOURCES_PK, "METHOD", APPLICATION, "PATH", RESOURCEID, OPERATION, DESCRIPTION) VALUES((SELECT max(CAST(RESTRESOURCES_PK AS INTEGER)) + 1 AS RESTRESOURCES_PK FROM RESTRESOURCES), 'POST', 'VolPayHub', '/v2/users/audit/readall', '001', 'R', 'Api for getting user log audit');

DELETE FROM RESTRESOURCES WHERE "PATH" = '/v2/users/{status}/count' AND METHOD = 'GET';
INSERT INTO RESTRESOURCES(RESTRESOURCES_PK, "METHOD", APPLICATION, "PATH", RESOURCEID, OPERATION, DESCRIPTION) VALUES((SELECT max(CAST(RESTRESOURCES_PK AS INTEGER)) + 1 AS RESTRESOURCES_PK FROM RESTRESOURCES), 'GET', 'VolPayHub', '/v2/users/{status}/count', '001', 'R', 'API for GettingUser Entity Count');

DELETE FROM RESTRESOURCES WHERE "PATH" = '/v2/users/suspend' AND METHOD = 'POST';
INSERT INTO RESTRESOURCES(RESTRESOURCES_PK, "METHOD", APPLICATION, "PATH", RESOURCEID, OPERATION, DESCRIPTION) VALUES((SELECT max(CAST(RESTRESOURCES_PK AS INTEGER)) + 1 AS RESTRESOURCES_PK FROM RESTRESOURCES), 'POST', 'VolPayHub', '/v2/users/suspend', '001', 'R', 'API for suspending User');

DELETE FROM RESTRESOURCES WHERE "PATH" = '/v2/users/activate' AND METHOD = 'POST';
INSERT INTO RESTRESOURCES(RESTRESOURCES_PK, "METHOD", APPLICATION, "PATH", RESOURCEID, OPERATION, DESCRIPTION) VALUES((SELECT max(CAST(RESTRESOURCES_PK AS INTEGER)) + 1 AS RESTRESOURCES_PK FROM RESTRESOURCES), 'POST', 'VolPayHub', '/v2/users/activate', '001', 'R', 'API for activating User');

DELETE FROM STATUSACTION WHERE ACTION = 'Override' AND PROCESSSTATUS = 'TECHNICALFAILURE_OFAC' AND WORKFLOWCODE = 'PAYMENT';
INSERT INTO STATUSACTION("ACTION", STATUSACTION_PK, WORKFLOWCODE, PROCESSSTATUS, STATUS, EFFECTIVEFROMDATE, EFFECTIVETILLDATE, PROCESSNAME) VALUES('Override', SYS_GUID(), 'PAYMENT', 'TECHNICALFAILURE_OFAC', 'ACTIVE', TO_DATE('2017-01-01', 'YYYY-MM-DD'), NULL, NULL);

DELETE FROM STATUSACTION WHERE ACTION = 'Override' AND PROCESSSTATUS = 'TECHNICALFAILURE_FUNDSCONTROL' AND WORKFLOWCODE = 'PAYMENT';
INSERT INTO STATUSACTION("ACTION", STATUSACTION_PK, WORKFLOWCODE, PROCESSSTATUS, STATUS, EFFECTIVEFROMDATE, EFFECTIVETILLDATE, PROCESSNAME) VALUES('Override', SYS_GUID(), 'PAYMENT', 'TECHNICALFAILURE_FUNDSCONTROL', 'ACTIVE', TO_DATE('2017-01-01', 'YYYY-MM-DD'), NULL, NULL);

DELETE FROM STATUSACTION WHERE ACTION = 'Override' AND PROCESSSTATUS = 'TECHNICALFAILURE_LIQUIDITYCONTROL' AND WORKFLOWCODE = 'PAYMENT';
INSERT INTO STATUSACTION("ACTION", STATUSACTION_PK, WORKFLOWCODE, PROCESSSTATUS, STATUS, EFFECTIVEFROMDATE, EFFECTIVETILLDATE, PROCESSNAME) VALUES('Override', SYS_GUID(), 'PAYMENT', 'TECHNICALFAILURE_LIQUIDITYCONTROL', 'ACTIVE', TO_DATE('2017-01-01', 'YYYY-MM-DD'), NULL, NULL);

COMMIT;